/*
 Navicat Premium Dump SQL

 Source Server         : local
 Source Server Type    : MySQL
 Source Server Version : 80041 (8.0.41-0ubuntu0.24.04.1)
 Source Host           : 192.168.80.128:3306
 Source Schema         : system2

 Target Server Type    : MySQL
 Target Server Version : 80041 (8.0.41-0ubuntu0.24.04.1)
 File Encoding         : 65001

 Date: 19/02/2025 21:25:21
*/

SET NAMES utf8mb4;
SET FOREIGN_KEY_CHECKS = 0;

-- ----------------------------
-- Table structure for ACT_APP_APPDEF
-- ----------------------------
DROP TABLE IF EXISTS `ACT_APP_APPDEF`;
CREATE TABLE `ACT_APP_APPDEF`  (
  `ID_` varchar(255) CHARACTER SET utf8mb4 COLLATE utf8mb4_0900_ai_ci NOT NULL,
  `REV_` int NOT NULL,
  `NAME_` varchar(255) CHARACTER SET utf8mb4 COLLATE utf8mb4_0900_ai_ci NULL DEFAULT NULL,
  `KEY_` varchar(255) CHARACTER SET utf8mb4 COLLATE utf8mb4_0900_ai_ci NOT NULL,
  `VERSION_` int NOT NULL,
  `CATEGORY_` varchar(255) CHARACTER SET utf8mb4 COLLATE utf8mb4_0900_ai_ci NULL DEFAULT NULL,
  `DEPLOYMENT_ID_` varchar(255) CHARACTER SET utf8mb4 COLLATE utf8mb4_0900_ai_ci NULL DEFAULT NULL,
  `RESOURCE_NAME_` varchar(4000) CHARACTER SET utf8mb4 COLLATE utf8mb4_0900_ai_ci NULL DEFAULT NULL,
  `DESCRIPTION_` varchar(4000) CHARACTER SET utf8mb4 COLLATE utf8mb4_0900_ai_ci NULL DEFAULT NULL,
  `TENANT_ID_` varchar(255) CHARACTER SET utf8mb4 COLLATE utf8mb4_0900_ai_ci NULL DEFAULT '',
  PRIMARY KEY (`ID_`) USING BTREE,
  UNIQUE INDEX `ACT_IDX_APP_DEF_UNIQ`(`KEY_` ASC, `VERSION_` ASC, `TENANT_ID_` ASC) USING BTREE,
  INDEX `ACT_IDX_APP_DEF_DPLY`(`DEPLOYMENT_ID_` ASC) USING BTREE,
  CONSTRAINT `ACT_FK_APP_DEF_DPLY` FOREIGN KEY (`DEPLOYMENT_ID_`) REFERENCES `ACT_APP_DEPLOYMENT` (`ID_`) ON DELETE RESTRICT ON UPDATE RESTRICT
) ENGINE = InnoDB CHARACTER SET = utf8mb4 COLLATE = utf8mb4_0900_ai_ci ROW_FORMAT = Dynamic;

-- ----------------------------
-- Records of ACT_APP_APPDEF
-- ----------------------------

-- ----------------------------
-- Table structure for ACT_APP_DATABASECHANGELOG
-- ----------------------------
DROP TABLE IF EXISTS `ACT_APP_DATABASECHANGELOG`;
CREATE TABLE `ACT_APP_DATABASECHANGELOG`  (
  `ID` varchar(255) CHARACTER SET utf8mb4 COLLATE utf8mb4_0900_ai_ci NOT NULL,
  `AUTHOR` varchar(255) CHARACTER SET utf8mb4 COLLATE utf8mb4_0900_ai_ci NOT NULL,
  `FILENAME` varchar(255) CHARACTER SET utf8mb4 COLLATE utf8mb4_0900_ai_ci NOT NULL,
  `DATEEXECUTED` datetime NOT NULL,
  `ORDEREXECUTED` int NOT NULL,
  `EXECTYPE` varchar(10) CHARACTER SET utf8mb4 COLLATE utf8mb4_0900_ai_ci NOT NULL,
  `MD5SUM` varchar(35) CHARACTER SET utf8mb4 COLLATE utf8mb4_0900_ai_ci NULL DEFAULT NULL,
  `DESCRIPTION` varchar(255) CHARACTER SET utf8mb4 COLLATE utf8mb4_0900_ai_ci NULL DEFAULT NULL,
  `COMMENTS` varchar(255) CHARACTER SET utf8mb4 COLLATE utf8mb4_0900_ai_ci NULL DEFAULT NULL,
  `TAG` varchar(255) CHARACTER SET utf8mb4 COLLATE utf8mb4_0900_ai_ci NULL DEFAULT NULL,
  `LIQUIBASE` varchar(20) CHARACTER SET utf8mb4 COLLATE utf8mb4_0900_ai_ci NULL DEFAULT NULL,
  `CONTEXTS` varchar(255) CHARACTER SET utf8mb4 COLLATE utf8mb4_0900_ai_ci NULL DEFAULT NULL,
  `LABELS` varchar(255) CHARACTER SET utf8mb4 COLLATE utf8mb4_0900_ai_ci NULL DEFAULT NULL,
  `DEPLOYMENT_ID` varchar(10) CHARACTER SET utf8mb4 COLLATE utf8mb4_0900_ai_ci NULL DEFAULT NULL
) ENGINE = InnoDB CHARACTER SET = utf8mb4 COLLATE = utf8mb4_0900_ai_ci ROW_FORMAT = Dynamic;

-- ----------------------------
-- Records of ACT_APP_DATABASECHANGELOG
-- ----------------------------
INSERT INTO `ACT_APP_DATABASECHANGELOG` VALUES ('1', 'flowable', 'org/flowable/app/db/liquibase/flowable-app-db-changelog.xml', '2025-02-08 20:26:55', 1, 'EXECUTED', '8:496fc778bdf2ab13f2e1926d0e63e0a2', 'createTable tableName=ACT_APP_DEPLOYMENT; createTable tableName=ACT_APP_DEPLOYMENT_RESOURCE; addForeignKeyConstraint baseTableName=ACT_APP_DEPLOYMENT_RESOURCE, constraintName=ACT_FK_APP_RSRC_DPL, referencedTableName=ACT_APP_DEPLOYMENT; createIndex...', '', NULL, '4.20.0', NULL, NULL, '9017617028');
INSERT INTO `ACT_APP_DATABASECHANGELOG` VALUES ('2', 'flowable', 'org/flowable/app/db/liquibase/flowable-app-db-changelog.xml', '2025-02-08 20:26:55', 2, 'EXECUTED', '8:ccea9ebfb6c1f8367ca4dd473fcbb7db', 'modifyDataType columnName=DEPLOY_TIME_, tableName=ACT_APP_DEPLOYMENT', '', NULL, '4.20.0', NULL, NULL, '9017617028');
INSERT INTO `ACT_APP_DATABASECHANGELOG` VALUES ('3', 'flowable', 'org/flowable/app/db/liquibase/flowable-app-db-changelog.xml', '2025-02-08 20:26:55', 3, 'EXECUTED', '8:f1f8aff320aade831944ebad24355f3d', 'createIndex indexName=ACT_IDX_APP_DEF_UNIQ, tableName=ACT_APP_APPDEF', '', NULL, '4.20.0', NULL, NULL, '9017617028');

-- ----------------------------
-- Table structure for ACT_APP_DATABASECHANGELOGLOCK
-- ----------------------------
DROP TABLE IF EXISTS `ACT_APP_DATABASECHANGELOGLOCK`;
CREATE TABLE `ACT_APP_DATABASECHANGELOGLOCK`  (
  `ID` int NOT NULL,
  `LOCKED` bit(1) NOT NULL,
  `LOCKGRANTED` datetime NULL DEFAULT NULL,
  `LOCKEDBY` varchar(255) CHARACTER SET utf8mb4 COLLATE utf8mb4_0900_ai_ci NULL DEFAULT NULL,
  PRIMARY KEY (`ID`) USING BTREE
) ENGINE = InnoDB CHARACTER SET = utf8mb4 COLLATE = utf8mb4_0900_ai_ci ROW_FORMAT = Dynamic;

-- ----------------------------
-- Records of ACT_APP_DATABASECHANGELOGLOCK
-- ----------------------------
INSERT INTO `ACT_APP_DATABASECHANGELOGLOCK` VALUES (1, b'0', NULL, NULL);

-- ----------------------------
-- Table structure for ACT_APP_DEPLOYMENT
-- ----------------------------
DROP TABLE IF EXISTS `ACT_APP_DEPLOYMENT`;
CREATE TABLE `ACT_APP_DEPLOYMENT`  (
  `ID_` varchar(255) CHARACTER SET utf8mb4 COLLATE utf8mb4_0900_ai_ci NOT NULL,
  `NAME_` varchar(255) CHARACTER SET utf8mb4 COLLATE utf8mb4_0900_ai_ci NULL DEFAULT NULL,
  `CATEGORY_` varchar(255) CHARACTER SET utf8mb4 COLLATE utf8mb4_0900_ai_ci NULL DEFAULT NULL,
  `KEY_` varchar(255) CHARACTER SET utf8mb4 COLLATE utf8mb4_0900_ai_ci NULL DEFAULT NULL,
  `DEPLOY_TIME_` datetime(3) NULL DEFAULT NULL,
  `TENANT_ID_` varchar(255) CHARACTER SET utf8mb4 COLLATE utf8mb4_0900_ai_ci NULL DEFAULT '',
  PRIMARY KEY (`ID_`) USING BTREE
) ENGINE = InnoDB CHARACTER SET = utf8mb4 COLLATE = utf8mb4_0900_ai_ci ROW_FORMAT = Dynamic;

-- ----------------------------
-- Records of ACT_APP_DEPLOYMENT
-- ----------------------------

-- ----------------------------
-- Table structure for ACT_APP_DEPLOYMENT_RESOURCE
-- ----------------------------
DROP TABLE IF EXISTS `ACT_APP_DEPLOYMENT_RESOURCE`;
CREATE TABLE `ACT_APP_DEPLOYMENT_RESOURCE`  (
  `ID_` varchar(255) CHARACTER SET utf8mb4 COLLATE utf8mb4_0900_ai_ci NOT NULL,
  `NAME_` varchar(255) CHARACTER SET utf8mb4 COLLATE utf8mb4_0900_ai_ci NULL DEFAULT NULL,
  `DEPLOYMENT_ID_` varchar(255) CHARACTER SET utf8mb4 COLLATE utf8mb4_0900_ai_ci NULL DEFAULT NULL,
  `RESOURCE_BYTES_` longblob NULL,
  PRIMARY KEY (`ID_`) USING BTREE,
  INDEX `ACT_IDX_APP_RSRC_DPL`(`DEPLOYMENT_ID_` ASC) USING BTREE,
  CONSTRAINT `ACT_FK_APP_RSRC_DPL` FOREIGN KEY (`DEPLOYMENT_ID_`) REFERENCES `ACT_APP_DEPLOYMENT` (`ID_`) ON DELETE RESTRICT ON UPDATE RESTRICT
) ENGINE = InnoDB CHARACTER SET = utf8mb4 COLLATE = utf8mb4_0900_ai_ci ROW_FORMAT = Dynamic;

-- ----------------------------
-- Records of ACT_APP_DEPLOYMENT_RESOURCE
-- ----------------------------

-- ----------------------------
-- Table structure for ACT_EVT_LOG
-- ----------------------------
DROP TABLE IF EXISTS `ACT_EVT_LOG`;
CREATE TABLE `ACT_EVT_LOG`  (
  `LOG_NR_` bigint NOT NULL AUTO_INCREMENT,
  `TYPE_` varchar(64) CHARACTER SET utf8mb3 COLLATE utf8mb3_bin NULL DEFAULT NULL,
  `PROC_DEF_ID_` varchar(64) CHARACTER SET utf8mb3 COLLATE utf8mb3_bin NULL DEFAULT NULL,
  `PROC_INST_ID_` varchar(64) CHARACTER SET utf8mb3 COLLATE utf8mb3_bin NULL DEFAULT NULL,
  `EXECUTION_ID_` varchar(64) CHARACTER SET utf8mb3 COLLATE utf8mb3_bin NULL DEFAULT NULL,
  `TASK_ID_` varchar(64) CHARACTER SET utf8mb3 COLLATE utf8mb3_bin NULL DEFAULT NULL,
  `TIME_STAMP_` timestamp(3) NOT NULL DEFAULT CURRENT_TIMESTAMP(3),
  `USER_ID_` varchar(255) CHARACTER SET utf8mb3 COLLATE utf8mb3_bin NULL DEFAULT NULL,
  `DATA_` longblob NULL,
  `LOCK_OWNER_` varchar(255) CHARACTER SET utf8mb3 COLLATE utf8mb3_bin NULL DEFAULT NULL,
  `LOCK_TIME_` timestamp(3) NULL DEFAULT NULL,
  `IS_PROCESSED_` tinyint NULL DEFAULT 0,
  PRIMARY KEY (`LOG_NR_`) USING BTREE
) ENGINE = InnoDB CHARACTER SET = utf8mb3 COLLATE = utf8mb3_bin ROW_FORMAT = Dynamic;

-- ----------------------------
-- Records of ACT_EVT_LOG
-- ----------------------------

-- ----------------------------
-- Table structure for ACT_GE_BYTEARRAY
-- ----------------------------
DROP TABLE IF EXISTS `ACT_GE_BYTEARRAY`;
CREATE TABLE `ACT_GE_BYTEARRAY`  (
  `ID_` varchar(64) CHARACTER SET utf8mb3 COLLATE utf8mb3_bin NOT NULL,
  `REV_` int NULL DEFAULT NULL,
  `NAME_` varchar(255) CHARACTER SET utf8mb3 COLLATE utf8mb3_bin NULL DEFAULT NULL,
  `DEPLOYMENT_ID_` varchar(64) CHARACTER SET utf8mb3 COLLATE utf8mb3_bin NULL DEFAULT NULL,
  `BYTES_` longblob NULL,
  `GENERATED_` tinyint NULL DEFAULT NULL,
  PRIMARY KEY (`ID_`) USING BTREE,
  INDEX `ACT_FK_BYTEARR_DEPL`(`DEPLOYMENT_ID_` ASC) USING BTREE,
  CONSTRAINT `ACT_FK_BYTEARR_DEPL` FOREIGN KEY (`DEPLOYMENT_ID_`) REFERENCES `ACT_RE_DEPLOYMENT` (`ID_`) ON DELETE RESTRICT ON UPDATE RESTRICT
) ENGINE = InnoDB CHARACTER SET = utf8mb3 COLLATE = utf8mb3_bin ROW_FORMAT = Dynamic;

-- ----------------------------
-- Records of ACT_GE_BYTEARRAY
-- ----------------------------
INSERT INTO `ACT_GE_BYTEARRAY` VALUES ('03c04ece-e7bb-11ef-8aa3-cc28aa504d95', 1, 'D:\\Code\\system2\\target\\classes\\processes\\test.bpmn20.xml', '03c04ecd-e7bb-11ef-8aa3-cc28aa504d95', 0x3C3F786D6C2076657273696F6E3D22312E302220656E636F64696E673D225554462D38223F3E0D0A3C646566696E6974696F6E7320786D6C6E733D22687474703A2F2F7777772E6F6D672E6F72672F737065632F42504D4E2F32303130303532342F4D4F44454C2220786D6C6E733A7873693D22687474703A2F2F7777772E77332E6F72672F323030312F584D4C536368656D612D696E7374616E63652220786D6C6E733A7873643D22687474703A2F2F7777772E77332E6F72672F323030312F584D4C536368656D612220786D6C6E733A666C6F7761626C653D22687474703A2F2F666C6F7761626C652E6F72672F62706D6E2220786D6C6E733A62706D6E64693D22687474703A2F2F7777772E6F6D672E6F72672F737065632F42504D4E2F32303130303532342F44492220786D6C6E733A6F6D6764633D22687474703A2F2F7777772E6F6D672E6F72672F737065632F44442F32303130303532342F44432220786D6C6E733A6F6D6764693D22687474703A2F2F7777772E6F6D672E6F72672F737065632F44442F32303130303532342F44492220747970654C616E67756167653D22687474703A2F2F7777772E77332E6F72672F323030312F584D4C536368656D61222065787072657373696F6E4C616E67756167653D22687474703A2F2F7777772E77332E6F72672F313939392F585061746822207461726765744E616D6573706163653D22687474703A2F2F7777772E666C6F7761626C652E6F72672F70726F6365737364656622206578706F727465723D22466C6F7761626C65204F70656E20536F75726365204D6F64656C657222206578706F7274657256657273696F6E3D22362E372E32223E0D0A202020203C70726F636573732069643D22436F6D6D6F6E4578616D696E65416E64417070726F7665466C6F7722206E616D653D22E9809AE794A8E5AEA1E689B9E6B581E7A88B2220697345786563757461626C653D2274727565223E0D0A20202020202020203C73746172744576656E742069643D227374617274434541414622206E616D653D22E5BC80E5A78B2220666C6F7761626C653A666F726D4669656C6456616C69646174696F6E3D2266616C7365223E0D0A2020202020202020202020203C657874656E73696F6E456C656D656E74733E0D0A202020202020202020202020202020203C666C6F7761626C653A657865637574696F6E4C697374656E6572206576656E743D2273746172742220636C6173733D22636E2E677A73656E64692E666C6F7761626C652E6C697374656E65722E436F6D6D6F6E466C6F77457865634C697374656E6572223E3C2F666C6F7761626C653A657865637574696F6E4C697374656E65723E0D0A2020202020202020202020203C2F657874656E73696F6E456C656D656E74733E0D0A20202020202020203C2F73746172744576656E743E0D0A20202020202020203C757365725461736B2069643D226578616D416E64417070726F766522206E616D653D22E5AEA1E689B92220666C6F7761626C653A61737369676E65653D22247B61737369676E65657D2220666C6F7761626C653A666F726D4669656C6456616C69646174696F6E3D2274727565223E0D0A2020202020202020202020203C657874656E73696F6E456C656D656E74733E0D0A202020202020202020202020202020203C666C6F7761626C653A7461736B4C697374656E6572206576656E743D226372656174652220636C6173733D22636E2E677A73656E64692E666C6F7761626C652E6C697374656E65722E436F6D6D6F6E466C6F775461736B4C697374656E6572223E3C2F666C6F7761626C653A7461736B4C697374656E65723E0D0A202020202020202020202020202020203C666C6F7761626C653A7461736B4C697374656E6572206576656E743D22636F6D706C6574652220636C6173733D22636E2E677A73656E64692E666C6F7761626C652E6C697374656E65722E436F6D6D6F6E466C6F775461736B4C697374656E6572223E3C2F666C6F7761626C653A7461736B4C697374656E65723E0D0A202020202020202020202020202020203C6D6F64656C65723A696E69746961746F722D63616E2D636F6D706C65746520786D6C6E733A6D6F64656C65723D22687474703A2F2F666C6F7761626C652E6F72672F6D6F64656C6572223E3C215B43444154415B66616C73655D5D3E3C2F6D6F64656C65723A696E69746961746F722D63616E2D636F6D706C6574653E0D0A2020202020202020202020203C2F657874656E73696F6E456C656D656E74733E0D0A20202020202020203C2F757365725461736B3E0D0A20202020202020203C757365725461736B2069643D226D6F64696669636174696F6E22206E616D653D22E4BFAEE694B92220666C6F7761626C653A61737369676E65653D22247B6170706C6963616E747D2220666C6F7761626C653A666F726D4669656C6456616C69646174696F6E3D2274727565223E0D0A2020202020202020202020203C657874656E73696F6E456C656D656E74733E0D0A202020202020202020202020202020203C666C6F7761626C653A7461736B4C697374656E6572206576656E743D226372656174652220636C6173733D22636E2E677A73656E64692E666C6F7761626C652E6C697374656E65722E436F6D6D6F6E466C6F775461736B4C697374656E6572223E3C2F666C6F7761626C653A7461736B4C697374656E65723E0D0A202020202020202020202020202020203C666C6F7761626C653A7461736B4C697374656E6572206576656E743D22636F6D706C6574652220636C6173733D22636E2E677A73656E64692E666C6F7761626C652E6C697374656E65722E436F6D6D6F6E466C6F775461736B4C697374656E6572223E3C2F666C6F7761626C653A7461736B4C697374656E65723E0D0A202020202020202020202020202020203C6D6F64656C65723A696E69746961746F722D63616E2D636F6D706C65746520786D6C6E733A6D6F64656C65723D22687474703A2F2F666C6F7761626C652E6F72672F6D6F64656C6572223E3C215B43444154415B66616C73655D5D3E3C2F6D6F64656C65723A696E69746961746F722D63616E2D636F6D706C6574653E0D0A2020202020202020202020203C2F657874656E73696F6E456C656D656E74733E0D0A20202020202020203C2F757365725461736B3E0D0A20202020202020203C6578636C7573697665476174657761792069643D227369642D38303142343433442D314545362D344233442D413537342D363933393835364533314244223E3C2F6578636C7573697665476174657761793E0D0A20202020202020203C6578636C7573697665476174657761792069643D227369642D45344235393136332D423345332D343744322D393443322D443037394439304632363733223E3C2F6578636C7573697665476174657761793E0D0A20202020202020203C6578636C7573697665476174657761792069643D22636865636B417070726F7665526573756C74223E3C2F6578636C7573697665476174657761793E0D0A20202020202020203C656E644576656E742069643D22656E64434541414622206E616D653D22E7BB93E69D9F223E0D0A2020202020202020202020203C657874656E73696F6E456C656D656E74733E0D0A202020202020202020202020202020203C666C6F7761626C653A657865637574696F6E4C697374656E6572206576656E743D22656E642220636C6173733D22636E2E677A73656E64692E666C6F7761626C652E6C697374656E65722E436F6D6D6F6E466C6F77457865634C697374656E6572223E3C2F666C6F7761626C653A657865637574696F6E4C697374656E65723E0D0A2020202020202020202020203C2F657874656E73696F6E456C656D656E74733E0D0A20202020202020203C2F656E644576656E743E0D0A20202020202020203C656E644576656E742069643D2263616E63656C434541414622206E616D653D22E58F96E6B688223E0D0A2020202020202020202020203C657874656E73696F6E456C656D656E74733E0D0A202020202020202020202020202020203C666C6F7761626C653A657865637574696F6E4C697374656E6572206576656E743D22656E642220636C6173733D22636E2E677A73656E64692E666C6F7761626C652E6C697374656E65722E436F6D6D6F6E466C6F77457865634C697374656E6572223E3C2F666C6F7761626C653A657865637574696F6E4C697374656E65723E0D0A2020202020202020202020203C2F657874656E73696F6E456C656D656E74733E0D0A20202020202020203C2F656E644576656E743E0D0A20202020202020203C73657175656E6365466C6F772069643D227369642D43323142333632442D444335342D343530372D423943382D35313134353036383639333822206E616D653D22E68F90E4BAA4E794B3E8AFB72220736F757263655265663D227374617274434541414622207461726765745265663D226578616D416E64417070726F7665223E3C2F73657175656E6365466C6F773E0D0A20202020202020203C73657175656E6365466C6F772069643D227369642D39344345324136352D433732302D344236422D424345342D33363332363941414236413022206E616D653D22E4B88BE4B880E4B8AAE4BABAE7BBA7E7BBADE689B92220736F757263655265663D22636865636B417070726F7665526573756C7422207461726765745265663D226578616D416E64417070726F7665223E0D0A2020202020202020202020203C636F6E646974696F6E45787072657373696F6E207873693A747970653D2274466F726D616C45787072657373696F6E223E3C215B43444154415B247B726573756C743E307D5D5D3E3C2F636F6E646974696F6E45787072657373696F6E3E0D0A20202020202020203C2F73657175656E6365466C6F773E0D0A20202020202020203C73657175656E6365466C6F772069643D227369642D35344432373244422D454246382D343934342D393134422D36394437374333453839443122206E616D653D22E9809AE8BF872220736F757263655265663D22636865636B417070726F7665526573756C7422207461726765745265663D22656E644345414146223E0D0A2020202020202020202020203C636F6E646974696F6E45787072657373696F6E207873693A747970653D2274466F726D616C45787072657373696F6E223E3C215B43444154415B247B726573756C743D3D307D5D5D3E3C2F636F6E646974696F6E45787072657373696F6E3E0D0A20202020202020203C2F73657175656E6365466C6F773E0D0A20202020202020203C73657175656E6365466C6F772069643D227369642D33394441414238352D414637452D344437412D413446332D36363232363731394439414322206E616D653D22E4B88DE9809AE8BF872220736F757263655265663D22636865636B417070726F7665526573756C7422207461726765745265663D227369642D45344235393136332D423345332D343744322D393443322D443037394439304632363733223E0D0A2020202020202020202020203C636F6E646974696F6E45787072657373696F6E207873693A747970653D2274466F726D616C45787072657373696F6E223E3C215B43444154415B247B726573756C743C307D5D5D3E3C2F636F6E646974696F6E45787072657373696F6E3E0D0A20202020202020203C2F73657175656E6365466C6F773E0D0A20202020202020203C73657175656E6365466C6F772069643D227369642D39333143424133462D353330302D344331362D393842422D37334146313535384231463522206E616D653D22E68993E59B9EE4BFAEE694B92220736F757263655265663D227369642D45344235393136332D423345332D343744322D393443322D44303739443930463236373322207461726765745265663D226D6F64696669636174696F6E223E0D0A2020202020202020202020203C636F6E646974696F6E45787072657373696F6E207873693A747970653D2274466F726D616C45787072657373696F6E223E3C215B43444154415B247B726573756C74213D2D3939397D5D5D3E3C2F636F6E646974696F6E45787072657373696F6E3E0D0A20202020202020203C2F73657175656E6365466C6F773E0D0A20202020202020203C73657175656E6365466C6F772069643D227369642D41383243373842332D413741332D343334462D414243342D3145363234443641304632352220736F757263655265663D226D6F64696669636174696F6E22207461726765745265663D227369642D38303142343433442D314545362D344233442D413537342D363933393835364533314244223E3C2F73657175656E6365466C6F773E0D0A20202020202020203C73657175656E6365466C6F772069643D227369642D35353043433533442D433342342D343445382D393435362D37343136373635394641433022206E616D653D22E58F96E6B688E5AEA1E689B92220736F757263655265663D227369642D45344235393136332D423345332D343744322D393443322D44303739443930463236373322207461726765745265663D2263616E63656C4345414146223E0D0A2020202020202020202020203C636F6E646974696F6E45787072657373696F6E207873693A747970653D2274466F726D616C45787072657373696F6E223E3C215B43444154415B247B726573756C743D3D2D3939397D5D5D3E3C2F636F6E646974696F6E45787072657373696F6E3E0D0A20202020202020203C2F73657175656E6365466C6F773E0D0A20202020202020203C73657175656E6365466C6F772069643D227369642D31444236453946412D384542442D343933412D413441382D33393643314344363236414422206E616D653D22E4BB8EE5889DE5AEA1E5BC80E5A78BE9878DE689B92220736F757263655265663D227369642D38303142343433442D314545362D344233442D413537342D36393339383536453331424422207461726765745265663D226578616D416E64417070726F7665223E0D0A2020202020202020202020203C636F6E646974696F6E45787072657373696F6E207873693A747970653D2274466F726D616C45787072657373696F6E223E3C215B43444154415B247B726573756C74213D2D3939397D5D5D3E3C2F636F6E646974696F6E45787072657373696F6E3E0D0A20202020202020203C2F73657175656E6365466C6F773E0D0A20202020202020203C73657175656E6365466C6F772069643D227369642D33413642323237452D304238322D344534442D383534422D33394339453038313832384222206E616D653D224EE6ACA1E5BEAAE78EAF28E5A49AE4B8AAE5AEA1E689B9E4BABA2FE5A484E79086E4BABAE38081E5A49AE6ACA1E4BFAEE694B9E9878DE689B9292220736F757263655265663D226578616D416E64417070726F766522207461726765745265663D22636865636B417070726F7665526573756C74223E3C2F73657175656E6365466C6F773E0D0A20202020202020203C73657175656E6365466C6F772069643D227369642D30363943443532302D454139462D344644392D423230422D43314136413333353836314122206E616D653D22E58F96E6B688E5AEA1E689B92220736F757263655265663D227369642D38303142343433442D314545362D344233442D413537342D36393339383536453331424422207461726765745265663D2263616E63656C4345414146223E0D0A2020202020202020202020203C636F6E646974696F6E45787072657373696F6E207873693A747970653D2274466F726D616C45787072657373696F6E223E3C215B43444154415B247B726573756C743D3D2D3939397D5D5D3E3C2F636F6E646974696F6E45787072657373696F6E3E0D0A20202020202020203C2F73657175656E6365466C6F773E0D0A20202020202020203C74657874416E6E6F746174696F6E2069643D227369642D39434136374432342D423443452D344536452D393539372D453235334246394245413433223E0D0A2020202020202020202020203C746578743EE58FAAE8A681E5AEA1E689B9E6B2A1E69C89E9809AE8BF87EFBC8CE4B88DE7AEA1E5BD93E5898DE6B581E7A88BE8BF9BE8A18CE588B0E593AAE4B8AAE4BBBBE58AA1E88A82E782B9EFBC8CE794B3E8AFB7E4BABAE983BDE58FAFE4BBA5E58F96E6B688E5AEA1E689B928E692A4E58D95293C2F746578743E0D0A20202020202020203C2F74657874416E6E6F746174696F6E3E0D0A20202020202020203C6173736F63696174696F6E2069643D227369642D35384330464337302D413143462D343333442D424136382D3733374333394534373030372220736F757263655265663D227369642D45344235393136332D423345332D343744322D393443322D44303739443930463236373322207461726765745265663D227369642D39434136374432342D423443452D344536452D393539372D45323533424639424541343322206173736F63696174696F6E446972656374696F6E3D224E6F6E65223E3C2F6173736F63696174696F6E3E0D0A202020203C2F70726F636573733E0D0A202020203C62706D6E64693A42504D4E4469616772616D2069643D2242504D4E4469616772616D5F436F6D6D6F6E4578616D696E65416E64417070726F7665466C6F77223E0D0A20202020202020203C62706D6E64693A42504D4E506C616E652062706D6E456C656D656E743D22436F6D6D6F6E4578616D696E65416E64417070726F7665466C6F77222069643D2242504D4E506C616E655F436F6D6D6F6E4578616D696E65416E64417070726F7665466C6F77223E0D0A2020202020202020202020203C62706D6E64693A42504D4E53686170652062706D6E456C656D656E743D2273746172744345414146222069643D2242504D4E53686170655F73746172744345414146223E0D0A202020202020202020202020202020203C6F6D6764633A426F756E6473206865696768743D2233302E30222077696474683D2232392E3939393939393939393939393938362220783D223131392E30303030303030303030303030312220793D223138302E3030303030303030303030303236223E3C2F6F6D6764633A426F756E64733E0D0A2020202020202020202020203C2F62706D6E64693A42504D4E53686170653E0D0A2020202020202020202020203C62706D6E64693A42504D4E53686170652062706D6E456C656D656E743D226578616D416E64417070726F7665222069643D2242504D4E53686170655F6578616D416E64417070726F7665223E0D0A202020202020202020202020202020203C6F6D6764633A426F756E6473206865696768743D2237372E30222077696474683D223131302E39393939393939393939393939372220783D223234302E30303030303030303030303030332220793D223135362E3530303030303030303030303233223E3C2F6F6D6764633A426F756E64733E0D0A2020202020202020202020203C2F62706D6E64693A42504D4E53686170653E0D0A2020202020202020202020203C62706D6E64693A42504D4E53686170652062706D6E456C656D656E743D226D6F64696669636174696F6E222069643D2242504D4E53686170655F6D6F64696669636174696F6E223E0D0A202020202020202020202020202020203C6F6D6764633A426F756E6473206865696768743D2238302E30222077696474683D223130362E39393939393939393939393939342220783D223430352E30303030303030303030303030362220793D223332362E3131313131313430353435353633223E3C2F6F6D6764633A426F756E64733E0D0A2020202020202020202020203C2F62706D6E64693A42504D4E53686170653E0D0A2020202020202020202020203C62706D6E64693A42504D4E53686170652062706D6E456C656D656E743D227369642D38303142343433442D314545362D344233442D413537342D363933393835364533314244222069643D2242504D4E53686170655F7369642D38303142343433442D314545362D344233442D413537342D363933393835364533314244223E0D0A202020202020202020202020202020203C6F6D6764633A426F756E6473206865696768743D2234302E30222077696474683D2234302E302220783D223237352E35303030303030303030303030362220793D223334362E3131313131313430353435353633223E3C2F6F6D6764633A426F756E64733E0D0A2020202020202020202020203C2F62706D6E64693A42504D4E53686170653E0D0A2020202020202020202020203C62706D6E64693A42504D4E53686170652062706D6E456C656D656E743D227369642D45344235393136332D423345332D343744322D393443322D443037394439304632363733222069643D2242504D4E53686170655F7369642D45344235393136332D423345332D343744322D393443322D443037394439304632363733223E0D0A202020202020202020202020202020203C6F6D6764633A426F756E6473206865696768743D2234302E30222077696474683D2234302E302220783D223634352E303030303030303030303030322220793D223334362E3131313131313430353435353633223E3C2F6F6D6764633A426F756E64733E0D0A2020202020202020202020203C2F62706D6E64693A42504D4E53686170653E0D0A2020202020202020202020203C62706D6E64693A42504D4E53686170652062706D6E456C656D656E743D22636865636B417070726F7665526573756C74222069643D2242504D4E53686170655F636865636B417070726F7665526573756C74223E0D0A202020202020202020202020202020203C6F6D6764633A426F756E6473206865696768743D2234302E30222077696474683D2234302E302220783D223634352E303030303030303030303030312220793D223137352E3030303030303030303030303337223E3C2F6F6D6764633A426F756E64733E0D0A2020202020202020202020203C2F62706D6E64693A42504D4E53686170653E0D0A2020202020202020202020203C62706D6E64693A42504D4E53686170652062706D6E456C656D656E743D22656E644345414146222069643D2242504D4E53686170655F656E644345414146223E0D0A202020202020202020202020202020203C6F6D6764633A426F756E6473206865696768743D2232382E30222077696474683D2232382E302220783D223834302E303030303030303030303030322220793D223138312E3030303030303030303030303433223E3C2F6F6D6764633A426F756E64733E0D0A2020202020202020202020203C2F62706D6E64693A42504D4E53686170653E0D0A2020202020202020202020203C62706D6E64693A42504D4E53686170652062706D6E456C656D656E743D2263616E63656C4345414146222069643D2242504D4E53686170655F63616E63656C4345414146223E0D0A202020202020202020202020202020203C6F6D6764633A426F756E6473206865696768743D2232382E30222077696474683D2232372E3939393939393939393939393938362220783D223132302E30303030303030303030303030312220793D223335322E31313131313134303534353537223E3C2F6F6D6764633A426F756E64733E0D0A2020202020202020202020203C2F62706D6E64693A42504D4E53686170653E0D0A2020202020202020202020203C62706D6E64693A42504D4E53686170652062706D6E456C656D656E743D227369642D39434136374432342D423443452D344536452D393539372D453235334246394245413433222069643D2242504D4E53686170655F7369642D39434136374432342D423443452D344536452D393539372D453235334246394245413433223E0D0A202020202020202020202020202020203C6F6D6764633A426F756E6473206865696768743D2236322E30222077696474683D223134322E302220783D223738302E303030303030303030303030312220793D223333352E31313131313134303534353537223E3C2F6F6D6764633A426F756E64733E0D0A2020202020202020202020203C2F62706D6E64693A42504D4E53686170653E0D0A2020202020202020202020203C62706D6E64693A42504D4E456467652062706D6E456C656D656E743D227369642D39333143424133462D353330302D344331362D393842422D373341463135353842314635222069643D2242504D4E456467655F7369642D39333143424133462D353330302D344331362D393842422D3733414631353538423146352220666C6F7761626C653A736F75726365446F636B6572583D2232302E302220666C6F7761626C653A736F75726365446F636B6572593D2232302E302220666C6F7761626C653A746172676574446F636B6572583D2235332E34393939393939393939393939372220666C6F7761626C653A746172676574446F636B6572593D2234302E30223E0D0A202020202020202020202020202020203C6F6D6764693A776179706F696E7420783D223634352E303030303030303030303030322220793D223336362E3131313131313430353435353633223E3C2F6F6D6764693A776179706F696E743E0D0A202020202020202020202020202020203C6F6D6764693A776179706F696E7420783D223531312E39353030303030303030303030352220793D223336362E3131313131313430353435353633223E3C2F6F6D6764693A776179706F696E743E0D0A2020202020202020202020203C2F62706D6E64693A42504D4E456467653E0D0A2020202020202020202020203C62706D6E64693A42504D4E456467652062706D6E456C656D656E743D227369642D35353043433533442D433342342D343445382D393435362D373431363736353946414330222069643D2242504D4E456467655F7369642D35353043433533442D433342342D343445382D393435362D3734313637363539464143302220666C6F7761626C653A736F75726365446F636B6572583D2232302E302220666C6F7761626C653A736F75726365446F636B6572593D2232302E302220666C6F7761626C653A746172676574446F636B6572583D2231332E3939393939393939393939393939332220666C6F7761626C653A746172676574446F636B6572593D2231342E30223E0D0A202020202020202020202020202020203C6F6D6764693A776179706F696E7420783D223636352E303030303030303030303030322220793D223338362E30353032363737303434393038223E3C2F6F6D6764693A776179706F696E743E0D0A202020202020202020202020202020203C6F6D6764693A776179706F696E7420783D223636352E303030303030303030303030322220793D223435382E30223E3C2F6F6D6764693A776179706F696E743E0D0A202020202020202020202020202020203C6F6D6764693A776179706F696E7420783D223333392E302220793D223435382E30223E3C2F6F6D6764693A776179706F696E743E0D0A202020202020202020202020202020203C6F6D6764693A776179706F696E7420783D223134362E37323331343337393139373035392220793D223337312E38313834353830303733333939223E3C2F6F6D6764693A776179706F696E743E0D0A2020202020202020202020203C2F62706D6E64693A42504D4E456467653E0D0A2020202020202020202020203C62706D6E64693A42504D4E456467652062706D6E456C656D656E743D227369642D43323142333632442D444335342D343530372D423943382D353131343530363836393338222069643D2242504D4E456467655F7369642D43323142333632442D444335342D343530372D423943382D3531313435303638363933382220666C6F7761626C653A736F75726365446F636B6572583D2231342E3939393939393939393939393939312220666C6F7761626C653A736F75726365446F636B6572593D2231352E302220666C6F7761626C653A746172676574446F636B6572583D2235352E3439393939393939393939393938362220666C6F7761626C653A746172676574446F636B6572593D2233382E35223E0D0A202020202020202020202020202020203C6F6D6764693A776179706F696E7420783D223134382E39343939393932393932353834352220793D223139352E3030303030303030303030303236223E3C2F6F6D6764693A776179706F696E743E0D0A202020202020202020202020202020203C6F6D6764693A776179706F696E7420783D223234302E30303030303030303030303030332220793D223139352E3030303030303030303030303233223E3C2F6F6D6764693A776179706F696E743E0D0A2020202020202020202020203C2F62706D6E64693A42504D4E456467653E0D0A2020202020202020202020203C62706D6E64693A42504D4E456467652062706D6E456C656D656E743D227369642D35344432373244422D454246382D343934342D393134422D363944373743334538394431222069643D2242504D4E456467655F7369642D35344432373244422D454246382D343934342D393134422D3639443737433345383944312220666C6F7761626C653A736F75726365446F636B6572583D2232302E302220666C6F7761626C653A736F75726365446F636B6572593D2232302E302220666C6F7761626C653A746172676574446F636B6572583D2231342E302220666C6F7761626C653A746172676574446F636B6572593D2231342E30223E0D0A202020202020202020202020202020203C6F6D6764693A776179706F696E7420783D223638342E393434373235303133323230362220793D223139352E30303030303030303030303034223E3C2F6F6D6764693A776179706F696E743E0D0A202020202020202020202020202020203C6F6D6764693A776179706F696E7420783D223834302E303030303030303030303030322220793D223139352E3030303030303030303030303433223E3C2F6F6D6764693A776179706F696E743E0D0A2020202020202020202020203C2F62706D6E64693A42504D4E456467653E0D0A2020202020202020202020203C62706D6E64693A42504D4E456467652062706D6E456C656D656E743D227369642D30363943443532302D454139462D344644392D423230422D433141364133333538363141222069643D2242504D4E456467655F7369642D30363943443532302D454139462D344644392D423230422D4331413641333335383631412220666C6F7761626C653A736F75726365446F636B6572583D2232302E302220666C6F7761626C653A736F75726365446F636B6572593D2232302E302220666C6F7761626C653A746172676574446F636B6572583D2231332E3939393939393939393939393939332220666C6F7761626C653A746172676574446F636B6572593D2231342E30223E0D0A202020202020202020202020202020203C6F6D6764693A776179706F696E7420783D223237352E353030303030303030303030312220793D223336362E31313131313134303534353537223E3C2F6F6D6764693A776179706F696E743E0D0A202020202020202020202020202020203C6F6D6764693A776179706F696E7420783D223134372E393439393236373436323538392220793D223336362E31313131313134303534353537223E3C2F6F6D6764693A776179706F696E743E0D0A2020202020202020202020203C2F62706D6E64693A42504D4E456467653E0D0A2020202020202020202020203C62706D6E64693A42504D4E456467652062706D6E456C656D656E743D227369642D33413642323237452D304238322D344534442D383534422D333943394530383138323842222069643D2242504D4E456467655F7369642D33413642323237452D304238322D344534442D383534422D3339433945303831383238422220666C6F7761626C653A736F75726365446F636B6572583D2235352E3439393939393939393939393938362220666C6F7761626C653A736F75726365446F636B6572593D2233382E352220666C6F7761626C653A746172676574446F636B6572583D2232302E302220666C6F7761626C653A746172676574446F636B6572593D2232302E30223E0D0A202020202020202020202020202020203C6F6D6764693A776179706F696E7420783D223335302E393439393939393939393034322220793D223139352E3030303030303030303030303236223E3C2F6F6D6764693A776179706F696E743E0D0A202020202020202020202020202020203C6F6D6764693A776179706F696E7420783D223634352E303030303030303030303030312220793D223139352E3030303030303030303030303337223E3C2F6F6D6764693A776179706F696E743E0D0A2020202020202020202020203C2F62706D6E64693A42504D4E456467653E0D0A2020202020202020202020203C62706D6E64693A42504D4E456467652062706D6E456C656D656E743D227369642D35384330464337302D413143462D343333442D424136382D373337433339453437303037222069643D2242504D4E456467655F7369642D35384330464337302D413143462D343333442D424136382D3733374333394534373030372220666C6F7761626C653A736F75726365446F636B6572583D2232302E352220666C6F7761626C653A736F75726365446F636B6572593D2232302E352220666C6F7761626C653A746172676574446F636B6572583D22302E302220666C6F7761626C653A746172676574446F636B6572593D2233312E30223E0D0A202020202020202020202020202020203C6F6D6764693A776179706F696E7420783D223638342E353234373337303732373233372220793D223336362E3532373737383037323132323236223E3C2F6F6D6764693A776179706F696E743E0D0A202020202020202020202020202020203C6F6D6764693A776179706F696E7420783D223738302E303030303030303030303030312220793D223336362E31313131313134303534353537223E3C2F6F6D6764693A776179706F696E743E0D0A2020202020202020202020203C2F62706D6E64693A42504D4E456467653E0D0A2020202020202020202020203C62706D6E64693A42504D4E456467652062706D6E456C656D656E743D227369642D31444236453946412D384542442D343933412D413441382D333936433143443632364144222069643D2242504D4E456467655F7369642D31444236453946412D384542442D343933412D413441382D3339364331434436323641442220666C6F7761626C653A736F75726365446F636B6572583D2232302E302220666C6F7761626C653A736F75726365446F636B6572593D2232302E302220666C6F7761626C653A746172676574446F636B6572583D2235352E3439393939393939393939393938362220666C6F7761626C653A746172676574446F636B6572593D2233382E35223E0D0A202020202020202020202020202020203C6F6D6764693A776179706F696E7420783D223239352E35303030303030303030303030362220793D223334362E3131313131313430353435353633223E3C2F6F6D6764693A776179706F696E743E0D0A202020202020202020202020202020203C6F6D6764693A776179706F696E7420783D223239352E352220793D223233332E3435303030303030303030303234223E3C2F6F6D6764693A776179706F696E743E0D0A2020202020202020202020203C2F62706D6E64693A42504D4E456467653E0D0A2020202020202020202020203C62706D6E64693A42504D4E456467652062706D6E456C656D656E743D227369642D33394441414238352D414637452D344437412D413446332D363632323637313944394143222069643D2242504D4E456467655F7369642D33394441414238352D414637452D344437412D413446332D3636323236373139443941432220666C6F7761626C653A736F75726365446F636B6572583D2232302E302220666C6F7761626C653A736F75726365446F636B6572593D2232302E302220666C6F7761626C653A746172676574446F636B6572583D2232302E302220666C6F7761626C653A746172676574446F636B6572593D2232302E30223E0D0A202020202020202020202020202020203C6F6D6764693A776179706F696E7420783D223636352E303030303030303030303030312220793D223231342E3934343137333835393434333233223E3C2F6F6D6764693A776179706F696E743E0D0A202020202020202020202020202020203C6F6D6764693A776179706F696E7420783D223636352E303030303030303030303030322220793D223334362E3131313131313430353435353633223E3C2F6F6D6764693A776179706F696E743E0D0A2020202020202020202020203C2F62706D6E64693A42504D4E456467653E0D0A2020202020202020202020203C62706D6E64693A42504D4E456467652062706D6E456C656D656E743D227369642D41383243373842332D413741332D343334462D414243342D314536323444364130463235222069643D2242504D4E456467655F7369642D41383243373842332D413741332D343334462D414243342D3145363234443641304632352220666C6F7761626C653A736F75726365446F636B6572583D2235332E34393939393939393939393939372220666C6F7761626C653A736F75726365446F636B6572593D2234302E302220666C6F7761626C653A746172676574446F636B6572583D2232302E302220666C6F7761626C653A746172676574446F636B6572593D2232302E30223E0D0A202020202020202020202020202020203C6F6D6764693A776179706F696E7420783D223430342E393939393939393939383833362220793D223336362E3131313131313430353435353633223E3C2F6F6D6764693A776179706F696E743E0D0A202020202020202020202020202020203C6F6D6764693A776179706F696E7420783D223331352E34303630393236393437313839352220793D223336362E3131313131313430353435353633223E3C2F6F6D6764693A776179706F696E743E0D0A2020202020202020202020203C2F62706D6E64693A42504D4E456467653E0D0A2020202020202020202020203C62706D6E64693A42504D4E456467652062706D6E456C656D656E743D227369642D39344345324136352D433732302D344236422D424345342D333633323639414142364130222069643D2242504D4E456467655F7369642D39344345324136352D433732302D344236422D424345342D3336333236394141423641302220666C6F7761626C653A736F75726365446F636B6572583D2232302E302220666C6F7761626C653A736F75726365446F636B6572593D2232302E302220666C6F7761626C653A746172676574446F636B6572583D2235352E3439393939393939393939393938362220666C6F7761626C653A746172676574446F636B6572593D2233382E35223E0D0A202020202020202020202020202020203C6F6D6764693A776179706F696E7420783D223636352E303030303030303030303030312220793D223137352E3030303030303030303030303337223E3C2F6F6D6764693A776179706F696E743E0D0A202020202020202020202020202020203C6F6D6764693A776179706F696E7420783D223636352E303030303030303030303030312220793D2236372E30223E3C2F6F6D6764693A776179706F696E743E0D0A202020202020202020202020202020203C6F6D6764693A776179706F696E7420783D223239352E352220793D2236372E30223E3C2F6F6D6764693A776179706F696E743E0D0A202020202020202020202020202020203C6F6D6764693A776179706F696E7420783D223239352E352220793D223135362E3530303030303030303030303233223E3C2F6F6D6764693A776179706F696E743E0D0A2020202020202020202020203C2F62706D6E64693A42504D4E456467653E0D0A20202020202020203C2F62706D6E64693A42504D4E506C616E653E0D0A202020203C2F62706D6E64693A42504D4E4469616772616D3E0D0A3C2F646566696E6974696F6E733E0D0A, 0);
INSERT INTO `ACT_GE_BYTEARRAY` VALUES ('03dcb06f-e7bb-11ef-8aa3-cc28aa504d95', 1, 'D:\\Code\\system2\\target\\classes\\processes\\test.CommonExamineAndApproveFlow.png', '03c04ecd-e7bb-11ef-8aa3-cc28aa504d95', 0x89504E470D0A1A0A0000000D49484452000003A4000001D408060000002D02E53500002DF349444154785EEDDD0FACA475792FF0035AC53F8D6DBD358DD4B6B77A6D635A1B63D35E93A6BB26B666A3626C9C333BE77016161758CA42DB946A04AC4BF1166D4C1B5383B7175B03D75A6C0D16DB2E52D805578416BD462B5410D94529AC2BFBC7156F175CDCB9BFDF72863BFCCE7BCE99396766CE3CEF7C3EC993D979DFDFBC33C99C79E6F9EE7BCECCD4140000000000000000000000000000000000000000000000000000000000000000000000000000000000000000000000000000000000000000000000000000000000000000000000000000000000000000000000000000000000000000000000000000000000000000000000000000000000000000000000000000000000000000000000000000000000000000000000000000000000000000000000000000000000000000000000000000000000000000000000000000000000000000000000000000000000000000000000000000000000000000000000000000000000000000000000000000000000000000000000000000C064DAB871635B29A554EC2A7B3B004008061980D8F47100202C830C406CFA38001096410620367D1C0008CB2003109B3E0E0084659001884D1F0700C232C800C4A68F03006119640062D3C70180B00C3200B1E9E3004058061980D8F47100202C830C406CFA38001096410620367D1C0008CB2003109B3E0E0084659001884D1F0700C232C800C4A68F03006119640062D3C70180B00C3200B1E9E3004058061980D8F47100202C830C406CFA38001096410620367D1C0008CB2003109B3E0E0084659001884D1F0700C232C800C4A68F03006119640062D3C70180B00C3200B1E9E3004058061980D8F47100202C830C406CFA38001096410620367D1C0008CB2003109B3E0E0084659001884D1F0700C232C800C4A68F03006119640062D3C70180B00C3200B1E9E3004058061980D8F47100202C830C406CFA38001096410620367D1C0008CB2003109B3E0E0084659001884D1F0700C232C800C4A68F03006119640062D3C70180B00C3200B1E9E3004058061980D8F47100202C830C406CFA38001096410620367D1C0008CB2003109B3E0E0084659001884D1F0700C232C800C4A68F03006119640062D3C70180B00C3200B1E9E3004058061980D8F47100202C830C406CFA38001096410620367D1C0008CB2003109B3E0E0084659001884D1F0700C232C800C4A68F03006119640062D3C70180B00C3200B1E9E3004058061980D8F47100202C830C406CFA38001096410620367D1C0008CB2003109B3E0E0084659001884D1F0700C232C800C4A68F03006119640062D3C70180B00C3200B1E9E3004058061980D8F47100202C830C406CFA38001096410620367D1C0008CB2003109B3E0E0084659001884D1F0700C232C800C4A68F03006119640062D3C70180B00C3200B1E9E3004058061980D8F47100202C830C406CFA38001096410620367D1C0008CB2003109B3E0E0084659001884D1F0700C232C800C4A68F03006119640062D3C7018010D2D0724B1E5C96A95BCADB0130BE045200208434B4ACAF08A065AD2F6F07C0F81248018030F219D08A10EAEC28405002290010463E035A11449D1D05084A20050042C967422BC2A8B3A3000109A40040288B9C255D5FAE0360FC09A4004038C559526747018212480180708AB3A4EBCBFD00C4209002002175CE9296DB0188431F07809A6BB7DBCFDAB367CFDFDE71C71DDFDFB97367FBA69B6EAA455D73CD3527CE9096DB23577A7E8EEFDEBDFBE15DBB76BDB97C1E01EA482005809A4B61F4EF52C869EFDFBFBF7DF4E8D1F6E38F3F5E9BCA834CB92D72E5E7273F4FB7DE7AEB911450DF503E97007523900240CDE533A339E494E1478D6FEDDBB7EF400AA47796CF2540DD08A4005073F9D774EB7666B4EE959FAF14481F2B9F4B80BA114801A0E6F2DF269681478D7FE5E7AD7C2E01EA462005809AEB35907EEF3BFBDA7B3EFF91F6DD37FFD189CAFFCEDBCA756A3425900293402005809AEB25903E7AF8A1F65D37BEABFDE57FFA83A755DE96F795EBD5F04B20052681400A0035D74B207DF0EE4F2D08A39DFA8FBBFF61C17A35FC1248814920900240CDF51248BF7ACBFB1604D14EE57DE57A35FC1248814920900240CDF51248EFBA69FB8220DAA9BCAF5CAF865F02293009045200A83981346609A4C024104801A0E67A09A4F95375CB20DAA9BCAF5CAF865F02293009045200A8B95E02E97D9FFBE08220DAA9BCAF5CAF865F02293009045200A8B95E02E9C187FEAD7DD73FBF7B4118CDDBF2BE72BD1A7E09A4C024104801A0E67A09A4B9F67EE19A0581346F2BD7A9D194400A4C028114006AAEA740FAD863EDFB6EFFD082409AB7E57D0BD6ABA197400A4C028114006A6EB940FAE8E187DA5FFBDC9F2F08A39DCAFBF29AF2766AB825900293402005809A5B34903EF6587BDF7DBBDA5FF9F4C50B426859794D5EEB6CE9E84A20052681400A0035571548973B2BBA58395B3ABA1248814920900240CD5505D25ECE8A2E56F9B6E5F1D4E04B200526C0BAF940BAAEDC0100D44455202D4366BF551E4F0DBE0452A0E67208DD9FEAA2F94BA11400EAA82A90AAF12F8114A8B14E18ED84D0F23A0050170269CC1248819A5A2C7C2EB61D00884C208D5902295043CB85CEE5F6033089DAEDF6C977DC71C76F5D73CD35FF7CD965971D78C73BDE71F4BCF3CE3B9E3F8860EBD6ADC72EBAE8A2EFA66D5FBFFCF2CBDFBF79F3E69794B7676D09A4314B20056AA6D7B0D9EB3A187B8D46E3D4342F6F6D369B9F4A9777A67A30CFCFF39777CE6FDF9AD795B705A64E04D1533EFDE94FFFAF77BDEB5DDFDFB2654BFBCA2BAF6CFFCBBFFC4BFBFEFBEF6F1F3C78B09DE5CB7C3D6FCFFBDFF6B6B7FDE0820B2ED873F6D967BFBE3C1E6B43208D5902295023FD86CC7ED7C358999E9E7E6D0A9ABBE7C367AFB53BDFAE3C164CAC1430CFBFFCF2CB8FFEEEEFFE6EFB8E3BEE68FFE0073F3811409793D7E5F5175E78E1B1DFFEEDDFFE62B3D97C69796C464B208D59022950132B0D972BBD1DAC993CF7A660794345D8ECA76E303F33D152A63CE9C61B6FFCEB73CF3DB7BD63C78EF6134F3C5166CE9EE4DBE5DB9F79E699DF6BB55ABF51DE0FA32390C62C8114A881D586CAD5DE1E46667A7AFA7569E6FD4E77B89C9B9B6B5F71C515ED9D3B7756FE8661DE9EF7E77545283D948F57DE07D45E7A7D9C74DD75D7FDEB79E79DD7BEE79E7B9E9E3057281F67CB962DFF393333F3B6F2FE180D81346609A44070830A93833A0E0C4D0A9067A530FA442750CECECEB6AFBAEAAAF6E1C387CBD1B8525E97D7E7DB7585D263F9B8E57D41ADE533A35BB76E6DEFDFBFBF7C9DAC4A3EDEE6CD9B1FF53F3D6B43208D59022910D8A043E4A08F0703337F66F4A930BA6DDBB6F6DEBD7BCB71B827F976F9F6DDA1D4FCCCC4B8FDF6DBCFCF61745067464BE9B8C7376DDA74B8D168BCACBC6F864B208D5902291054191E4F4A75C6FC653FCADB95C7853597E7DA999999C39D0079C92597B48F1C39528EC17DC9B7CFC7E90AA507CDCFD45EFAD93FE53DEF79CFD1FC379FC374FDF5D71F4E2FDA4F97F7CF7009A4314B2005022A43630E937F992AF7B37CD96B285DEC76E5F1614DA5B0B8A3FBCCE86AC368473E4E71A6744779DF502B37DC70C35FE44FD35DE90718F52A1F7FCB962D8FF848EBD112486396400A04531516F319CEDCCB3AD54B28ED0EA39DDAD4B5BFEA7E60E4E6BFDAE5A9BF195DE9AFE92E261FAFFB6F4ACDCFD456FA793FF9D24B2FFD7EFEAA9651B8EDB6DBF2A78F7DB67C1C0C8F401AB304522090C5426255B85C2A9456ADFFF0FCF66E8BDD1F8C4C9E673B61317F20D130E4E3769D25353F534FB7DF7EFB5BCE3EFBEC9EBF6774B5F2FDCCCECE7EA7D1689C5A3E16FA931AD32DA9D697DB4B0269CC12488151EAF53DA5C272E1B02A645685D2AA755561B463B9FB8515E9E5B590E7D8B4E6780E8AF92B5B7AFD34DD7EE5E3767D25CC71F333B574F5D557DF74E59557963FFF4375D96597DDD56C36CF2B1F0BFDE9FA1FB3251BA7401AB3045260947A7D4F29F41A0AABC2667728ADDABF5418EDE8F5FEA167BDBC16F21CDB59F7DEF7BEB71C75072A1FBF735FE6676AE9F2CB2F7F6454BFAEDB71F3CD37DF9D5E54D7958F85FE7435CC251BA7401AB3045260947A7D4FE9D26F18AC0A9DF9FAC915DB7B09A31DFD3E0E58522FAF8574FDBACEFE34D796A3EE40E5E3773D16F333F5F3F6B7BFFDE89E3D7BCA9FFDA1BAF7DE7B1F482FA8CF978F85FE5434CCCAC62990C62C811418A58AF792CAF794792B0D8155A1F4DEE27A3F61B463A58F0716A8780D2C782DA4CBCF77B60F7B8ECEC7EF7A0CE667EA67EBD6ADC70F1D3A54FEEC0FD5C183071F4D2FA887CAC7427F2A1A6559271AA7401AB3045260942ADE43CA3AF19E32B5FAF057154A5713463B56FBB8E0848A9FFDB2F26BE140E7FAB0E7E87CFCAEFB363F533FF90FA58F1D3B56FEEC0F55BABFEF56BCB8D5904A208D59F9792B9F4BA5945ACB6A341AED534E392507C78BCA79A24FF9D774CB33A3F97ADEBE1A17958F59A961D7B0E7E87CFCAEFB7BACFCA187F0CE3DF7DC63C3FE9F9DD2238F3CF2F58DFE8767D5CA86D855B76CACD9AFEC4E2DFC5FF413D5EBFE88E50C29304A15EF2595EF2953AB3F13B9D419D2AA4FDFEDD56A1F179C50F11A58F05A48970F75B60F7B8E768694DAFBFDDFFFFDEF0EFB77DF4BFFFEEFFFFE858D7E077ED5966A94DDEA124897DAB6DCFE88259002A3D4EB7BCABC9586BFAA305A9E295D49285DE9E381057A792D6CF437A43038175F7CF1D746FD29BB9FFCE4273FB5D1A784ADDA528DB29B401AB3045260947A7D4FE9D26F08AC0AA3F96F46AB3E65B79F50DAEFE38025F5F25AC8736C679D4FD98555BAECB2CBDE3FEAEF21DDB66DDB0EDFA3B47A4B35CA6E0269CC12488151EAF53DA5D06B185C2C8C2EF53DA4BD84D25EEF1F7AD6CB6BC1F790C2006DDEBCF9255BB66CF94152FEFC0F45BA9F6FA517D4238D46E3D4F2B1301C0269CC12488120960B855561B3EAD374ABD62D154A97BB5F189A3CC7A679F6780E89F903420F1F3E5C8EBC03918F7BFAE9A79FB89F7C7FE6676AEB820B2ED83BAA5FDBBDF6DA6B3F9A5E509F2D1F03C32390C62C81140864B170581532ABC26847D5FAAA50BAD8FDC1C8E479B673E6F2AAABAE2A47DE81C8C7EDDC87F9995A3BFBECB35F7FE185171E7BE28927CAD7C140A5E33F985E4CF74D4F4FBFB67C0C0C8F401AB304522098AA9078C654EF61B4A32A946EEADA5F753F3072799EED84C5D9D9D9F6DEBD7BCBD17755F2F16666663A6747DBE6676A6FDBB66D5FDCB163C7F1F2C53040C7FFE44FFEE423E905B5A3BC6F86AB2E81B4AA7ADD1FB1045220A0322C7687CB5EC268C762B72B8F0F6B2ACFB59DC09866E9F6912347CAF97745F271CE3FFFFC1F749D1D353F537F8D46E3659B376F7EF49E7BEE295F1303F199CF7CE6EAF462DA97EFA7BC6F86AB0E8174124B2005822A43630E93F90C67AF61B4A3BC5D795C587379AE4DF3EDC14E70BCE4924B561D4AF3ED2FBEF8E2A7CE8CE6E39B9F9918AD56EB37CE3AEBACFFDCBF7F7FF9DA5895071E78E01FD28BE9E1E9E9E9D795F7C9F009A4314B2005021B74781CF4F16060F27C9BE6DC63DD674A57FAEBBBF976C599D163E66726CECCCCCCDB366FDEFCDD419D299D3F33FA50AAB3CAFB623404D298259002C10D2A440EEA38303479CEED0EA5F96F4AF30712F5FAE9BB795D5EDFFD37A3F3C7333F3399F2FFC4CCCDCD1DBEFEFAEB0FAFF4838EF20718CDFFCDE8B7FCCFCEDA12486396400AD4C06AC3E46A6F0F23337FA6F45057A03CF19530575C71457BE7CE9DEDFBEFBFBF7DF0E0C1137372BECCD7F3F6BCBFEBAB5D3A75C8FCCCC46B369B2F9D9999B971CB962D8FDC76DB6DDFE9F57B4AD3BAFDD75E7BED5FA717D27DA96EC8C7298FCD6809A4314B20056A62A5A172A5B7833593E7DE3CFF16E1B2DF323F43B7F98FB4DE3D3B3B7B64FBF6ED5FD9B973E75DF7DE7BEF370F1C38F0BD943F1FFDF6B7BFBDE7EEBBEFFEC2DFFFFDDF5F7FC10517E417E081BCDE47538F0F81346609A4408DF41B2EFB5D0F63A5333F5784CDA5CAFC0C4B69341AA7A617CAD666B3F9A9747967AAFC9DA2F9C5932FEF9CDFBE35AF2B6FCBDA12486396400AD44CAF21B3D77530F6CCCF00530269D41248811A5A2E6C2EB71F008846208D59022950538B85CEC5B603009109A4314B20056AAC0C9FE57500A02E04D29825900235D709A117CD5F0AA30050470269CC12488109B02E7FC04BBE2C770000352190C62C81149804F3811400A82B81346609A4C024104801A0E604D29825900293402005809A13486396400A4C028114006A4E208D5902293009045200A83981346609A4C024104801A0E604D29825900293402005809A13486396400A4C028114006A4E208D5902293009045200A83981346609A4C024104801A0E604D29825900293402005809A13486396400A4C028114006A4E208D5902293009045200A83981346609A4C024104801A0E676EEDC79FCE8D1A30B028F1ADF4ACFD7C329903E563E97007523900240CDEDDEBDFBE1FDFBF72F083D6A7CEB1BDFF8C6B52990DE593E97007523900240CDEDDAB5EBCDB7DE7AEB917DFBF61D70A674BC2B3D3FFB1E78E0818FA530FACD546F289F4B80BA1148016002E47093CFB8A57A3CFF6DA21ADBCACF4F7E9E8451602208A40040586990596F9801884B0F0700C24A83CC2D861980B8F4700020A4CED9D1F95A5FEE0760FC09A40040489DB3A3F3754BB91F80F127900200E11467479D2505084A200500C229CE8E3A4B0A1094400A0084B2C8D95167490102124801805016393BEA2C29404002290010463E035A1142CB5A5FDE0E80F12490020061E433A01501B42C6749018210480180D00C330071E9E1004068861980B8F470002034C30C405C7A3800109A6106202E3D1C0008CD300310971E0E0084669801884B0F07004233CC00C4A5870300A1196600E2D2C30180D00C330071E9E1004068861980B8F470002034C30C405C7A3800109A6106202E3D1C0008CD300310971E0E0084669801884B0F07004233CC00C4A5870300A1196600E2D2C30180D00C330071E9E1004068861980B8F470002034C30C405C7A3800109A6106202E3D1C0008CD300310971E0E0084669801884B0F07004233CC00C4A5870300A1196600E2D2C30180D00C330071E9E1004068861980B8F470002034C30C405C7A3800109A6106202E3D1C0008CD300310971E0E0084669801884B0F07004233CC00C4A5870300A1196600E2D2C30180D00C330071E9E1004068861980B8F470002034C30C405C7A3800109A6106202E3D1C0008CD300310971E0E0084669801884B0F07004233CC00C4A5870300A1196600E2D2C30180D00C330071E9E1004068861980B8F470002034C30C405C7A3800109A6106202E3D1C0008CD300310971E0E0084669801884B0F07004233CC00C4A5870300A1196600E2D2C30180D00C330071E9E1004068861980B8F470002034C30C405C7A3800109A6106202E3D1C0008CD300310971E0E0084669801884B0F07004233CC00C4A5870300A1196600E2D2C30180D00C330071E9E1004068861980B8F470002034C30C405C7A3800109A6106202E3D1C0008CD300310971E0E0084669801884B0F07004233CC00C4A5870300A1196600E2D2C30180D00C330071E9E1004068861980B8F470002034C30C405C7A3800109A6106202E3D1C0008CD300310971E0E0084669801884B0F07004233CC00C4A5870300A1196600E2D2C30180D00C330071E9E1004068861980B8F470002034C30C405C7A3800109A6106202E3D1C0008CD300310971E0E0084669801884B0F07004233CC00C4A5870300A1196600E2D2C30180D00C330071E9E1004068861980B8F470002034C34C3CED76FB597BF6ECF9DB3BEEB8E3FB3B77EE6CDF74D34D6A4C2A3D1FC777EFDEFDF0AE5DBBDE5C3E6F300C7A3800109A61269E1446FF2E859EF6FEFDFBDB478F1E6D3FFEF8E36A4C2A3F1FF979B9F5D65B8FA480FA86F2B98341D3C30180D00C33F1E433A339F49461488D4FEDDBB7EF400AA47796CF1D0C9A1E0E008466988927FF9AAE33A3E35DF9F94981F4B1F2B98341D3C30180D00C33F1E4BF552C03901ABFCACF53F9DCC1A0E9E10040688699787A0DA4DFFBCEBEF69ECF7FA47DF7CD7F74A2F2BFF3B6729D1A4E09A48C821E0E0084669889A79740FAE8E187DA77DDF8AEF697FFE90F9E56795BDE57AE57832F819451D0C30180D00C33F1F412481FBCFB530BC268A7FEE3EE7F58B05E0DBE045246410F07004233CCC4D34B20FDEA2DEF5B10443B95F795EBD5E04B206514F470002034C34C3CBD04D2BB6EDABE2088762AEF2BD7ABC19740CA28E8E1B5929FCB411500C460988947208D5102298396FAF52DB9672F53B794B7238C3254AEA600200681349E5E0269FE54DD3288762AEF2BD7ABC19740CAA0A57EBDBE228096B5BEBC1D610893004C1E81349E5E02E97D9FFBE08220DAA9BCAF5CAF065F0229C390CF805684506747EB41200560F208A4F1F412480F3EF46FEDBBFEF9DD0BC268DE96F795EBD5E04B206518F219D08A20EAEC683D08A4004C1E81349E5E0269AEBD5FB8664120CDDBCA756A382590322CF94C6845187576343E811480C92390C6D353207DECB1F67DB77F684120CDDBF2BE05EBD5C04B20655816394BBABE5C47380229009347208D67B940FAE8E187DA5FFBDC9F2F08A39DCAFBF29AF2766AB02590324CC559526747EB41200560F208A4F12C1A481F7BACBDEFBE5DEDAF7CFAE20521B4ACBC26AF75B674782590324CC559D2F5E57E42124801983C02693C558174B9B3A28B95B3A5C32B819461EB9C252DB713D67281B4B3BF2CFB27633F402D3DD730134F5520EDE5ACE862956F5B1E4FADBE045286AD7396B4DC4E58CB0590AA7D65A029D95FFDEF8E48FB016A675DAAFD869978AA02691932FBADF2786AF525903202EBE67B78EEE7C4979FCBA5FA46D5BE7E028DFD0B45DA0F502BEB52ED4F75D1FC65BE4E105581548D5F09A40C993E5E3FB9672CD537AAF6F51368EC5F28D27E80DA5837F5F4E1A5BCCE981348639440CA10957DBBBC4E4CB9672CD537AAF6F51368EC5F28D27E805A5837553DB42CB69D312490C62881942159AC5F2FB69D3872CF58AA6F54EDEB27D0D8BF50A4FD00E1AD9B5A7A58596E3F6342208D51022943B05C9F5E6E3FE32DF78CA5FA46D5BE7E028DFD0B45DA0FABD368344EDDB871E3D666B3F9A9747967AA07E7BF3B2C5FDE39BF7D6B5E57DE160660DD546F434AAFEB584302698C124819B05EFB73AFEB183FB9672CD5373AFBCBB27F32F6C3CA4C4F4FBF3605CDDDF3E1B3D7DA9D6F571E0B5668DD547FC349BFEB193181344609A40C50BF7DB9DFF58C070104189C66B3F9D2142C6FA8089BFDD40DF938E5B1A10F2B1D4A567A3B4640208D51022903B2D27EBCD2DBB17604526030A6A7A75FD76AB50E7787CBB9B9B9F615575CD1DEB97367FBFEFBEF6F1F3C78B09DE5CB7C3D6FCFFBF3BA22941ECAC72BEF037AB0DA6164B5B7674804D21825903200ABEDC3ABBD3DA3259002AB9702E459298C3ED10994B3B3B3EDABAEBAAA7DF8F0E113017439795D5E9F6FD7154A8FE5E396F7054B18D41032A8E3304002698C124859A541F5DF411D87E1134881D5993F33FA5418DDB66D5B7BEFDEBD65E6EC49BE5DBE7D772875A6941E0D7AF818F4F1582581344609A4ACC2A0FBEEA08FC77008A4C0CA351A8D97A5307AA813202FB9E492F6912347CA9CD9977CFB7C9CAE507A30DF4F79DFD0A51C3A4E4A75C6FC653FCADB95C7650D09A4314A206585CA7E5BF6E35E95B72B8FCBF8592E9076F69765FF64EC87A5A5B0B8A3FBCCE86AC368473E4E71A6744779DF306FDDD4C221E62FA79E6C66F9B2D76166B1DB95C7678D08A4314A206505CA3EBB583F5ECE62B72B8FCF78592E8054EDEBDE66FF4275DA0F8B9BFF6A97A7FE6674A5BFA6BB987CBCEEBF29F59530545837B570C83863EAC946D6A95E8699EE21A6539BBAF657DD0F232690C62881943E55F5577D7CB2749EAFC554EDEBDE66FF4275DA0F8B4B21F1B39DB0983F906818F271BBCE927EB67C0C4CB47553D5C345D550B2D43053B5FEC3F3DBBB2D767F8C88401AA30452FAB0585FADEACBFA787D759EB3C554EDEBDE66FF4275DA0FD51A8DC6A929201ECF41317F654BAF9FA6DBAF7CDCAEAF84399EEFB77C2C1D69FFFA54B794DBA9A575534B0F1555C349D53053B5AE6A88E958EE7E2BF9D91C0C813446F51248BD26985ABE9F56F5E735EBE30C55E7795B4CD5BEEE6DF62F54A7FD50ADD96C9ED73973F9DEF7BEB7CC9103958FDFB9AF7CBFE563E90C369D35E57E6A67DD546FC344D590D23DCC54ED5F6A88E9E8F5FEFD6C0E98401AA3960AA45E13CCEBB58F56F5E991F67146A2F3DC2DA66A5FF736FB17AAD37EA8960689EB3A03C5CD37DF5C66C881CAC7EFDC57BEDFAEC7F0B4C1C6803311D64DF53744540D2BF9FAC915DB7B19623A967C1C7E368743208D515581D46B822E4BF6CF0A6BD2C719A9CEF3B798AA7DDDDBEC5FA84EFBA15A1A243EDF1928F6ECD95366C881CAC7EF1A60F2FD560E36069CDA5B37B5B2E1A16A98B9B7B8DECF10D3B1E0F1F8D91C2E813446750752AF090A0BFA668F46D6C759139DE77031DDCF7377D93F19FBA15A1A241EEA0C14870E1D2A33E440E5E3770D308F95034D59E563A516D64DAD6E68A81A663AB59221A6E3C4E3FAB99FFBB9DFD9B8C4D0ED67733004D218959FA78DCB0451AF898934D67DFCD5AF7E75EEE3EFCE3FBB79E3FCCFB0EBA3B9DE791E017AB7B12B181E3B76ACCC9003958FDFB92F35D955FE1CF629FF7A57F93FEAF97ADEBE1A179D72CA29ED46A3B1E0F1AAC157197ED4F8D57C20556A41E57E5936D03E0DAD8FBFF295AFFCDEFCE37C77DE902F5D1FD9F5F67C01F46EE3DA9D21CDF7BB7EE312FFF35E3E566A61DDD4F0FE67BDFB0332FAF5B4C7E56773B89C218D517E6597458C751F7786744DAF779E4780DE6D5CC3BF21ED7A0CB999DDD2B5EF44753F4E6A65A5C34CD51053FE0FFB4A8699451F8F9FCDE1881C48A7160ED027AAD7FD91CA871AB184DC2F2BFBE63246DEC719A9CE7308D0BB8D63F029BB5D8FE569834EB99F5AE97778A81A62F2DF1A557D3A633FC34C4F8FC3CFE660450FA44B6D5B6E7FA4AA0AA41D5E134CF5D83FBBAC691F67243ACFDF62BA9FE3EE1AD4FE56AA6BBAAE97EBCAF5E5F6EEFDFF7BEAC9E301C3364EDF43DAD11974CAEDD4CEBAA9DE8688C58698CEB052B5BF9761A6D7FB7F8A9FCDC1104863D45281B4C36B62E2F5DA47ABFAF49AF47186AAF3DC2DA66A5FF7B6D5ECFFD154F7A5FA918A7DDD7A3D5E3E4E3E5E3E2E304C8D46E3D4344C1CCF21716E6EAE7DF8F0E132470E443EEEE9A79F7EE27EF2FDA540FADFD3E5CFCCCCCCBC7A7EA0C9F5D656AB75C67CBD3D3DB6E7948F97DA596E98A81A52AA3E85B16ADD52C3CC72F7CB1009A431AA97400A53CBF7D3AAFEAC8FD753E7795B4CD5BEEE6DABD97F69AAFFD1BD636AE9F5E5BF3BBAB7FDF1D493C705862D05C1CFCE07C5F655575D5566C981C8C7EDDC472F9502E94DE5E3A4B6161B2AAA8693AA21A6A36A7DD530B3D8FD312202698C1248E9C3627DB5AA2FEBE3F5D579CE1653B5AF7BDB6AF67F31D52BBB774C2DBDBEFC7747F7B65F9A7AF2B8C0B04D4F4FBFB61304676767DB7BF7EE2DF3E4AAE4E3CDCCCC74CE8EE65FD7DD5706D0B2D29A0DE5E3A4D6AA868B33A69E3E942C35C474540D339BBAF657DD0F232690C62881943E55F5577D7CB2749EAFC554EDEBDEB69AFDFF3755F99B754BAD2FFFDDD1BD2D1FEF7B5DD781614A217047270C6EDBB6AD7DE4C8913257AE483ECEF9E79FFF5418CDF7D36AB5FE4BBA7CA00CA15D75D7D4F26F58D44F3964740F25BD0C311D8BDDAE3C3E6B44208D5102292B50F6D9C5FAF17216BB5D797CC6CB897E576EEC52B5AF7BDB6AF63F9AEAD9DD3BA6965E5FFEBBA37BDB29534F1E17188546A3F1B214040F7642E125975CB2EA509A6F9F8FD315340FE6FBC9F79742E92BD3F5472BC268FE75DD0BCAC7C7C428878D3C84E4FF19EF7588E9286F571E9735143D905655AFFB239540CA0A95FDB6ECC7BD2A6F571E97F1D3E9798BA9DAD7BD6D35FBFF4FAA9FEFDE31B5F4FAF2DF1DDDDBF2F1BED4751D18B6E9E9E9D7A54078AC130CF399D295FEFA6EBE5D7166F4583E7EF7FD359BCDDF4ADB7F5004D2A3A90EA5FAC0CCCCCCCF76AF67620C7AE818F4F158A5C88174924A20651506DD77077D3C8623F78CA5FA46677F5983D89F3F7CE81DF3FFEE28D7F573BC2C1F2F7FB011304A29089ED51D4AF3DF94E60F24EAF5D377F3BABCBEFB6F46E78F7756795F59DAFEEEEE409A42EA1FA6CB17A7FAE3548FA4EB9F68B55AAF296F47EDAD9B1ACCF031A8E3304002698C124859A541F5DF411D87E12B03DD28FD58AA7B523DBFDCB142F9387B53BDB8DC018CC0FC99D27C96F2A9A098BF12E68A2BAE68EFDCB9B37DFFFDF7B70F1E3C782280E6CB7C3D6FCFFBBBBEDAA55387CA33A3859372E89C5FFB9F8D46E3C73B3BD27D3E2FEDDB96B67F3DD51DA9DE9AF63FA3FBC6D4DA6A8790D5DE9E211148639440CA00ACB60FAFF6F68CD65A06D22CFF8AF7D5E5C615BA26D5D9E546608452107C690A803714E1B2DFBA211FA73C762907CFB4F64B69EDFF2CF765DBB76F3F39ED7F4BAADB52ED49EB7E2705D341FD0F18E36DA5C3C84A6FC70808A4314A20654056DA8F577A3BD6CE5A0752A08EE6BF12667745D85CAA76E7DB95C75ACACCCCCC4FA7FA6FE5F6525AF32BE9F81F4F752005D3F7CDCECEFE64B986DAE97728E9773D232690C628819401EAB72FF7BB9EF1209002C3D368344E4D21706B0A819F4A9777A67A703E7CE6CB3BE7B76FCDEBCADB0E430EB0E9FEFE34D5C156ABF5D174F9AA720DB5D2EB70D2EB3AD690401AA3045206ACD7FEDCEB3AC68F400A4C9E14805F90C2E845A9BE99EA96148CDF38D5FF47CB13C37243CA72FB191302698C12481982E5FAF472FB196F022930B9D6AF5FFFCC569242E9E7D3C53DA9CE4D61F539E53AC25B6C58596C3B6348208D51022943B258BF5E6C3B7108A400D9F4F4F4AFA7607A7DAAFD29985E363737F7A2720DA195434B799D312790C6288194212AFB76799D980452806ECD66F3E529945EB9F1C9AFB0F970A3D17845B986B03AC3CB45F39786984004D21825903264FA78FD08A40055366DDAF4C214482F4DF570AA1B96F95E54E2F03FEA4109A4314A206504D6A5F7E5FC73A68FD783400AB0940D1B363CBBD96C6E4E6F7E5F49F5E556AB7546A3D17856B98E509E5B6E60FC09A4314A206514E60329F5209002F42A05D3DF4C6F8237A67A2805D377A660FA63E51A603804D2182590320A0269AD08A400FD4AC1F4175220FDABF9BF33FD600AA62F2BD700832590C62881945110486B45200558A914447F2205D3F7A437C66FA790FAC9F4EF5F2BD700832190C62881945110486B45200558AD37BDE94DCF4D81F4BCF406F9B554FF9AAA99C2EA33CA75C0CA09A4314A20651404D25A1148010665FBF6ED27A737C9D35AADD667D2E503A97EEFB4D34EFBE1721DD03F81344609A48C82405A2B0229C030A437CB5F4EF5B154079ACDE6FB1B8DC64F956B80DE09A4314A20651404D25A1148018629BD69BE2407D21C4C5BADD6DFE4A05AAE01962790C62881945110486B4520051885FCABBBF95778F3AFF2E65FE94D21F5CDF9577CCB75403581344609A48C82405A2B0229C028E50F3B4A81747AE3931F7EF4B5FC6148F94391CA75C0D309A4314A20651404D25AE904D2411400FDC85F1393DE54AF4BF5EDFCF531F96B64CA35C09304D2182590320A0269AD94A1723505C04A349BCD97A637D70FA63A94EA23B3B3B3BF58AE81492790C62881945110480160086666667EB4D56ABD33BDD13E94EAC674FDF5E51A985402698C1248190581140086A8D1683CABD96C6E4A6FB85F4AF595F4EFCD1B366C7876B90E2689401AA30452464120058011999E9E7E5D7AE3DD91EAE154976EDAB4E985E51A980402698C1248190581140046ACD168BC22BD017F78FEEF4C3FD46C365F5EAE813A1348639440CA2808A400B046E6E6E65ED46AB52E4B6FC6FB535D9FFEBDAE5C0375B473E7CEE3478F1E5D1080D4F8547A7E1E4E81F4B1F2B98341134801608D351A8DE7A437E473527D35D51752306DAD5FBFFE99E53AA88BDDBB773FBC7FFFFE0521488D4F7DE31BDFB83605D23BCBE70E064D200580F17152B3D97C63CAA3BBD21BF437535D94C2EA0BCA4510DDAE5DBBDE7CEBADB71ED9B76FDF01674AC7ABD2F3B1EF81071EF8580AA3DF4CF586F2B98341134801600CA537E857A560FAD174793085D43F4B973F53AE81C872D8C967E0523D9EFF56518D4DE5E7233F2FC22823219002C0186B341AA7A640FABEF4867D20D5C753FD6AB90600A21248012080144C9F9FDEB42F4CB527D56DA9DEB27DFBF693CB75001089400A0081A460FA8CF4E6FDD654B7A7FA7AB3D9DC363737F7BC721D00442090024050AD56EB3529907E22BD993F92FE7D45BA7C71B90600C699400A00C1351A8DFF9ADED03F90EA600AA657A790FA4BE51A001847022900D4C499679EF9232990BE3DBDB93F98EAE6144C37A4CD2795EB00605C08A4005033E79C73CE0FA5607A7A7A93FF62BABC3BD59614564F29D701C05A134801A0C6A6A7A75F9BDEECFF31D5B752BDBBD168FC78B90600D68A400A0013A0D56AFD7C7AD3FF8B5487F265BE5EAE0180511348016082E433A4CD66F30FE7CF98FE633E835AAE01805111480160026DD8B0E1D9F96F4BF3DF98CEFFADE9E9F96F4FCB7500304C0229004CB693F2A7F1A681E0E68D4F7E3AEF3BF2A7F5968B006018045200E084FCFDA5F97B4CD3707030D5076666667EB65C030083249002004F93868317A7FAE3548FA490FA8914525F53AE018041104801804A737373CF4B81745B1A16BE9EEA8E546F6D341ACF28D701C04A09A400C092B66FDF7E721A18DE92EAB6547B5248FD9D144C9F5FAE03807E09A40040CF6666667E250D0F1F4F752005D3F7CDCECEFE64B906007A259002007D4BC1F4A7D310F1A7A90EB65AAD8FA6CB57956B006039022900B0628D46E3056998B828D53753DDD26C36DF98369F54AE03802A022900B06AEBD7AF7F662B4983C5E7D3C53DA9CE4D61F539E53A00E82690020003353D3DFDEB69C0B83ED5FE144C2F9B9B9B7B51B9060032811400188A66B3F9F234685C99EA50AA0F371A8D57946B00986C02290030549B366D7A611A382E4DF570AA1BA6A7A75F57AE01603209A400C0486CD8B0E1D9CD6673731A3EBE92EACBAD56EB8C46A3F1AC721D009343200500462E05D3DF4C43C88DA91E4AC1F49D2998FE58B90680FA13480180359382E92FA440FA57F37F67FAC1144C5F56AE01A0BE04520060CDA520FA132998BE270D26DF4E21F593E9DFBF56AE01A07E045200606CBCE94D6F7A6E0AA4E7A501E56BA9FE35553385D56794EB00A807811400183BDBB76F3F390D29A7B55AADCFA4CB0752FDDE69A79DF6C3E53A006213480180B19686955F4EF5B154079ACDE6FB1B8DC64F956B008849200500424843CB4B7220CDC1B4D56AFD4D0EAAE51A00621148018050F2AFEEE65FE1CDBFCA9B7FA53785D437E75FF12DD70130FE04520020A4FC614729904E6F7CF2C38FBE963F0C297F2852B90E80F125900200E1E5AF894943CD75A9BE9DBF3E267F8D4CB90680F123900200B5D16C365F9A869B0FA63A94EA23B3B3B3BF58AE01607C08A40040EDCCCCCCFC68ABD57A671A741E4A7563BAFEFA720D006B4F2005006AABD1683CABD96C6E4A03CF97527D25FD7BF3860D1B9E5DAE03606D08A400C044989E9E7E5D1A7C76A47A38D5A59B366D7A61B90680D11248018089D268345E9106A00FCFFF9DE9879ACDE6CBCB35008C86400A004CA4B9B9B917B55AADCBD230B43FD5F5E9DFEBCA35000C97400A004CB446A3F19C34109D93EAABA9BE9082696BFDFAF5CF2CD7013078022900C0934E6A369B6F4C7974571A90BE99EAA214565F502E02607004520080421A905E9582E947D3E5C11452FF2C5DFE4CB90680D51348010016D168344E4D81F47D69603A90EAE3A97EB55C03C0CA09A40000CB48C1F4F96968BA30D59E54B7A57ACBF6EDDB4F2ED701D01F811400A04729983E230D4F6F4D757BAAAF379BCD6D737373CF2BD701D01B81140060055AADD66B5220FD441AA61E49FFBE225DBEB85C03C0D2045200805568341AFF350D541F48753005D3AB5348FDA5720D00D5045200800138F3CC337F2405D2B7A7E1EAC15437A760BA216D3EA95C07C0FF279002000CD039E79CF34329989E9E86AC2FA6CBBB536D4961F594721D00022900C0D04C4F4FBF360D5BFF98EA5BA9DEDD68347EBC5C0330C904520080216BB55A3F9F86AEBFC88397524AA9A757D93301001802BFBA0B000000000000000000000000000000000000000000000000000000000000D4D1FF037E04A625273E9B290000000049454E44AE426082, 1);
INSERT INTO `ACT_GE_BYTEARRAY` VALUES ('03e11d42-e7bb-11ef-8aa3-cc28aa504d95', 1, 'D:\\Code\\system2\\target\\classes\\processes\\.bpmn20.xml', '03e11d41-e7bb-11ef-8aa3-cc28aa504d95', 0x3C3F786D6C2076657273696F6E3D22312E302220656E636F64696E673D225554462D38223F3E0A3C646566696E6974696F6E7320786D6C6E733D22687474703A2F2F7777772E6F6D672E6F72672F737065632F42504D4E2F32303130303532342F4D4F44454C2220786D6C6E733A7873693D22687474703A2F2F7777772E77332E6F72672F323030312F584D4C536368656D612D696E7374616E63652220786D6C6E733A7873643D22687474703A2F2F7777772E77332E6F72672F323030312F584D4C536368656D612220786D6C6E733A666C6F7761626C653D22687474703A2F2F666C6F7761626C652E6F72672F62706D6E2220786D6C6E733A62706D6E64693D22687474703A2F2F7777772E6F6D672E6F72672F737065632F42504D4E2F32303130303532342F44492220786D6C6E733A6F6D6764633D22687474703A2F2F7777772E6F6D672E6F72672F737065632F44442F32303130303532342F44432220786D6C6E733A6F6D6764693D22687474703A2F2F7777772E6F6D672E6F72672F737065632F44442F32303130303532342F44492220747970654C616E67756167653D22687474703A2F2F7777772E77332E6F72672F323030312F584D4C536368656D61222065787072657373696F6E4C616E67756167653D22687474703A2F2F7777772E77332E6F72672F313939392F585061746822207461726765744E616D6573706163653D22687474703A2F2F7777772E666C6F7761626C652E6F72672F70726F6365737364656622206578706F727465723D22466C6F7761626C65204F70656E20536F75726365204D6F64656C657222206578706F7274657256657273696F6E3D22362E382E30223E0A20203C70726F636573732069643D22617373657443616C6C22206E616D653D22E8B584E4BAA7E8B083E794A8E6B581E7A88B2220697345786563757461626C653D2274727565223E0A202020203C646F63756D656E746174696F6E3EE8B584E4BAA7E8B083E794A8E6B581E7A88B3C2F646F63756D656E746174696F6E3E0A202020203C73746172744576656E742069643D2273746172744576656E74312220666C6F7761626C653A666F726D4669656C6456616C69646174696F6E3D2274727565222F3E0A202020203C757365725461736B2069643D227369642D32384634363439432D323739302D343536312D384137462D39413831423044373445384522206E616D653D22E794A8E688B7E794B3E8AFB72220666C6F7761626C653A61737369676E65653D22247B7573657249647D2220666C6F7761626C653A666F726D4669656C6456616C69646174696F6E3D2274727565223E0A2020202020203C657874656E73696F6E456C656D656E74733E0A20202020202020203C6D6F64656C65723A696E69746961746F722D63616E2D636F6D706C65746520786D6C6E733A6D6F64656C65723D22687474703A2F2F666C6F7761626C652E6F72672F6D6F64656C6572223E3C215B43444154415B66616C73655D5D3E3C2F6D6F64656C65723A696E69746961746F722D63616E2D636F6D706C6574653E0A2020202020203C2F657874656E73696F6E456C656D656E74733E0A202020203C2F757365725461736B3E0A202020203C73657175656E6365466C6F772069643D227369642D44373945383533322D373936462D343541332D393932412D3738454346313837323746302220736F757263655265663D2273746172744576656E743122207461726765745265663D227369642D32384634363439432D323739302D343536312D384137462D394138314230443734453845222F3E0A202020203C757365725461736B2069643D227369642D45334639343536372D364631442D343644422D384238382D43433139334231453334433022206E616D653D22E9A286E5AFBCE5AEA1E6A0B8312220666C6F7761626C653A61737369676E65653D22247B6C656164657249647D2220666C6F7761626C653A666F726D4669656C6456616C69646174696F6E3D2274727565223E0A2020202020203C657874656E73696F6E456C656D656E74733E0A20202020202020203C6D6F64656C65723A696E69746961746F722D63616E2D636F6D706C65746520786D6C6E733A6D6F64656C65723D22687474703A2F2F666C6F7761626C652E6F72672F6D6F64656C6572223E3C215B43444154415B66616C73655D5D3E3C2F6D6F64656C65723A696E69746961746F722D63616E2D636F6D706C6574653E0A2020202020203C2F657874656E73696F6E456C656D656E74733E0A202020203C2F757365725461736B3E0A202020203C73657175656E6365466C6F772069643D227369642D35443634344145412D394238452D344135342D423641312D3346333643453939354545422220736F757263655265663D227369642D32384634363439432D323739302D343536312D384137462D39413831423044373445384522207461726765745265663D227369642D45334639343536372D364631442D343644422D384238382D434331393342314533344330222F3E0A202020203C6578636C7573697665476174657761792069643D227369642D36354245334639392D384445442D343833462D393246332D413344333446353144414333222F3E0A202020203C73657175656E6365466C6F772069643D227369642D43313842354431352D373430432D343035382D383034452D3241383933373944394546352220736F757263655265663D227369642D44373643303439432D353341382D343446302D384131432D39333044394436383531333222207461726765745265663D227369642D36354245334639392D384445442D343833462D393246332D413344333446353144414333222F3E0A202020203C656E644576656E742069643D227369642D43333037363846432D343331452D343238422D383439392D463538343244354437333541222F3E0A202020203C73657175656E6365466C6F772069643D227369642D30414239423441322D433946302D344431372D384543462D3830373342373845413236442220736F757263655265663D227369642D36354245334639392D384445442D343833462D393246332D41334433344635314441433322207461726765745265663D227369642D32384634363439432D323739302D343536312D384137462D394138314230443734453845223E0A2020202020203C636F6E646974696F6E45787072657373696F6E207873693A747970653D2274466F726D616C45787072657373696F6E223E3C215B43444154415B247B617070726F7665526573756C74203D3D2066616C73657D5D5D3E3C2F636F6E646974696F6E45787072657373696F6E3E0A202020203C2F73657175656E6365466C6F773E0A202020203C757365725461736B2069643D227369642D44373643303439432D353341382D343446302D384131432D39333044394436383531333222206E616D653D22E9A286E5AFBCE5AEA1E6A0B8322220666C6F7761626C653A61737369676E65653D22247B6C656164657249647D2220666C6F7761626C653A666F726D4669656C6456616C69646174696F6E3D2274727565223E0A2020202020203C657874656E73696F6E456C656D656E74733E0A20202020202020203C6D6F64656C65723A696E69746961746F722D63616E2D636F6D706C65746520786D6C6E733A6D6F64656C65723D22687474703A2F2F666C6F7761626C652E6F72672F6D6F64656C6572223E3C215B43444154415B66616C73655D5D3E3C2F6D6F64656C65723A696E69746961746F722D63616E2D636F6D706C6574653E0A2020202020203C2F657874656E73696F6E456C656D656E74733E0A202020203C2F757365725461736B3E0A202020203C73657175656E6365466C6F772069643D227369642D46303430313030312D454436322D344237322D393438372D4339443437313337373442452220736F757263655265663D227369642D45334639343536372D364631442D343644422D384238382D43433139334231453334433022207461726765745265663D227369642D44373643303439432D353341382D343446302D384131432D393330443944363835313332222F3E0A202020203C73657175656E6365466C6F772069643D227369642D43414146304339422D363639302D343636312D383431342D3431453231454338333241312220736F757263655265663D227369642D36354245334639392D384445442D343833462D393246332D41334433344635314441433322207461726765745265663D227369642D43333037363846432D343331452D343238422D383439392D463538343244354437333541223E0A2020202020203C636F6E646974696F6E45787072657373696F6E207873693A747970653D2274466F726D616C45787072657373696F6E223E3C215B43444154415B247B617070726F7665526573756C74203D3D20747275657D5D5D3E3C2F636F6E646974696F6E45787072657373696F6E3E0A202020203C2F73657175656E6365466C6F773E0A20203C2F70726F636573733E0A20203C62706D6E64693A42504D4E4469616772616D2069643D2242504D4E4469616772616D5F617373657443616C6C223E0A202020203C62706D6E64693A42504D4E506C616E652062706D6E456C656D656E743D22617373657443616C6C222069643D2242504D4E506C616E655F617373657443616C6C223E0A2020202020203C62706D6E64693A42504D4E53686170652062706D6E456C656D656E743D2273746172744576656E7431222069643D2242504D4E53686170655F73746172744576656E7431223E0A20202020202020203C6F6D6764633A426F756E6473206865696768743D2233302E30222077696474683D2233302E302220783D223130302E302220793D223136332E30222F3E0A2020202020203C2F62706D6E64693A42504D4E53686170653E0A2020202020203C62706D6E64693A42504D4E53686170652062706D6E456C656D656E743D227369642D32384634363439432D323739302D343536312D384137462D394138314230443734453845222069643D2242504D4E53686170655F7369642D32384634363439432D323739302D343536312D384137462D394138314230443734453845223E0A20202020202020203C6F6D6764633A426F756E6473206865696768743D2238302E30222077696474683D223130302E302220783D223137352E302220793D223133382E30222F3E0A2020202020203C2F62706D6E64693A42504D4E53686170653E0A2020202020203C62706D6E64693A42504D4E53686170652062706D6E456C656D656E743D227369642D45334639343536372D364631442D343644422D384238382D434331393342314533344330222069643D2242504D4E53686170655F7369642D45334639343536372D364631442D343644422D384238382D434331393342314533344330223E0A20202020202020203C6F6D6764633A426F756E6473206865696768743D2238302E30222077696474683D223130302E302220783D223331352E302220793D223133382E30222F3E0A2020202020203C2F62706D6E64693A42504D4E53686170653E0A2020202020203C62706D6E64693A42504D4E53686170652062706D6E456C656D656E743D227369642D36354245334639392D384445442D343833462D393246332D413344333446353144414333222069643D2242504D4E53686170655F7369642D36354245334639392D384445442D343833462D393246332D413344333446353144414333223E0A20202020202020203C6F6D6764633A426F756E6473206865696768743D2234302E30222077696474683D2234302E302220783D223633302E302220793D223135382E30222F3E0A2020202020203C2F62706D6E64693A42504D4E53686170653E0A2020202020203C62706D6E64693A42504D4E53686170652062706D6E456C656D656E743D227369642D43333037363846432D343331452D343238422D383439392D463538343244354437333541222069643D2242504D4E53686170655F7369642D43333037363846432D343331452D343238422D383439392D463538343244354437333541223E0A20202020202020203C6F6D6764633A426F756E6473206865696768743D2232382E30222077696474683D2232382E302220783D223735302E302220793D223130352E30222F3E0A2020202020203C2F62706D6E64693A42504D4E53686170653E0A2020202020203C62706D6E64693A42504D4E53686170652062706D6E456C656D656E743D227369642D44373643303439432D353341382D343446302D384131432D393330443944363835313332222069643D2242504D4E53686170655F7369642D44373643303439432D353341382D343446302D384131432D393330443944363835313332223E0A20202020202020203C6F6D6764633A426F756E6473206865696768743D2238302E30222077696474683D223130302E302220783D223435302E302220793D223133382E30222F3E0A2020202020203C2F62706D6E64693A42504D4E53686170653E0A2020202020203C62706D6E64693A42504D4E456467652062706D6E456C656D656E743D227369642D30414239423441322D433946302D344431372D384543462D383037334237384541323644222069643D2242504D4E456467655F7369642D30414239423441322D433946302D344431372D384543462D3830373342373845413236442220666C6F7761626C653A736F75726365446F636B6572583D2232302E352220666C6F7761626C653A736F75726365446F636B6572593D2232302E352220666C6F7761626C653A746172676574446F636B6572583D2235302E302220666C6F7761626C653A746172676574446F636B6572593D2237392E30223E0A20202020202020203C6F6D6764693A776179706F696E7420783D223635302E352220793D223139372E3434323230383035393231303537222F3E0A20202020202020203C6F6D6764693A776179706F696E7420783D223635302E302220793D223330302E30222F3E0A20202020202020203C6F6D6764693A776179706F696E7420783D223232352E302220793D223330302E30222F3E0A20202020202020203C6F6D6764693A776179706F696E7420783D223232352E302220793D223231372E3935303030303030303030303032222F3E0A2020202020203C2F62706D6E64693A42504D4E456467653E0A2020202020203C62706D6E64693A42504D4E456467652062706D6E456C656D656E743D227369642D43414146304339422D363639302D343636312D383431342D343145323145433833324131222069643D2242504D4E456467655F7369642D43414146304339422D363639302D343636312D383431342D3431453231454338333241312220666C6F7761626C653A736F75726365446F636B6572583D2232302E352220666C6F7761626C653A736F75726365446F636B6572593D2232302E352220666C6F7761626C653A746172676574446F636B6572583D2231342E302220666C6F7761626C653A746172676574446F636B6572593D2231342E30223E0A20202020202020203C6F6D6764693A776179706F696E7420783D223635302E352220793D223135382E35222F3E0A20202020202020203C6F6D6764693A776179706F696E7420783D223635302E352220793D223131392E30222F3E0A20202020202020203C6F6D6764693A776179706F696E7420783D223735302E302220793D223131392E30222F3E0A2020202020203C2F62706D6E64693A42504D4E456467653E0A2020202020203C62706D6E64693A42504D4E456467652062706D6E456C656D656E743D227369642D35443634344145412D394238452D344135342D423641312D334633364345393935454542222069643D2242504D4E456467655F7369642D35443634344145412D394238452D344135342D423641312D3346333643453939354545422220666C6F7761626C653A736F75726365446F636B6572583D2235302E302220666C6F7761626C653A736F75726365446F636B6572593D2234302E302220666C6F7761626C653A746172676574446F636B6572583D2235302E302220666C6F7761626C653A746172676574446F636B6572593D2234302E30223E0A20202020202020203C6F6D6764693A776179706F696E7420783D223237342E39353030303030303030303030352220793D223137382E30222F3E0A20202020202020203C6F6D6764693A776179706F696E7420783D223331342E393939393939393939393638322220793D223137382E30222F3E0A2020202020203C2F62706D6E64693A42504D4E456467653E0A2020202020203C62706D6E64693A42504D4E456467652062706D6E456C656D656E743D227369642D46303430313030312D454436322D344237322D393438372D433944343731333737344245222069643D2242504D4E456467655F7369642D46303430313030312D454436322D344237322D393438372D4339443437313337373442452220666C6F7761626C653A736F75726365446F636B6572583D2235302E302220666C6F7761626C653A736F75726365446F636B6572593D2234302E302220666C6F7761626C653A746172676574446F636B6572583D2235302E302220666C6F7761626C653A746172676574446F636B6572593D2234302E30223E0A20202020202020203C6F6D6764693A776179706F696E7420783D223431342E39353030303030303030303030352220793D223137382E30222F3E0A20202020202020203C6F6D6764693A776179706F696E7420783D223434392E39393939393939393939373230332220793D223137382E30222F3E0A2020202020203C2F62706D6E64693A42504D4E456467653E0A2020202020203C62706D6E64693A42504D4E456467652062706D6E456C656D656E743D227369642D44373945383533322D373936462D343541332D393932412D373845434631383732374630222069643D2242504D4E456467655F7369642D44373945383533322D373936462D343541332D393932412D3738454346313837323746302220666C6F7761626C653A736F75726365446F636B6572583D2231352E302220666C6F7761626C653A736F75726365446F636B6572593D2231352E302220666C6F7761626C653A746172676574446F636B6572583D2235302E302220666C6F7761626C653A746172676574446F636B6572593D2234302E30223E0A20202020202020203C6F6D6764693A776179706F696E7420783D223132392E393439393938343839393537362220793D223137382E30222F3E0A20202020202020203C6F6D6764693A776179706F696E7420783D223137342E393939393939393939393931372220793D223137382E30222F3E0A2020202020203C2F62706D6E64693A42504D4E456467653E0A2020202020203C62706D6E64693A42504D4E456467652062706D6E456C656D656E743D227369642D43313842354431352D373430432D343035382D383034452D324138393337394439454635222069643D2242504D4E456467655F7369642D43313842354431352D373430432D343035382D383034452D3241383933373944394546352220666C6F7761626C653A736F75726365446F636B6572583D2239392E302220666C6F7761626C653A736F75726365446F636B6572593D2234302E302220666C6F7761626C653A746172676574446F636B6572583D2232302E352220666C6F7761626C653A746172676574446F636B6572593D2232302E35223E0A20202020202020203C6F6D6764693A776179706F696E7420783D223534392E39352220793D223137382E3030343637393830323935353638222F3E0A20202020202020203C6F6D6764693A776179706F696E7420783D223633302E34303039393030393930312220793D223137382E34303039393030393930303939222F3E0A2020202020203C2F62706D6E64693A42504D4E456467653E0A202020203C2F62706D6E64693A42504D4E506C616E653E0A20203C2F62706D6E64693A42504D4E4469616772616D3E0A3C2F646566696E6974696F6E733E0A, 0);
INSERT INTO `ACT_GE_BYTEARRAY` VALUES ('03e7fb13-e7bb-11ef-8aa3-cc28aa504d95', 1, 'D:\\Code\\system2\\target\\classes\\processes\\.assetCall.png', '03e11d41-e7bb-11ef-8aa3-cc28aa504d95', 0x89504E470D0A1A0A0000000D4948445200000314000001360806000000F878D4850000190949444154785EEDDD5D8C9CE57937F0090709EA41CE7292AA47C9614EF27516C9444A45941EA056DA5D7B1D93186C61828D22852612267AE3D79148A39EB54AD5D2AA0A6A1BD44A2450D5868281980FA7E4436A0B79A1D4C6695EE23A601B075493183C7D6E77271DEE7D763DFB35F37F667F3FE9D27A9FE7990F79FEBAEFEBF278677B3D0000000000000000000000000000000000000000000000000000000000000000000000000000000000000000000000000000000000000000000000000000000000000000000000000000000000000000000000000000000000000000000000000000000000000000000000000000000000000000000000000000000000000000000000000000000000000000000000000000000000000000000000000000000000000000000000000000000000000000000000000000000000000000000000000000000000000000000000000000000000000000000000000000000000000000000000000000000000000000000000000000000000000000000000000000000000000000000000000000000000000000000000000000000000000000000000000000000000000000000000000000000000000000000000000000000000000000E8B8999999DFDCBA75EB9EB9B9B9FB9BAF4F37F5D3A6FA0B5F9F5E38BEA75C57DF160000D8A46667673FDE0C0A4717868751EB68B95D7D5F0000C026313737F7BE663038DC322CACA40E97FBA9EF1B00009862B3B3B39FD8B66DDBABC3C3C18E1D3BFA77DE7967FFC89123FDE3C78FF7CF9C39D32FCAD7F27D395ECE97EBAAA1E26CB9BFFA3100008029D40C003734C3C49B838160FBF6EDFDBBEEBAAB7FEEDCB9CB03C49594EBCAF5E5764343C5C572BFF5630100005364E19D895F0F137BF7EEEDBFF8E28BF5CC309272BB72FBE1A1C23B15000030A5666666DE3F3F3F7F6E3000ECDFBFBF7FFEFCF97A4E589172FB723F4343C599F238F5630300001DD734FB8786DF9958EB303150EEA77AA7E250FDD8000040872D7C34ECAF7F6662B5FFCD6929E5FE867FA6C247CA0200C014699AFCC707CD7EF981EA8D50EE77E85D8AC7EBE700000084691AF7479BBAA63E3E6CE137605F2A8D7EF9C8D7513FCD69A5CAFD0E7DA4EC25BF511B0000C20DBD23B0E46031373777F3E0BAAF7DED6BF51CB0AECAFD0F1EAB3C6EFD5C000080204303C5928345F3FDBD83F30F3FFC703D03ACAB72FF43CFE5DEE1E701000084691928160D16CDD7EF0F8E9F3871A29E01D655B9FFA1E7F0FDEAE9020000495A0689BACA60F1CAE0FBB367CFD633C0BA2AF73FF4D82FD5CF17000046D2D2D8AA80BA78F1623D03ACAB72FF438FF7469D0B000018496928EB63ACBF7A6018AA47B7FEEF7F797A6970DC3B140000748281623C961B2486AEF133140000748B81623C961B2406B6FA94270000BAC640311ECB0D12037E0F0500009D63A0C831CEDF94FDE94F7FFAF2E394C7F39BB201005835034596E6F5787CF0CEC15D77DD55CF02EBA2DCEFE031CAE3D5CF0100004666A0C8323B3BFBF141B3BF7DFBF6FE8B2FBE58CF036B52EE6F7E7E7EF0EE44BF3C5EFD1C00006064068A3CCD6B7268D0F0EFDDBBB77FFEFCF97A2E5895723FB7DC72CB5B43EF4E1CAA1F1B000056C44091676666E6FDCDEB7266D0F8EFDFBF7FCD4345B9FDEDB7DFFEEB7726CAFD97C7A91F1B000056C44091697676F613CD6B7371F89D8AD5FEF7A772BBEA9D898BE5FEEBC7040080153350E46A5E9B1B86878AF23315E507AA47FDF4A7725DB97EF8672616EEEF86FAB1000060550C14D916DEA9383B34105CFE48D93BEFBCB37FE4C891FEF1E3C7FB67CE9CB93C4094AFE5FB72BC9C1FFA68D8419DF5CE040000EBCA40916F6E6EEE7DCDEB74B81A0E565A87CBFDD4F70D00006B529ACDFA1899163E52F668CBB0B05C1DF5D1B000006C180345F72CFC46ED3D737373F7375F9F6EEAA70BC343F9FAF4C2F13D7E033600001BCE40010000AC9A810200005835030530D5FAFDFE3B4F9C38F1B7C78E1DFB55F908B4871E7A488DB99ABFF74B478F1EFDD9238F3C725DFDFAA49197C9576A5E6463F2959A0D0C14C0946B1A80BF6B36A0FEE9D3A7FB172E5CE8FFF297BF5463AEF2F75EFEFE1F7BECB1F34D53F03BF56B94445E265FA979918DC9576A3630500053AEFC6B62D980EA8D498DBF4E9D3AF54AD3043C5DBF4649E425A7D2F2221B3995960D0C14C0942BFF35C1BF266654791D9A26E08DFA354A222F39959617D9C8A9B46C60A000A65CF97FB7F566A42657E5F5A85FA324F292554979918DAC4ACA06060A60CA8DDA04BCFEEAA9FE89EFFF65FFD987FFEFE52A7F2EC7EAEBD4DA2ABD099097AC4ACA8B6C64555236305000536E9426E0B5732FF59F79F0CBFD7FFE87DF7F5B9563E55C7DBD5A7DA53701F292554979918DAC4ACA06060A60CA8DD204FCF4D9FB17350083FAFFCFFEFDA2EBD5EA2BBD099097AC4ACA8B6C64555236305000536E9426E0FF3DFA078B36FF419573F5F56AF595DE04C84B5625E54536B22A291B18288029374A13F0CC435F59B4F90FAA9CABAF57ABAFF426405EB22A292FB2915549D9C040014C394D4056A53701F292554979918DAC4ACA06060A60CA8DD204944F62A937FF419573F5F56AF595DE04C84B5625E54536B22A291B18288029374A13F0C2937FBC68F31F5439575FAF565FE94D80BC6455525E6423AB92B28181029872A33401675EFA97FE33FFF87F163500E55839575FAF565FE94D80BC6455525E6423AB92B28181029872A33401A55EFCC1DD8B9A8072ACBE4EADADD29B0079C9AAA4BCC84656256503030530E5466A02DE78A3FFC2537FB2A80928C7CAB945D7AB55577A13202F59959417D9C8AAA46C60A000A6DC959A80F2DB6BFFEDC93F5AD4000CAA9CF31B6ED7AFD29B0079C9AAA4BCC84656256503030530E5966C02DE78A37FEA8547FAFFFAC0ED8B36FEBACA35E55AFFC2B8F64A6F02E425AB92F2221B5995940D0C14C0946B6B02AEF42F894B957F615C7BA53701F292554979918DAC4ACA06060A60CAB53501A3FC4BE252556E5BDF9F1ABDD29B0079C9AAA4BCC84656256503030530E5DA9A807A635F69D5F7A746AFF426405EB22A292FB2915549D9A0B76561A0D8529F00980A6D4D809A5CA53701F292554979918DAC4ACAC626578688D34DDDB6F0D550014C1F4D4056A53701F292554979918DAC4ACAC626361826064344FD3DC074D00464557A13202F59959417D9C8AAA46C6C524B0D0F4B1D07E82E4D4056A53701F292554979918DAC4ACAC62674A5A1E14AE781AEE8F7FB571D3B76ECF7EEBEFBEE7F3C70E0C02B5FFAD2972EDC7CF3CD97CA0F4EEDD9B3E7E26DB7DDF68BE6D8BF1F3C78F00F77EEDCF95BF5EDA7852620ABD29B0079C9AAA4BCC846562565639319755818F53A205133485CFDC0030FFCD997BFFCE55FEDDAB5ABFF8D6F7CA3FFBDEF7DAF7FFCF8F1FE993367FA45F95ABE2FC7CBF91B6FBCF1AD7DFBF69DD8BD7BF7B5F5FD759D2620ABD29B0079C9AAA4BCC846562565631359E990B0D2EB8104CD8070CBC183072F7CFEF39FEF1F3B76ACFFD65B6F5D1E20AEA45C57AEBFF5D65B2F7EEE739FFBD1DCDCDCFBEAFBEE2A4D4056A53701F292554979918DAC4ACAC626B1DAE160B5B703C6AD9909DEF1E0830FFEF54D37DDD43F74E850FFCD37DFAC67869194DB95DB7FF6B39F7D7DDBB66DBF5D3F4E176902B22ABD099097AC4ACA8B6C645552363681B50E056BBD3DB0D19A39E01DF7DE7BEF3FDD7CF3CDFDE79E7BAE9E1156A5DCCFAE5DBBFE6B7E7EFEC6FAF1BA46139055E94D80BC6455525E6423AB92B231E5D66B1858AFFB013642796762CF9E3DFDD3A74FD773C19A94FBDBB973E76BB3B3B39FA81FB34B34015995DE04C84B5625E54536B22A291B536CBD8780F5BE3F603D3CF5D453B7946162BDDE99A835F77BE9FAEBAF3F373333F3FEFAB1BB42139055E94D80BC6455525E6423AB92B231A5EAE6FF1D4D7D66E1EB4AD4B7ABEF1798A4A6DFBFFAAB5FFDEA85F2330F1BE9BEFBEE3B373F3FFF40FDF85DA109C8AAF426405EB22A292FB2915549D9984275D35F8681BF68AAFC9D97AFA30E154BDDAEBE7F60520E1F3EFCA7E5D39C56FB03D8A32AF7BF6BD7AE976767673F5E3F872ED00464557A13202F59959417D9C8AAA46C4C99B666FF33BDFF190A0635CA50313C4C0CEAFAA1F36D8F038C53D3E75F75C71D77FCAA7CD4EB383CF1C413AF6EDDBAF5F1FA7974812620ABD29B0079C9AAA4BCC846562565638A2CD5E4B70D07CB0D156DD7FFF9C2F1614B3D1E300E4F3DF5D4EFEEDEBD7BE4DF33B156E571B66FDFFEEACCCCCC6FD6CF65529A01E7D1A6AEA98FD734015935A926405EBA59E3C88B6C74B3C6918D2E1A35CF2DAED4DCB70D096D4345DB756DC3C4C0951E17D828DFFCE6371F2ABFE17A9C0E1C38F0CCDCDCDCCDF573999466C1EC2FD4B28BA72620AB26D504C84B376B1C79918D6ED638B2D145A3E6B9326A53DF362C0C0F156DE7971B2606467D7C603D1D3C78F0E571FD77A781871F7EF8D96671BAB77E2E9332B4682EBB786A02B26A524D80BC74B3C69117D9E8668D231B5D346A9E87ACB4996F1B1ACAF757B51C1F65981858E9F300D6EA8B5FFCE28513274ED43DFF867AFEF9E74F368BD2F7EBE732292D8B66EBE2A909C8AA4935012D3991970ED438F2D29209D9E8408D231B5DD492E3D63C2F586D13DF36543C5F7DBF92616260B5CF07588D3D7BF65C3A7BF66CDDF36FA83367CEBCD62C462FD5CF65525A16CBBA2E2F9E9A80AC9A5413D0928FBAE425B0C69197962CD4251B81358E6C74514B7EEBBA9CE7DEDA9BF7B6A1622DC3C4C05A9F1730AA1D3B76F42F5EBC58F7FC1BAA79BC5FB42C4CF1A509C8AAFAF5492B79C9AAFAF59964C94656D5AF8F5A7935EDC46D757FB142E5BF39D5EF4C94EFCBF1B528CFAB0C15BF519F00D6D14D37DD7471DCEF50BCFCF2CBFFBEB51BEF503CBAD57F5388AD49FDAB624B4EE4A503358EBCB46442363A50E3C84617B5E4B835CFBDB5BF13B0DC3B146D9FFE34AAB53E2F60545FF8C2177E31EE9FA1F8F18F7FFC83ADD93F43512F9697A53501BDC50BEFE51AD7F949D7A49A80AEE5A5D7F21A961AD7F9D75F7FBDBF65CB96B71D9B448D232F5DCA46AFE5352B358EF30F3CF040FF031FF840FFEAABAFEE7FF8C31FEEFFF0873F5CF4FCC659E3C846178D9AE7055B7AAB6BDEDB8689FA9D8AD50C15AB7D3EC06ADC7EFBEDFF36EE4F79FAF6B7BF7DFFD6CC4F795A6EB18C680286AB37B479B71DDBE8F393AE4935015DCB4BAFE5351B3EB691E7CBDAF2B18F7DECF2F76DD78DB3C691972E65A3D7F27A0C1FDBC8F31FF9C847FAEF7AD7BB06AF49FF431FFAD0A26BC759E3C846178D9AE7215B7A2B6BE2DB8689F233136D9FF2B492A162A5CF0358AB03070EFCE1B87F0FC5DEBD7B0F85FD1E8A9116CB842660B87ACB6CD8F59FDB8EADF5FCA46B524D40D7F2D26B79CD868F6DE4F9F2F5A31FFDE8E5AF6DD78DB3C691972E65A3D7F27A0C1FDBE8F3A54E9E3C79F9D8BBDFFDEE45D78EB3C6918D2E1A35CF952DBDD19AF9A58689E57E0FC52843C5A88F0FACA79D3B77FED6AE5DBBDE1AE36FCAFECF66817A39E937658F2AA10918AEDE1536EC8D3E3FE94A6F0252F2D26B79CD868F6DE4F9EBAEBBAE7FEAD4A9CBDFB75D37CE4ACA4B42367A2DAFC7F0B18D3E5F6AFFFEFD978F7DEA539F5A74ED382B291B53624B6FF9A6BE6D5868FB34A7B6EB961B2AAEF4B8C046DAB76FDF8BE3FA6F4FF7DC73CF5F3503C5E3F573E882842660B87A57D8B037FAFCA42BBD0948C94BAFE5351B3EB6D1E707DFD7C7C65D497949C846AFE5F5183EB6D1E7BFF5AD6FF5AFBAEAAAFE7BDFFBDEFE0B2FBCB0E8DA71565236A6C8965E7B73DF3624B40D13036DD7B70D154B3D1E302EBB77EFBEF6D65B6FBDF8E69B6FD6FDFFBA6AEEFFA7CD30F1C2ECECECC7EBE7D005094DC070F5AEB0616FF4F949577A139092975ECB6B367C6CA3CF0FBEAF8F8DBB92F292908D5ECBEB317C6C23CF3FF9E493FD77BEF39DFD0F7EF083FDF2A120F575E3AEA46C4C992DBDC54DFE677A0BEBC1422D374C0CB40D15D70F9D6F7B1C6012F6EEDDFBA343870E5DAA87807574E9EB5FFFFA5F3603C5A1FAB1BB22A10918AEDE321B76FDE7B6636B3D3FE94A6F0252F2D26B79CD868F6DF4F9C1F7F5B17157525E12B2D16B793D868F6DE4F96BAFBDB6FFC94F7EB2FFEAABAF2EBA661295948D29B4A5F7F6667F78381865981858EA76F5FD0393343333F3FE9D3B77BEF6DC73CFD583C0BAF8EE77BFFBCD669838551EA77EECAE48680286ABB7D0A4D535AEF393AEF42620252FBD96D7B0D4B8CE0F5F533FB77156525E12B2D16B79CD4A8DE3FC7BDEF39EB71DBBE38E3B163DBF71565236A6D496DEE2A1A2BCC330EA303150DFAEBE5F20C1B66DDB7EFB861B6EF8AFD3A74FD7F3C09A9C3C79F2EF9B61E267B3B3B39FA81FB34B129A00F5BF95DE04C84B5625E54536B22A291B536CBD9BFFF5BE3F603DCDCFCFDFB873E7CE5FACD73B150BEF4CBCD4D40DF563758D2620ABD29B0079C9AAA4BCC84656256563CAADD710B05EF7036CA4F24EC28E1D3BCEDD77DF7DE756FB83DAE507B0177E66E23FBBFECEC4802620ABD29B0079C9AAA4BCC846562565631358EB30B0D6DB03E3343737F7BEF9F9F90777EDDAF5F2134F3CF1EAA8BFA7A2B9EEF43DF7DCF3D7E5D39C9A3A5CEEA7BEEFAED20464557A13202F59959417D9C8AAA46C6C12AB1D0A567B3B60D2CA47BC3683C1D1EDDBB79FFFCA57BEF2AF478E1C79E6F9E79FFF8F575E79E5F5667E78EDE73FFFF989679F7DF607DFF9CE77EEDBB76FDFE1E6DA57CAF55DFD68D8E56802B22ABD099097AC4ACA8B6C645552363691950E072BBD1E48547EB3753328EC999B9BBBBFF9FA7453E5774AF417BE3EBD707C4F177F03F6A834015995DE04C84B5625E54536B22A291B9BCCA843C2A8D701E4D30464557A13202F59959417D9C8AAA46C6C42571A16AE741EA05B34015995DE04C84B5625E54536B22A291B9BD45243C352C701BA4B139055E94D80BC6455525E6423AB92B2B189D5C343FD3DC074D00464557A13202F59959417D9C8AAA46C6C728321E2B685AF860960FA6802B22ABD099097AC4ACA8B6C64555236E86D291FF852BED62700A6822620ABD29B0079C9AAA4BCC846562565835E6F61A000984E9A80AC4A6F02E425AB92F2221B5995940D0C14C094D30464557A13202F59959417D9C8AAA46C60A000A69C2620ABD29B0079C9AAA4BCC84656256503030530E534015995DE04C84B5625E54536B22A291B18288029A709C8AAF426405EB22A292FB2915549D9C040014C394D4056A53701F292554979918DAC4ACA06060A60CA6902B22ABD099097AC4ACA8B6C64555236305000534E139055E94D80BC6455525E6423AB92B281810298729A80AC4A6F02E425AB92F2221B5995940D0C14C094D30464557A13202F59959417D9C8AAA46C60A000A69C2620ABD29B0079C9AAA4BCC84656256503030530E534015995DE04C84B5625E54536B22A291B18288029A709C8AAF426405EB22A292FB2915549D9C040014C394D4056A53701F292554979918DAC4ACA06060A60CA6902B22ABD099097AC4ACA8B6C6455523630500053EEC89123972E5CB8B0683352E3AFE675F859D304BC51BF4649E425A7D2F2221B3995960D0C14C0943B7AF4E8CF4E9F3EBD684352E3AF9FFCE427F7344DC0D3F56B94445E722A2D2FB2915369D9C040014CB9471E79E4BAC71E7BECFCA953A75EF1AF8B93A9E6EFFDD4C99327FFA66900FEA3A9DFA95FA324F232F94ACD8B6C4CBE52B3818102D804CAC653FE35ABA95F96FF77DBB5BAFBEEBBFB65B1AE8F77A8CADF7BF9FBEF4403509EE7C2F3ED645EA6A062F3529ED3C273938DC9546C36363B030540B866A17ED4620D402A7B1440B06691BEA62CD40B754D7D1E0026CD4001106CF0EEC4423D5A9F07804933500084AADE9DF02E0500910C1400A1AA7727BC4B014024030540A025DE9DF02E0500710C140081967877C2BB1400C43150008429EF40B40C11755D53DF0E0026C1400110A6BC03D13240D4E55D0A00221828003AC0620D402A7B14400758AC0148658F02E8008B3500A9EC51001D60B10620953D0AA0032CD600A4B247017480C51A8054F628800EB0580390CA1E05D001166B0052D9A3003AC0620D402A7B14400758AC0148658F02E8008B3500A9EC51001D60B10620953D0AA0032CD600A4B247017480C51A8054F628800EB0580390CA1E05D001166B0052D9A3003AC0620D402A7B14400758AC0148658F02E8008B3500A9EC51001D60B10620953D0AA0032CD600A4B247017480C51A8054F628800EB0580390CA1E05D001166B0052D9A3003AC0620D402A7B14400758AC0148658F02E8008B3500A9EC51001D60B10620953D0AA0032CD600A4B247017480C51A8054F628800EB0580390CA1E05D001166B0052D9A3003AC0620D402A7B14400758AC0148658F02E8008B3500A9EC51001D60B10620953D0AA0032CD600A4B247017480C51A8054F628800EB0580390CA1E05D001166B0052D9A3003AC0620D402A7B14400758AC0148658F02E8008B3500A9EC51001D60B10620953D0AA0032CD600A4B247017480C51A8054F628800EB0580390CA1E05D001166B0052D9A3003AC0620D402A7B14400758AC0148658F02E8008B3500A9EC51001D60B10620953D0AA0032CD600A4B247017480C51A8054F628800EB0580390CA1E05D001166B0052D9A3003AC0620D402A7B14400758AC0148658F02E8008B3500A9EC51001D60B10620953D0AA0032CD600A4B247017480C51A8054F628800EB0580390CA1E05D001166B0052D9A3003AC0620D402A7B14400758AC0148658F02E8008B3500A9EC51001D60B10620953D0AA0032CD600A4B247017480C51A8054F628800EB0580390CA1E05D001166B0052D9A3003AA02CD64A29A5546AD5FB16000000000000000000000000000000000000000000000000000000C0DBFC37916F6A1483D4301A0000000049454E44AE426082, 1);
INSERT INTO `ACT_GE_BYTEARRAY` VALUES ('0e100c37-e61c-11ef-ac58-cc28aa504d95', 1, '.bpmn20.xml', '0e100c36-e61c-11ef-ac58-cc28aa504d95', 0x3C3F786D6C2076657273696F6E3D22312E302220656E636F64696E673D225554462D38223F3E0A3C646566696E6974696F6E7320786D6C6E733D22687474703A2F2F7777772E6F6D672E6F72672F737065632F42504D4E2F32303130303532342F4D4F44454C2220786D6C6E733A7873693D22687474703A2F2F7777772E77332E6F72672F323030312F584D4C536368656D612D696E7374616E63652220786D6C6E733A7873643D22687474703A2F2F7777772E77332E6F72672F323030312F584D4C536368656D612220786D6C6E733A666C6F7761626C653D22687474703A2F2F666C6F7761626C652E6F72672F62706D6E2220786D6C6E733A62706D6E64693D22687474703A2F2F7777772E6F6D672E6F72672F737065632F42504D4E2F32303130303532342F44492220786D6C6E733A6F6D6764633D22687474703A2F2F7777772E6F6D672E6F72672F737065632F44442F32303130303532342F44432220786D6C6E733A6F6D6764693D22687474703A2F2F7777772E6F6D672E6F72672F737065632F44442F32303130303532342F44492220747970654C616E67756167653D22687474703A2F2F7777772E77332E6F72672F323030312F584D4C536368656D61222065787072657373696F6E4C616E67756167653D22687474703A2F2F7777772E77332E6F72672F313939392F585061746822207461726765744E616D6573706163653D22687474703A2F2F7777772E666C6F7761626C652E6F72672F70726F6365737364656622206578706F727465723D22466C6F7761626C65204F70656E20536F75726365204D6F64656C657222206578706F7274657256657273696F6E3D22362E382E30223E0A20203C70726F636573732069643D22617373657443616C6C22206E616D653D22E8B584E4BAA7E8B083E794A8E6B581E7A88B2220697345786563757461626C653D2274727565223E0A202020203C646F63756D656E746174696F6E3EE8B584E4BAA7E8B083E794A8E6B581E7A88B3C2F646F63756D656E746174696F6E3E0A202020203C73746172744576656E742069643D2273746172744576656E74312220666C6F7761626C653A666F726D4669656C6456616C69646174696F6E3D2274727565223E3C2F73746172744576656E743E0A202020203C757365725461736B2069643D227369642D32384634363439432D323739302D343536312D384137462D39413831423044373445384522206E616D653D22E794A8E688B7E794B3E8AFB72220666C6F7761626C653A61737369676E65653D22247B7573657249647D2220666C6F7761626C653A666F726D4669656C6456616C69646174696F6E3D2274727565223E0A2020202020203C657874656E73696F6E456C656D656E74733E0A20202020202020203C6D6F64656C65723A696E69746961746F722D63616E2D636F6D706C65746520786D6C6E733A6D6F64656C65723D22687474703A2F2F666C6F7761626C652E6F72672F6D6F64656C6572223E3C215B43444154415B66616C73655D5D3E3C2F6D6F64656C65723A696E69746961746F722D63616E2D636F6D706C6574653E0A2020202020203C2F657874656E73696F6E456C656D656E74733E0A202020203C2F757365725461736B3E0A202020203C73657175656E6365466C6F772069643D227369642D44373945383533322D373936462D343541332D393932412D3738454346313837323746302220736F757263655265663D2273746172744576656E743122207461726765745265663D227369642D32384634363439432D323739302D343536312D384137462D394138314230443734453845223E3C2F73657175656E6365466C6F773E0A202020203C757365725461736B2069643D227369642D45334639343536372D364631442D343644422D384238382D43433139334231453334433022206E616D653D22E9A286E5AFBCE5AEA1E6A0B82220666C6F7761626C653A61737369676E65653D22247B6C656164657249647D2220666C6F7761626C653A666F726D4669656C6456616C69646174696F6E3D2274727565223E0A2020202020203C657874656E73696F6E456C656D656E74733E0A20202020202020203C6D6F64656C65723A696E69746961746F722D63616E2D636F6D706C65746520786D6C6E733A6D6F64656C65723D22687474703A2F2F666C6F7761626C652E6F72672F6D6F64656C6572223E3C215B43444154415B66616C73655D5D3E3C2F6D6F64656C65723A696E69746961746F722D63616E2D636F6D706C6574653E0A2020202020203C2F657874656E73696F6E456C656D656E74733E0A202020203C2F757365725461736B3E0A202020203C73657175656E6365466C6F772069643D227369642D35443634344145412D394238452D344135342D423641312D3346333643453939354545422220736F757263655265663D227369642D32384634363439432D323739302D343536312D384137462D39413831423044373445384522207461726765745265663D227369642D45334639343536372D364631442D343644422D384238382D434331393342314533344330223E3C2F73657175656E6365466C6F773E0A202020203C6578636C7573697665476174657761792069643D227369642D36354245334639392D384445442D343833462D393246332D413344333446353144414333223E3C2F6578636C7573697665476174657761793E0A202020203C73657175656E6365466C6F772069643D227369642D43313842354431352D373430432D343035382D383034452D3241383933373944394546352220736F757263655265663D227369642D44373643303439432D353341382D343446302D384131432D39333044394436383531333222207461726765745265663D227369642D36354245334639392D384445442D343833462D393246332D413344333446353144414333223E3C2F73657175656E6365466C6F773E0A202020203C656E644576656E742069643D227369642D43333037363846432D343331452D343238422D383439392D463538343244354437333541223E3C2F656E644576656E743E0A202020203C73657175656E6365466C6F772069643D227369642D30414239423441322D433946302D344431372D384543462D3830373342373845413236442220736F757263655265663D227369642D36354245334639392D384445442D343833462D393246332D41334433344635314441433322207461726765745265663D227369642D32384634363439432D323739302D343536312D384137462D394138314230443734453845223E3C2F73657175656E6365466C6F773E0A202020203C757365725461736B2069643D227369642D44373643303439432D353341382D343446302D384131432D39333044394436383531333222206E616D653D22E9A286E5AFBCE5AEA1E6A0B82220666C6F7761626C653A61737369676E65653D22247B6C656164657249647D2220666C6F7761626C653A666F726D4669656C6456616C69646174696F6E3D2274727565223E0A2020202020203C657874656E73696F6E456C656D656E74733E0A20202020202020203C6D6F64656C65723A696E69746961746F722D63616E2D636F6D706C65746520786D6C6E733A6D6F64656C65723D22687474703A2F2F666C6F7761626C652E6F72672F6D6F64656C6572223E3C215B43444154415B66616C73655D5D3E3C2F6D6F64656C65723A696E69746961746F722D63616E2D636F6D706C6574653E0A2020202020203C2F657874656E73696F6E456C656D656E74733E0A202020203C2F757365725461736B3E0A202020203C73657175656E6365466C6F772069643D227369642D46303430313030312D454436322D344237322D393438372D4339443437313337373442452220736F757263655265663D227369642D45334639343536372D364631442D343644422D384238382D43433139334231453334433022207461726765745265663D227369642D44373643303439432D353341382D343446302D384131432D393330443944363835313332223E3C2F73657175656E6365466C6F773E0A202020203C73657175656E6365466C6F772069643D227369642D43414146304339422D363639302D343636312D383431342D3431453231454338333241312220736F757263655265663D227369642D36354245334639392D384445442D343833462D393246332D41334433344635314441433322207461726765745265663D227369642D43333037363846432D343331452D343238422D383439392D463538343244354437333541223E3C2F73657175656E6365466C6F773E0A20203C2F70726F636573733E0A20203C62706D6E64693A42504D4E4469616772616D2069643D2242504D4E4469616772616D5F617373657443616C6C223E0A202020203C62706D6E64693A42504D4E506C616E652062706D6E456C656D656E743D22617373657443616C6C222069643D2242504D4E506C616E655F617373657443616C6C223E0A2020202020203C62706D6E64693A42504D4E53686170652062706D6E456C656D656E743D2273746172744576656E7431222069643D2242504D4E53686170655F73746172744576656E7431223E0A20202020202020203C6F6D6764633A426F756E6473206865696768743D2233302E30222077696474683D2233302E302220783D223130302E302220793D223136332E30223E3C2F6F6D6764633A426F756E64733E0A2020202020203C2F62706D6E64693A42504D4E53686170653E0A2020202020203C62706D6E64693A42504D4E53686170652062706D6E456C656D656E743D227369642D32384634363439432D323739302D343536312D384137462D394138314230443734453845222069643D2242504D4E53686170655F7369642D32384634363439432D323739302D343536312D384137462D394138314230443734453845223E0A20202020202020203C6F6D6764633A426F756E6473206865696768743D2238302E30222077696474683D223130302E302220783D223137352E302220793D223133382E30223E3C2F6F6D6764633A426F756E64733E0A2020202020203C2F62706D6E64693A42504D4E53686170653E0A2020202020203C62706D6E64693A42504D4E53686170652062706D6E456C656D656E743D227369642D45334639343536372D364631442D343644422D384238382D434331393342314533344330222069643D2242504D4E53686170655F7369642D45334639343536372D364631442D343644422D384238382D434331393342314533344330223E0A20202020202020203C6F6D6764633A426F756E6473206865696768743D2238302E30222077696474683D223130302E302220783D223331352E302220793D223133382E30223E3C2F6F6D6764633A426F756E64733E0A2020202020203C2F62706D6E64693A42504D4E53686170653E0A2020202020203C62706D6E64693A42504D4E53686170652062706D6E456C656D656E743D227369642D36354245334639392D384445442D343833462D393246332D413344333446353144414333222069643D2242504D4E53686170655F7369642D36354245334639392D384445442D343833462D393246332D413344333446353144414333223E0A20202020202020203C6F6D6764633A426F756E6473206865696768743D2234302E30222077696474683D2234302E302220783D223633302E302220793D223135382E30223E3C2F6F6D6764633A426F756E64733E0A2020202020203C2F62706D6E64693A42504D4E53686170653E0A2020202020203C62706D6E64693A42504D4E53686170652062706D6E456C656D656E743D227369642D43333037363846432D343331452D343238422D383439392D463538343244354437333541222069643D2242504D4E53686170655F7369642D43333037363846432D343331452D343238422D383439392D463538343244354437333541223E0A20202020202020203C6F6D6764633A426F756E6473206865696768743D2232382E30222077696474683D2232382E302220783D223735302E302220793D223130352E30223E3C2F6F6D6764633A426F756E64733E0A2020202020203C2F62706D6E64693A42504D4E53686170653E0A2020202020203C62706D6E64693A42504D4E53686170652062706D6E456C656D656E743D227369642D44373643303439432D353341382D343446302D384131432D393330443944363835313332222069643D2242504D4E53686170655F7369642D44373643303439432D353341382D343446302D384131432D393330443944363835313332223E0A20202020202020203C6F6D6764633A426F756E6473206865696768743D2238302E30222077696474683D223130302E302220783D223435302E302220793D223133382E30223E3C2F6F6D6764633A426F756E64733E0A2020202020203C2F62706D6E64693A42504D4E53686170653E0A2020202020203C62706D6E64693A42504D4E456467652062706D6E456C656D656E743D227369642D30414239423441322D433946302D344431372D384543462D383037334237384541323644222069643D2242504D4E456467655F7369642D30414239423441322D433946302D344431372D384543462D3830373342373845413236442220666C6F7761626C653A736F75726365446F636B6572583D2232302E352220666C6F7761626C653A736F75726365446F636B6572593D2232302E352220666C6F7761626C653A746172676574446F636B6572583D2235302E302220666C6F7761626C653A746172676574446F636B6572593D2237392E30223E0A20202020202020203C6F6D6764693A776179706F696E7420783D223635302E352220793D223139372E3434323230383035393231303537223E3C2F6F6D6764693A776179706F696E743E0A20202020202020203C6F6D6764693A776179706F696E7420783D223635302E352220793D223330302E30223E3C2F6F6D6764693A776179706F696E743E0A20202020202020203C6F6D6764693A776179706F696E7420783D223232352E302220793D223330302E30223E3C2F6F6D6764693A776179706F696E743E0A20202020202020203C6F6D6764693A776179706F696E7420783D223232352E302220793D223231372E3935303030303030303030303032223E3C2F6F6D6764693A776179706F696E743E0A2020202020203C2F62706D6E64693A42504D4E456467653E0A2020202020203C62706D6E64693A42504D4E456467652062706D6E456C656D656E743D227369642D43414146304339422D363639302D343636312D383431342D343145323145433833324131222069643D2242504D4E456467655F7369642D43414146304339422D363639302D343636312D383431342D3431453231454338333241312220666C6F7761626C653A736F75726365446F636B6572583D2232302E352220666C6F7761626C653A736F75726365446F636B6572593D2232302E352220666C6F7761626C653A746172676574446F636B6572583D2231342E302220666C6F7761626C653A746172676574446F636B6572593D2231342E30223E0A20202020202020203C6F6D6764693A776179706F696E7420783D223635302E352220793D223135382E35223E3C2F6F6D6764693A776179706F696E743E0A20202020202020203C6F6D6764693A776179706F696E7420783D223635302E352220793D223131392E30223E3C2F6F6D6764693A776179706F696E743E0A20202020202020203C6F6D6764693A776179706F696E7420783D223735302E302220793D223131392E30223E3C2F6F6D6764693A776179706F696E743E0A2020202020203C2F62706D6E64693A42504D4E456467653E0A2020202020203C62706D6E64693A42504D4E456467652062706D6E456C656D656E743D227369642D35443634344145412D394238452D344135342D423641312D334633364345393935454542222069643D2242504D4E456467655F7369642D35443634344145412D394238452D344135342D423641312D3346333643453939354545422220666C6F7761626C653A736F75726365446F636B6572583D2235302E302220666C6F7761626C653A736F75726365446F636B6572593D2234302E302220666C6F7761626C653A746172676574446F636B6572583D2235302E302220666C6F7761626C653A746172676574446F636B6572593D2234302E30223E0A20202020202020203C6F6D6764693A776179706F696E7420783D223237342E39353030303030303030303030352220793D223137382E30223E3C2F6F6D6764693A776179706F696E743E0A20202020202020203C6F6D6764693A776179706F696E7420783D223331342E393939393939393939393638322220793D223137382E30223E3C2F6F6D6764693A776179706F696E743E0A2020202020203C2F62706D6E64693A42504D4E456467653E0A2020202020203C62706D6E64693A42504D4E456467652062706D6E456C656D656E743D227369642D46303430313030312D454436322D344237322D393438372D433944343731333737344245222069643D2242504D4E456467655F7369642D46303430313030312D454436322D344237322D393438372D4339443437313337373442452220666C6F7761626C653A736F75726365446F636B6572583D2235302E302220666C6F7761626C653A736F75726365446F636B6572593D2234302E302220666C6F7761626C653A746172676574446F636B6572583D2235302E302220666C6F7761626C653A746172676574446F636B6572593D2234302E30223E0A20202020202020203C6F6D6764693A776179706F696E7420783D223431342E39353030303030303030303030352220793D223137382E30223E3C2F6F6D6764693A776179706F696E743E0A20202020202020203C6F6D6764693A776179706F696E7420783D223434392E39393939393939393939373230332220793D223137382E30223E3C2F6F6D6764693A776179706F696E743E0A2020202020203C2F62706D6E64693A42504D4E456467653E0A2020202020203C62706D6E64693A42504D4E456467652062706D6E456C656D656E743D227369642D44373945383533322D373936462D343541332D393932412D373845434631383732374630222069643D2242504D4E456467655F7369642D44373945383533322D373936462D343541332D393932412D3738454346313837323746302220666C6F7761626C653A736F75726365446F636B6572583D2231352E302220666C6F7761626C653A736F75726365446F636B6572593D2231352E302220666C6F7761626C653A746172676574446F636B6572583D2235302E302220666C6F7761626C653A746172676574446F636B6572593D2234302E30223E0A20202020202020203C6F6D6764693A776179706F696E7420783D223132392E393439393938343839393537362220793D223137382E30223E3C2F6F6D6764693A776179706F696E743E0A20202020202020203C6F6D6764693A776179706F696E7420783D223137342E393939393939393939393931372220793D223137382E30223E3C2F6F6D6764693A776179706F696E743E0A2020202020203C2F62706D6E64693A42504D4E456467653E0A2020202020203C62706D6E64693A42504D4E456467652062706D6E456C656D656E743D227369642D43313842354431352D373430432D343035382D383034452D324138393337394439454635222069643D2242504D4E456467655F7369642D43313842354431352D373430432D343035382D383034452D3241383933373944394546352220666C6F7761626C653A736F75726365446F636B6572583D2239392E302220666C6F7761626C653A736F75726365446F636B6572593D2234302E302220666C6F7761626C653A746172676574446F636B6572583D2232302E352220666C6F7761626C653A746172676574446F636B6572593D2232302E35223E0A20202020202020203C6F6D6764693A776179706F696E7420783D223534392E39352220793D223137382E3030343637393830323935353638223E3C2F6F6D6764693A776179706F696E743E0A20202020202020203C6F6D6764693A776179706F696E7420783D223633302E34303039393030393930312220793D223137382E34303039393030393930303939223E3C2F6F6D6764693A776179706F696E743E0A2020202020203C2F62706D6E64693A42504D4E456467653E0A202020203C2F62706D6E64693A42504D4E506C616E653E0A20203C2F62706D6E64693A42504D4E4469616772616D3E0A3C2F646566696E6974696F6E733E, 0);
INSERT INTO `ACT_GE_BYTEARRAY` VALUES ('0e2987a8-e61c-11ef-ac58-cc28aa504d95', 1, '.assetCall.png', '0e100c36-e61c-11ef-ac58-cc28aa504d95', 0x89504E470D0A1A0A0000000D4948445200000314000001360806000000F878D4850000178749444154785EEDDDDF8F5C677907F0858B0AF55F405CC1FFE1200571C1056AA5DDB5D738E0C4566C624748A42025A0E21A291471D78AAA4D2B94A854512B0512543B2171129C10D380905A129A106C07D2604CFC2326082738F1F4BCEE0E9DBC7BD69E9D5DCF7CCFD9CF477AB4D9F971CE28F3D5FB3E8FCFEEECDC1C000000000000000000000000000000000000000000000000000000000000000000000000000000000000000000000000000000000000000000000000000000000000000000000000000000000000000000000000000000000000000000000000000000000000000000000000000000000000000000000000000000000000000000000000000000000000000000000000000000000000000000000000000000000000000000000000000000000000000000000000000000000000000000000000000000000000000000000000000000000000000000000000000000000000000000000000000000000000000000000000000000000000000000000000000000000000000000000000000000000000000000000000000000000000000000000000000000000000000000000000000000000000000000000000000000000000000074DCFCFCFCFBB76EDDBA677171F1A1E6EBB34DBDD2D460F9EBB3CBB7EF298FAB9F0B00006C520B0B0B1F6E0685A3CBC3C3B875B43CAF3E160000B0492C2E2E7EB0190C0EB70C0B6BA9C3E538F5B10100801E5B5858B871DBB66DAF8F0E073B76EC18DC7DF7DD8323478E0C8E1F3F3E387BF6ECA0285FCBF7E5F6727F795C35549C2BC7ABCF010000F4503300DCDC0C136F0F0782EDDBB70FEEB9E79EC1F9F3E7AF0C10D7521E571E5F9E3732545C2AC7ADCF050000F4C8F295893F0E13FBF6ED1B9C3C79B29E19C6529E579E3F3A54B8520100003D353F3FFFA1A5A5A5F3C301E0AEBBEE1A5CB870A19E13D6A43CBF1C6764A8385BCE539F1B0000E8B8A6D93F347A6562BDC3C450394E75A5E2507D6E0000A0C3963F1AF68FBF3331E98F39ADA61C6FF4772A7CA42C0000F448D3E43F356CF6CB2F545F0FE5B82357299EAA5F03000010A669DC9F68EA86FAF651CB7F01FB7269F4CB47BE8EFB694E6B558E3BF291B297FD456D00000837724560D5C162717171EFF0715FF9CA57EA39604395E30FCF55CE5BBF16000020C8C840B1EA60D17CFFC0F0FEC71E7BAC9E01365439FEC86B7960F475000000615A068A158345F3F587C3DB4F9C3851CF001BAA1C7FE435FCB07AB9000040929641A2AE32589C197E7FEEDCB97A06D850E5F823E77EB57EBD0000309696C65605D4A54B97EA19604395E38F9CEFCD3A1700003096D250D6B7B1F1EA8161A49ED8FAFF3FF2F4EAF07657280000E80403C5745C6D9018798CDFA10000A05B0C14D371B5416268AB4F790200A06B0C14D371B54162C8DFA10000A0730C1439A6F997B23FF1894F5C394F399FBF940D00C0C40C14599AF7E3A9E195837BEEB9A79E05364439EEF01CE57CF56B000080B11928B22C2C2C7C78D8EC6FDFBE7D70F2E4C97A1E589772BCA5A5A5E1D58941395FFD1A0000606C068A3CCD7B7268D8F0EFDBB76F70E1C2857A2E984839CE6DB7DDF6CEC8D58943F5B90100604D0C1479E6E7E73FD4BC2F67878DFF5D77DDB5EEA1A23CFFCE3BEFFCE3958972FC729EFADC0000B026068A4C0B0B0B3736EFCDA5D12B1593FEF853795E7565E252397E7D4E000058330345AEE6BDB97974A828BF53517EA17ADC4F7F2A8F2B8F1FFD9D89E5E3DD5C9F0B00002662A0C8B67CA5E2DCC84070E52365EFBEFBEEC191234706C78F1F1F9C3D7BF6CA0051BE96EFCBEDE5FE918F861DD63957260000D850068A7C8B8B8B1F6CDEA7C3D570B0D63A5C8E531F1B0000D6A5349BF56D645AFE48D9A32DC3C2D5EAA88F860500E0BA315074CFF25FD4DEB3B8B8F850F3F5D9A65E591E1ECAD767976FDFE32F60030070DD1928000080891928000080891928805E1B0C067F72E2C4897F3D76ECD81FCA47A03DFAE8A36ACAD5FC7FBF7CF4E8D15F3DFEF8E31FAFDF9F34F232FB4ACD8B6CCCBE52B3818102E8B9A601F8B766031A9C3E7D7A70F1E2C5C15B6FBDA5A65CE5FF7BF9FFFFE4934F5E689A828FD5EF511279997DA5E64536665FA9D9C04001F45CF9D7C4B201D51B939A7E9D3A75EA4CD3043C5BBF4749E425A7D2F2221B3995960D0C1440CF951F4DF0AF891955DE87A60978B37E8F92C84B4EA5E54536722A2D1B1828809E2B3F775B6F466A7655DE8FFA3D4A222F59959417D9C8AAA46C60A0007A6EDC26E077AF9F1A9CF8E13706CF3FF65757AAFC77B9AD7E9C5A5FA53701F292554979918DAC4ACA06060AA0E7C66902DE38FFEAE0B947BE38F8CF7FFF8B7755B9ADDC573F5E4D5EE94D80BC6455525E6423AB92B2818102E8B9719A80579E7F68450330ACFF79FE3B2B1EAF26AFF426405EB22A292FB2915549D9C04001F4DC384DC07F3FF1D72B36FF6195FBEAC7ABC92BBD099097AC4ACA8B6C645552363050003D374E13F0DCA35F5AB1F90FABDC573F5E4D5EE94D80BC6455525E6423AB92B2818102E8394D4056A53701F292554979918DAC4ACA06060AA0E7C66902CA27B1D49BFFB0CA7DF5E3D5E495DE04C84B5625E54536B22A291B1828809E1BA70978E9FB7FBB62F31F56B9AF7EBC9ABCD29B0079C9AAA4BCC846562565030305D073E33401675FFDAFC173DFFDCB150D40B9ADDC573F5E4D5EE94D80BC6455525E6423AB92B2818102E8B9719A8052277F74DF8A26A0DC563F4EADAFD29B0079C9AAA4BCC846562565030305D0736335016FBE3978E999BF5BD10494DBCA7D2B1EAF26AEF426405EB22A292FB2915549D9C04001F4DCB59A80F2D76B7FF6FDBF59D1000CABDCE72FDC6E5CA53701F292554979918DAC4ACA06060AA0E7566D02DE7C7370EAA5C7073F79F8CE151B7F5DE531E5B1FE8571FD95DE04C84B5625E54536B22A291B1828809E6B6B02AEF52F89AB957F615C7FA53701F292554979918DAC4ACA06060AA0E7DA9A8071FE2571B52ACFAD8FA7C6AFF426405EB22A292FB2915549D9C04001F45C5B13506FEC6BADFA786AFC4A6F02E425AB92F2221B5995940DE6B62C0F145BEA3B007AA1AD0950B3ABF426405EB22A292FB2915549D9D8E4CA1071BAA93B96BF1A2A80FED10464557A13202F59959417D9C8AAA46C6C62C361623844D4DF03F4832620ABD29B0079C9AAA4BCC84656256563935A6D7858ED7680EED20464557A13202F59959417D9C8AAA46C6C42D71A1AAE753FD01583C1E0BDC78E1DFBF3FBEEBBEFBB070E1C38F3F9CF7FFEE2DEBD7B2F975F9CDAB367CFA53BEEB8E3B7CD6D3F3F78F0E0D776EEDCF981FAF97DA109C8AAF426405EB22A292FB2915549D9D864C61D16C67D1C90A81924DEF7F0C30FFFC317BFF8C53FECDAB56BF0F5AF7F7DF0831FFC6070FCF8F1C1D9B3670745F95ABE2FB797FB6FB9E59677F6EFDF7F62F7EEDD1FAD8FD7759A80AC4A6F02E425AB92F2221B5995948D4D64AD43C25A1F0F24680684DB0E1E3C78F1339FF9CCE0D8B1638377DE79E7CA00712DE571E5F1B7DF7EFBA54F7FFAD33F5E5C5CFC607DECAED20464557A13202F59959417D9C8AAA46C6C12930E07933E0F98B6662678CF238F3CF2CD5B6FBD7570E8D0A1C1DB6FBF5DCF0C6329CF2BCFFFD4A73EF5BB6DDBB67DA43E4F176902B22ABD099097AC4ACA8B6C645552363681F50E05EB7D3E70BD3573C07B1E78E081FFD8BB77EFE085175EA867848994E3ECDAB5EBF74B4B4BB7D4E7EB1A4D4056A53701F292554979918DAC4ACA46CF6DD430B051C701AE87726562CF9E3D83D3A74FD773C1BA94E3EDDCB9F38D8585851BEB7376892620ABD29B0079C9AAA4BCC846562565A3C7367A08D8E8E3011BE199679EB9AD0C131B7565A2D61CF7F24D37DD747E7E7EFE43F5B9BB42139055E94D80BC6455525E6423AB92B2D15375F3FF9EA63EB9FC752DEAE7D5C70566A9E9F7DFF7E52F7FF962F99D87EBE9C1071F3CBFB4B4F4707DFEAED00464557A13202F59959417D9C8AAA46CF450DDF49761E09F9A2AFFCFCBD771878AD59E571F1F9895C3870FFF7DF934A7497F017B5CE5F8BB76ED7A6D6161E1C3F56BE8024D4056A53701F292554979918DAC4ACA46CFB435FB9F9CFBBFA16058E30C15A3C3C4B06E1AB9BFED3CC034357DFE7BBFF0852FFCA17CD4EB343CFDF4D3AF6FDDBAF5A9FA7574812620ABD29B0079C9AAA4BCC846562565A347566BF2DB8683AB0D156D8FFFC7E5DB47AD763E601A9E79E6993FDBBD7BF7D87F6762BDCA79B66FDFFEFAFCFCFCFBEBD7322BCD80F3445337D4B7D734015935AB26405EBA59D3C88B6C74B3A6918D2E1A37CF2DAED5DCB70D096D4345DBE3DA8689A16B9D17B85EEEBDF7DE47CB5FB89EA603070E3CB7B8B8B8B77E2DB3D22C9883E5BAEAE2A909C8AA593501F2D2CD9A465E64A39B358D6C74D1B879AE8CDBD4B70D0BA34345DBFD571B2686C63D3FB0910E1E3CF8DAB47EDC69E8B1C71E7BBE599C1EA85FCBAC8C2C9A575D3C35015935AB26405EBA59D3C88B6C74B3A6918D2E1A37CF23D6DACCB70D0DE5FBF7B6DC3ECE3031B4D6D701ACD7E73EF7B98B274E9CA87BFEEBEAC5175F7CB959947E58BF96596959345B174F4D4056CDAA0968C989BC74A0A69197964CC846076A1AD9E8A2961CB7E679D9A44D7CDB50F162F5FD5A8689A1495F0F30893D7BF65C3E77EE5CDDF35F5767CF9E7DA3598C5EAD5FCBACB42C96755D593C35015935AB26A0251F75C94B604D232F2D59A84B36026B1AD9E8A296FCD67525CF73EB6FDEDB868AF50C1343EB7D5DC0B876ECD831B874E952DDF35F57CDF97EDBB230C5972620ABEAF727ADE425ABEAF76796251B5955BF3F6AEDD5B41377D4FDC51A951F73AAAF4C94EFCBEDEB515E57192AFEB4BE03D840B7DE7AEBA5695FA178EDB5D77EBEB51B57289ED8EAC714626B56FFAAD8921379E9404D232F2D99908D0ED434B2D1452D396ECDF3DCFAAF045CED0A45DBA73F8D6BBDAF0B18D7673FFBD9DF4EFB77287EFAD39FFE686BF6EF50D48BE515694DC0DCCA85F74A4DEBFE59D7AC9A007999ECFE59D734F2221B93DD3FEB9A4636BA68DC3C2FDB323759F3DE364CD4572A26192A267D3DC024EEBCF3CE9F4DFB539EBEF5AD6F3DB435F3539EAEB65846360157BBED7ADF3FEB9A5513202F93DD3FEB9A465E6463B2FB675DD3C846178D9BE7115BE6D6D6C4B70D13E57726DA3EE5692D43C55A5F07B05E070E1CF8DAB4FF0EC5BE7DFB0E85FD1D8AB1164B4D40FB6DB3AA593501F232D9FDB3AE69E4453626BB7FD6358D6C74D1B879AE6C991BAF995F6D98B8DADFA11867A818F7FCC046DAB973E70776EDDAF5CE14FF52F6AF9B05EAB5A4BF943D2E4D40FB6DB3AAF426405EDA6F9B5525E54536DA6F9B552565A327B6CC5DBDA96F1B16DA3ECDA9ED71571B2AAE755EE07ADABF7FFFC969FDD8D3FDF7DFFFCFCD40F154FD1ABA4013D07EDBAC2ABD099097F6DB66554979918DF6DB665549D9E8912D73EDCD7DDB90D0364C0CB53DBE6DA858ED7CC0B4ECDEBDFBA3B7DF7EFBA5B7DF7EBBEEFF375473FC579A61E2A58585850FD7AFA10B3401EDB7CDAAD29B007969BF6D56959417D968BF6D5695948D9ED932B7B2C9FF645357DEFFE5BADA3031D43654DC34727FDB798059D8B76FDF8F0F1D3A74B91E0236D0E5AF7EF5ABDF68068A43F5B9BB4213D07EDBAC2ABD099097F6DB66554979918DF6DB665549D9E8A12D73EF6EF6478783718689A1D59E571F1F98A5F9F9F90FEDDCB9F38D175E78A11E0436C4F7BEF7BD7B9B61E254394F7DEEAE486C02DA6A5AF7CFBAD29B007979F7FDB3AEA4BCC8C6BBEF9F752565A3A7B6CCAD1C2ACA1586718789A1FA79F5718104DBB66DFBC8CD37DFFCFBD3A74FD7F3C0BABCFCF2CBDF6986895F2D2C2CDC589FB34BD29A80CD5EE94D80BC6455525E6423AB92B2D1631BDDFC6FF4F1808DB4B4B474CBCE9D3B7FBB51572A96AF4CBCDAD4CDF5B9BA46139055E94D80BC6455525E6423AB92B2D1731B35046CD47180EBA95C49D8B163C7F9071F7CF0FCA4BFA85D7E017BF977267EDDF52B13439A80AC4A6F02E425AB92F2221B5995948D4D60BDC3C07A9F0F4CD3E2E2E2079796961ED9B56BD76B4F3FFDF4EBE3FE9D8AE671A7EFBFFFFE6F964F736AEA70394E7DECAED20464557A13202F59959417D9C8AAA46C6C12930E05933E0F98B5F211AFCD607074FBF6ED17BEF4A52FFDE4C89123CFBDF8E28BBF3C73E6CCEF9AF9E18DDFFCE637279E7FFEF91F7DFBDBDF7E70FFFEFD879BC79E298FEFEA47C35E8D2620ABD29B0079C9AAA4BCC846562565631359EB70B0D6C70389CA5FB66E06853D8B8B8B0F355F9F6DAAFC4D89C1F2D767976FDFD3C5BF803D2E4D4056A53701F292554979918DAC4ACAC62633EE9030EEE300F26902B22ABD099097AC4ACA8B6C6455523636A16B0D0BD7BA1FA05B34015995DE04C84B5625E54536B22A291B9BD46A43C36AB70374972620ABD29B0079C9AAA4BCC8465625656313AB8787FA7B807ED00464557A13202F59959417D9C8AAA46C6C72C321E28EE5AF8609A07F34015995DE04C84B5625E54536B22A291BCC6D291FF852BED67700F4822620ABD29B0079C9AAA4BCC84656256583B9B9E58102A09F34015995DE04C84B5625E54536B22A291B1828809ED30464557A13202F59959417D9C8AAA46C60A0007A4E139055E94D80BC6455525E6423AB92B2818102E8394D4056A53701F292554979918DAC4ACA06060AA0E734015995DE04C84B5625E54536B22A291B1828809ED30464557A13202F59959417D9C8AAA46C60A0007A4E139055E94D80BC6455525E6423AB92B2818102E8394D4056A53701F292554979918DAC4ACA06060AA0E734015995DE04C84B5625E54536B22A291B1828809ED30464557A13202F59959417D9C8AAA46C60A0007A4E139055E94D80BC6455525E6423AB92B2818102E8394D4056A53701F292554979918DAC4ACA06060AA0E734015995DE04C84B5625E54536B22A291B1828809ED30464557A13202F59959417D9C8AAA46C60A0007A4E139055E94D80BC6455525E6423AB92B2818102E8B923478E5CBE78F1E28ACD484DBF9AF7E1574D13F066FD1E2591979C4ACB8B6CE4545A363050003D77F4E8D15F9D3E7D7AC586A4A65FBFF8C52FEE6F9A8067EBF72889BCE4545A5E6423A7D2B2818102E8B9C71F7FFCE34F3EF9E48553A74E9DF1AF8BB3A9E6FFFBA9975F7EF95F9A06E0974D7DAC7E8F92C8CBEC2B352FB231FB4ACD06060A6013281B4FF9D7ACA6DE2A3F77DBB5BAEFBEFB0665B1AE6FEF5095FFEFE5FF7F271A80F23A975F6F27F3D2838ACD4B794DCBAF4D366653B1D9D8EC0C1400E19A85FA098B3500A9EC5100C19A45FA86B2502FD70DF5FD00306B060A8060C3AB13CBF5447D3F00CC9A810220547575C2550A0022192800425557275CA5002092810220D02A57275CA500208E810220D02A57275CA500208E8102204CB902D13244D47543FD3C009805030540987205A26580A8CB550A00221828003AC0620D402A7B14400758AC0148658F02E8008B3500A9EC51001D60B10620953D0AA0032CD600A4B247017480C51A8054F628800EB0580390CA1E05D001166B0052D9A3003AC0620D402A7B14400758AC0148658F02E8008B3500A9EC51001D60B10620953D0AA0032CD600A4B247017480C51A8054F628800EB0580390CA1E05D001166B0052D9A3003AC0620D402A7B14400758AC0148658F02E8008B3500A9EC51001D60B10620953D0AA0032CD600A4B247017480C51A8054F628800EB0580390CA1E05D001166B0052D9A3003AC0620D402A7B14400758AC0148658F02E8008B3500A9EC51001D60B10620953D0AA0032CD600A4B247017480C51A8054F628800EB0580390CA1E05D001166B0052D9A3003AC0620D402A7B14400758AC0148658F02E8008B3500A9EC51001D60B10620953D0AA0032CD600A4B247017480C51A8054F628800EB0580390CA1E05D001166B0052D9A3003AC0620D402A7B14400758AC0148658F02E8008B3500A9EC51001D60B10620953D0AA0032CD600A4B247017480C51A8054F628800EB0580390CA1E05D001166B0052D9A3003AC0620D402A7B14400758AC0148658F02E8008B3500A9EC51001D60B10620953D0AA0032CD600A4B247017480C51A8054F628800EB0580390CA1E05D001166B0052D9A3003AC0620D402A7B14400758AC0148658F02E8008B3500A9EC51001D60B10620953D0AA0032CD600A4B247017480C51A8054F628800EB0580390CA1E05D001166B0052D9A3003AC0620D402A7B14400758AC0148658F02E8008B3500A9EC51001D60B10620953D0AA0032CD600A4B247017480C51A8054F628800EB0580390CA1E05D001166B0052D9A3003AA02CD64A29A5546AD5FB16000000000000000000000000000000000000000000000000000000C0BBFC2FD19AE0C140CD5BE30000000049454E44AE426082, 1);
INSERT INTO `ACT_GE_BYTEARRAY` VALUES ('0ef02166-e6fc-11ef-9d7f-cc28aa504d95', 1, '.bpmn20.xml', '0ef02165-e6fc-11ef-9d7f-cc28aa504d95', 0x3C3F786D6C2076657273696F6E3D22312E302220656E636F64696E673D225554462D38223F3E0A3C646566696E6974696F6E7320786D6C6E733D22687474703A2F2F7777772E6F6D672E6F72672F737065632F42504D4E2F32303130303532342F4D4F44454C2220786D6C6E733A7873693D22687474703A2F2F7777772E77332E6F72672F323030312F584D4C536368656D612D696E7374616E63652220786D6C6E733A7873643D22687474703A2F2F7777772E77332E6F72672F323030312F584D4C536368656D612220786D6C6E733A666C6F7761626C653D22687474703A2F2F666C6F7761626C652E6F72672F62706D6E2220786D6C6E733A62706D6E64693D22687474703A2F2F7777772E6F6D672E6F72672F737065632F42504D4E2F32303130303532342F44492220786D6C6E733A6F6D6764633D22687474703A2F2F7777772E6F6D672E6F72672F737065632F44442F32303130303532342F44432220786D6C6E733A6F6D6764693D22687474703A2F2F7777772E6F6D672E6F72672F737065632F44442F32303130303532342F44492220747970654C616E67756167653D22687474703A2F2F7777772E77332E6F72672F323030312F584D4C536368656D61222065787072657373696F6E4C616E67756167653D22687474703A2F2F7777772E77332E6F72672F313939392F585061746822207461726765744E616D6573706163653D22687474703A2F2F7777772E666C6F7761626C652E6F72672F70726F6365737364656622206578706F727465723D22466C6F7761626C65204F70656E20536F75726365204D6F64656C657222206578706F7274657256657273696F6E3D22362E382E30223E0A20203C70726F636573732069643D22617373657443616C6C22206E616D653D22E8B584E4BAA7E8B083E794A8E6B581E7A88B2220697345786563757461626C653D2274727565223E0A202020203C646F63756D656E746174696F6E3EE8B584E4BAA7E8B083E794A8E6B581E7A88B3C2F646F63756D656E746174696F6E3E0A202020203C73746172744576656E742069643D2273746172744576656E74312220666C6F7761626C653A666F726D4669656C6456616C69646174696F6E3D2274727565223E3C2F73746172744576656E743E0A202020203C757365725461736B2069643D227369642D32384634363439432D323739302D343536312D384137462D39413831423044373445384522206E616D653D22E794A8E688B7E794B3E8AFB72220666C6F7761626C653A61737369676E65653D22247B7573657249647D2220666C6F7761626C653A666F726D4669656C6456616C69646174696F6E3D2274727565223E0A2020202020203C657874656E73696F6E456C656D656E74733E0A20202020202020203C6D6F64656C65723A696E69746961746F722D63616E2D636F6D706C65746520786D6C6E733A6D6F64656C65723D22687474703A2F2F666C6F7761626C652E6F72672F6D6F64656C6572223E3C215B43444154415B66616C73655D5D3E3C2F6D6F64656C65723A696E69746961746F722D63616E2D636F6D706C6574653E0A2020202020203C2F657874656E73696F6E456C656D656E74733E0A202020203C2F757365725461736B3E0A202020203C73657175656E6365466C6F772069643D227369642D44373945383533322D373936462D343541332D393932412D3738454346313837323746302220736F757263655265663D2273746172744576656E743122207461726765745265663D227369642D32384634363439432D323739302D343536312D384137462D394138314230443734453845223E3C2F73657175656E6365466C6F773E0A202020203C757365725461736B2069643D227369642D45334639343536372D364631442D343644422D384238382D43433139334231453334433022206E616D653D22E9A286E5AFBCE5AEA1E6A0B82220666C6F7761626C653A61737369676E65653D22247B6C656164657249647D2220666C6F7761626C653A666F726D4669656C6456616C69646174696F6E3D2274727565223E0A2020202020203C657874656E73696F6E456C656D656E74733E0A20202020202020203C6D6F64656C65723A696E69746961746F722D63616E2D636F6D706C65746520786D6C6E733A6D6F64656C65723D22687474703A2F2F666C6F7761626C652E6F72672F6D6F64656C6572223E3C215B43444154415B66616C73655D5D3E3C2F6D6F64656C65723A696E69746961746F722D63616E2D636F6D706C6574653E0A2020202020203C2F657874656E73696F6E456C656D656E74733E0A202020203C2F757365725461736B3E0A202020203C73657175656E6365466C6F772069643D227369642D35443634344145412D394238452D344135342D423641312D3346333643453939354545422220736F757263655265663D227369642D32384634363439432D323739302D343536312D384137462D39413831423044373445384522207461726765745265663D227369642D45334639343536372D364631442D343644422D384238382D434331393342314533344330223E3C2F73657175656E6365466C6F773E0A202020203C6578636C7573697665476174657761792069643D227369642D36354245334639392D384445442D343833462D393246332D413344333446353144414333223E3C2F6578636C7573697665476174657761793E0A202020203C73657175656E6365466C6F772069643D227369642D43313842354431352D373430432D343035382D383034452D3241383933373944394546352220736F757263655265663D227369642D44373643303439432D353341382D343446302D384131432D39333044394436383531333222207461726765745265663D227369642D36354245334639392D384445442D343833462D393246332D413344333446353144414333223E3C2F73657175656E6365466C6F773E0A202020203C656E644576656E742069643D227369642D43333037363846432D343331452D343238422D383439392D463538343244354437333541223E3C2F656E644576656E743E0A202020203C73657175656E6365466C6F772069643D227369642D30414239423441322D433946302D344431372D384543462D3830373342373845413236442220736F757263655265663D227369642D36354245334639392D384445442D343833462D393246332D41334433344635314441433322207461726765745265663D227369642D32384634363439432D323739302D343536312D384137462D394138314230443734453845223E3C2F73657175656E6365466C6F773E0A202020203C757365725461736B2069643D227369642D44373643303439432D353341382D343446302D384131432D39333044394436383531333222206E616D653D22E9A286E5AFBCE5AEA1E6A0B82220666C6F7761626C653A61737369676E65653D22247B6C656164657249647D2220666C6F7761626C653A666F726D4669656C6456616C69646174696F6E3D2274727565223E0A2020202020203C657874656E73696F6E456C656D656E74733E0A20202020202020203C6D6F64656C65723A696E69746961746F722D63616E2D636F6D706C65746520786D6C6E733A6D6F64656C65723D22687474703A2F2F666C6F7761626C652E6F72672F6D6F64656C6572223E3C215B43444154415B66616C73655D5D3E3C2F6D6F64656C65723A696E69746961746F722D63616E2D636F6D706C6574653E0A2020202020203C2F657874656E73696F6E456C656D656E74733E0A202020203C2F757365725461736B3E0A202020203C73657175656E6365466C6F772069643D227369642D46303430313030312D454436322D344237322D393438372D4339443437313337373442452220736F757263655265663D227369642D45334639343536372D364631442D343644422D384238382D43433139334231453334433022207461726765745265663D227369642D44373643303439432D353341382D343446302D384131432D393330443944363835313332223E3C2F73657175656E6365466C6F773E0A202020203C73657175656E6365466C6F772069643D227369642D43414146304339422D363639302D343636312D383431342D3431453231454338333241312220736F757263655265663D227369642D36354245334639392D384445442D343833462D393246332D41334433344635314441433322207461726765745265663D227369642D43333037363846432D343331452D343238422D383439392D463538343244354437333541223E3C2F73657175656E6365466C6F773E0A20203C2F70726F636573733E0A20203C62706D6E64693A42504D4E4469616772616D2069643D2242504D4E4469616772616D5F617373657443616C6C223E0A202020203C62706D6E64693A42504D4E506C616E652062706D6E456C656D656E743D22617373657443616C6C222069643D2242504D4E506C616E655F617373657443616C6C223E0A2020202020203C62706D6E64693A42504D4E53686170652062706D6E456C656D656E743D2273746172744576656E7431222069643D2242504D4E53686170655F73746172744576656E7431223E0A20202020202020203C6F6D6764633A426F756E6473206865696768743D2233302E30222077696474683D2233302E302220783D223130302E302220793D223136332E30223E3C2F6F6D6764633A426F756E64733E0A2020202020203C2F62706D6E64693A42504D4E53686170653E0A2020202020203C62706D6E64693A42504D4E53686170652062706D6E456C656D656E743D227369642D32384634363439432D323739302D343536312D384137462D394138314230443734453845222069643D2242504D4E53686170655F7369642D32384634363439432D323739302D343536312D384137462D394138314230443734453845223E0A20202020202020203C6F6D6764633A426F756E6473206865696768743D2238302E30222077696474683D223130302E302220783D223137352E302220793D223133382E30223E3C2F6F6D6764633A426F756E64733E0A2020202020203C2F62706D6E64693A42504D4E53686170653E0A2020202020203C62706D6E64693A42504D4E53686170652062706D6E456C656D656E743D227369642D45334639343536372D364631442D343644422D384238382D434331393342314533344330222069643D2242504D4E53686170655F7369642D45334639343536372D364631442D343644422D384238382D434331393342314533344330223E0A20202020202020203C6F6D6764633A426F756E6473206865696768743D2238302E30222077696474683D223130302E302220783D223331352E302220793D223133382E30223E3C2F6F6D6764633A426F756E64733E0A2020202020203C2F62706D6E64693A42504D4E53686170653E0A2020202020203C62706D6E64693A42504D4E53686170652062706D6E456C656D656E743D227369642D36354245334639392D384445442D343833462D393246332D413344333446353144414333222069643D2242504D4E53686170655F7369642D36354245334639392D384445442D343833462D393246332D413344333446353144414333223E0A20202020202020203C6F6D6764633A426F756E6473206865696768743D2234302E30222077696474683D2234302E302220783D223633302E302220793D223135382E30223E3C2F6F6D6764633A426F756E64733E0A2020202020203C2F62706D6E64693A42504D4E53686170653E0A2020202020203C62706D6E64693A42504D4E53686170652062706D6E456C656D656E743D227369642D43333037363846432D343331452D343238422D383439392D463538343244354437333541222069643D2242504D4E53686170655F7369642D43333037363846432D343331452D343238422D383439392D463538343244354437333541223E0A20202020202020203C6F6D6764633A426F756E6473206865696768743D2232382E30222077696474683D2232382E302220783D223735302E302220793D223130352E30223E3C2F6F6D6764633A426F756E64733E0A2020202020203C2F62706D6E64693A42504D4E53686170653E0A2020202020203C62706D6E64693A42504D4E53686170652062706D6E456C656D656E743D227369642D44373643303439432D353341382D343446302D384131432D393330443944363835313332222069643D2242504D4E53686170655F7369642D44373643303439432D353341382D343446302D384131432D393330443944363835313332223E0A20202020202020203C6F6D6764633A426F756E6473206865696768743D2238302E30222077696474683D223130302E302220783D223435302E302220793D223133382E30223E3C2F6F6D6764633A426F756E64733E0A2020202020203C2F62706D6E64693A42504D4E53686170653E0A2020202020203C62706D6E64693A42504D4E456467652062706D6E456C656D656E743D227369642D30414239423441322D433946302D344431372D384543462D383037334237384541323644222069643D2242504D4E456467655F7369642D30414239423441322D433946302D344431372D384543462D3830373342373845413236442220666C6F7761626C653A736F75726365446F636B6572583D2232302E352220666C6F7761626C653A736F75726365446F636B6572593D2232302E352220666C6F7761626C653A746172676574446F636B6572583D2235302E302220666C6F7761626C653A746172676574446F636B6572593D2237392E30223E0A20202020202020203C6F6D6764693A776179706F696E7420783D223635302E352220793D223139372E3434323230383035393231303537223E3C2F6F6D6764693A776179706F696E743E0A20202020202020203C6F6D6764693A776179706F696E7420783D223635302E352220793D223330302E30223E3C2F6F6D6764693A776179706F696E743E0A20202020202020203C6F6D6764693A776179706F696E7420783D223232352E302220793D223330302E30223E3C2F6F6D6764693A776179706F696E743E0A20202020202020203C6F6D6764693A776179706F696E7420783D223232352E302220793D223231372E3935303030303030303030303032223E3C2F6F6D6764693A776179706F696E743E0A2020202020203C2F62706D6E64693A42504D4E456467653E0A2020202020203C62706D6E64693A42504D4E456467652062706D6E456C656D656E743D227369642D43414146304339422D363639302D343636312D383431342D343145323145433833324131222069643D2242504D4E456467655F7369642D43414146304339422D363639302D343636312D383431342D3431453231454338333241312220666C6F7761626C653A736F75726365446F636B6572583D2232302E352220666C6F7761626C653A736F75726365446F636B6572593D2232302E352220666C6F7761626C653A746172676574446F636B6572583D2231342E302220666C6F7761626C653A746172676574446F636B6572593D2231342E30223E0A20202020202020203C6F6D6764693A776179706F696E7420783D223635302E352220793D223135382E35223E3C2F6F6D6764693A776179706F696E743E0A20202020202020203C6F6D6764693A776179706F696E7420783D223635302E352220793D223131392E30223E3C2F6F6D6764693A776179706F696E743E0A20202020202020203C6F6D6764693A776179706F696E7420783D223735302E302220793D223131392E30223E3C2F6F6D6764693A776179706F696E743E0A2020202020203C2F62706D6E64693A42504D4E456467653E0A2020202020203C62706D6E64693A42504D4E456467652062706D6E456C656D656E743D227369642D35443634344145412D394238452D344135342D423641312D334633364345393935454542222069643D2242504D4E456467655F7369642D35443634344145412D394238452D344135342D423641312D3346333643453939354545422220666C6F7761626C653A736F75726365446F636B6572583D2235302E302220666C6F7761626C653A736F75726365446F636B6572593D2234302E302220666C6F7761626C653A746172676574446F636B6572583D2235302E302220666C6F7761626C653A746172676574446F636B6572593D2234302E30223E0A20202020202020203C6F6D6764693A776179706F696E7420783D223237342E39353030303030303030303030352220793D223137382E30223E3C2F6F6D6764693A776179706F696E743E0A20202020202020203C6F6D6764693A776179706F696E7420783D223331342E393939393939393939393638322220793D223137382E30223E3C2F6F6D6764693A776179706F696E743E0A2020202020203C2F62706D6E64693A42504D4E456467653E0A2020202020203C62706D6E64693A42504D4E456467652062706D6E456C656D656E743D227369642D46303430313030312D454436322D344237322D393438372D433944343731333737344245222069643D2242504D4E456467655F7369642D46303430313030312D454436322D344237322D393438372D4339443437313337373442452220666C6F7761626C653A736F75726365446F636B6572583D2235302E302220666C6F7761626C653A736F75726365446F636B6572593D2234302E302220666C6F7761626C653A746172676574446F636B6572583D2235302E302220666C6F7761626C653A746172676574446F636B6572593D2234302E30223E0A20202020202020203C6F6D6764693A776179706F696E7420783D223431342E39353030303030303030303030352220793D223137382E30223E3C2F6F6D6764693A776179706F696E743E0A20202020202020203C6F6D6764693A776179706F696E7420783D223434392E39393939393939393939373230332220793D223137382E30223E3C2F6F6D6764693A776179706F696E743E0A2020202020203C2F62706D6E64693A42504D4E456467653E0A2020202020203C62706D6E64693A42504D4E456467652062706D6E456C656D656E743D227369642D44373945383533322D373936462D343541332D393932412D373845434631383732374630222069643D2242504D4E456467655F7369642D44373945383533322D373936462D343541332D393932412D3738454346313837323746302220666C6F7761626C653A736F75726365446F636B6572583D2231352E302220666C6F7761626C653A736F75726365446F636B6572593D2231352E302220666C6F7761626C653A746172676574446F636B6572583D2235302E302220666C6F7761626C653A746172676574446F636B6572593D2234302E30223E0A20202020202020203C6F6D6764693A776179706F696E7420783D223132392E393439393938343839393537362220793D223137382E30223E3C2F6F6D6764693A776179706F696E743E0A20202020202020203C6F6D6764693A776179706F696E7420783D223137342E393939393939393939393931372220793D223137382E30223E3C2F6F6D6764693A776179706F696E743E0A2020202020203C2F62706D6E64693A42504D4E456467653E0A2020202020203C62706D6E64693A42504D4E456467652062706D6E456C656D656E743D227369642D43313842354431352D373430432D343035382D383034452D324138393337394439454635222069643D2242504D4E456467655F7369642D43313842354431352D373430432D343035382D383034452D3241383933373944394546352220666C6F7761626C653A736F75726365446F636B6572583D2239392E302220666C6F7761626C653A736F75726365446F636B6572593D2234302E302220666C6F7761626C653A746172676574446F636B6572583D2232302E352220666C6F7761626C653A746172676574446F636B6572593D2232302E35223E0A20202020202020203C6F6D6764693A776179706F696E7420783D223534392E39352220793D223137382E3030343637393830323935353638223E3C2F6F6D6764693A776179706F696E743E0A20202020202020203C6F6D6764693A776179706F696E7420783D223633302E34303039393030393930312220793D223137382E34303039393030393930303939223E3C2F6F6D6764693A776179706F696E743E0A2020202020203C2F62706D6E64693A42504D4E456467653E0A202020203C2F62706D6E64693A42504D4E506C616E653E0A20203C2F62706D6E64693A42504D4E4469616772616D3E0A3C2F646566696E6974696F6E733E, 0);
INSERT INTO `ACT_GE_BYTEARRAY` VALUES ('0f0ad557-e6fc-11ef-9d7f-cc28aa504d95', 1, '.assetCall.png', '0ef02165-e6fc-11ef-9d7f-cc28aa504d95', 0x89504E470D0A1A0A0000000D4948445200000314000001360806000000F878D4850000178749444154785EEDDDDF8F5C677907F0858B0AF55F405CC1FFE1200571C1056AA5DDB5D738E0C4566C624748A42025A0E21A291471D78AAA4D2B94A854512B0512543B2171129C10D380905A129A106C07D2604CFC2326082738F1F4BCEE0E9DBC7BD69E9D5DCF7CCFD9CF477AB4D9F971CE28F3D5FB3E8FCFEEECDC1C000000000000000000000000000000000000000000000000000000000000000000000000000000000000000000000000000000000000000000000000000000000000000000000000000000000000000000000000000000000000000000000000000000000000000000000000000000000000000000000000000000000000000000000000000000000000000000000000000000000000000000000000000000000000000000000000000000000000000000000000000000000000000000000000000000000000000000000000000000000000000000000000000000000000000000000000000000000000000000000000000000000000000000000000000000000000000000000000000000000000000000000000000000000000000000000000000000000000000000000000000000000000000000000000000000000000000074DCFCFCFCFBB76EDDBA677171F1A1E6EBB34DBDD2D460F9EBB3CBB7EF298FAB9F0B00006C520B0B0B1F6E0685A3CBC3C3B875B43CAF3E160000B0492C2E2E7EB0190C0EB70C0B6BA9C3E538F5B10100801E5B5858B871DBB66DAF8F0E073B76EC18DC7DF7DD8323478E0C8E1F3F3E387BF6ECA0285FCBF7E5F6727F795C35549C2BC7ABCF010000F4503300DCDC0C136F0F0782EDDBB70FEEB9E79EC1F9F3E7AF0C10D7521E571E5F9E3732545C2AC7ADCF050000F4C8F295893F0E13FBF6ED1B9C3C79B29E19C6529E579E3F3A54B8520100003D353F3FFFA1A5A5A5F3C301E0AEBBEE1A5CB870A19E13D6A43CBF1C6764A8385BCE539F1B0000E8B8A6D93F347A6562BDC3C450394E75A5E2507D6E0000A0C3963F1AF68FBF3331E98F39ADA61C6FF4772A7CA42C0000F448D3E43F356CF6CB2F545F0FE5B82357299EAA5F03000010A669DC9F68EA86FAF651CB7F01FB7269F4CB47BE8EFB694E6B558E3BF291B297FD456D00000837724560D5C162717171EFF0715FF9CA57EA39604395E30FCF55CE5BBF16000020C8C840B1EA60D17CFFC0F0FEC71E7BAC9E01365439FEC86B7960F475000000615A068A158345F3F587C3DB4F9C3851CF001BAA1C7FE435FCB07AB9000040929641A2AE32589C197E7FEEDCB97A06D850E5F823E77EB57EBD0000309696C65605D4A54B97EA19604395E38F9CEFCD3A1700003096D250D6B7B1F1EA8161A49ED8FAFF3FF2F4EAF07657280000E80403C5745C6D9018798CDFA10000A05B0C14D371B5416268AB4F790200A06B0C14D371B54162C8DFA10000A0730C1439A6F997B23FF1894F5C394F399FBF940D00C0C40C14599AF7E3A9E195837BEEB9A79E05364439EEF01CE57CF56B000080B11928B22C2C2C7C78D8EC6FDFBE7D70F2E4C97A1E589772BCA5A5A5E1D58941395FFD1A0000606C068A3CCD7B7268D8F0EFDBB76F70E1C2857A2E984839CE6DB7DDF6CEC8D58943F5B90100604D0C1479E6E7E73FD4BC2F67878DFF5D77DDB5EEA1A23CFFCE3BEFFCE3958972FC729EFADC0000B026068A4C0B0B0B3736EFCDA5D12B1593FEF853795E7565E252397E7D4E000058330345AEE6BDB97974A828BF53517EA17ADC4F7F2A8F2B8F1FFD9D89E5E3DD5C9F0B00002662A0C8B67CA5E2DCC84070E52365EFBEFBEEC191234706C78F1F1F9C3D7BF6CA0051BE96EFCBEDE5FE918F861DD63957260000D850068A7C8B8B8B1F6CDEA7C3D570B0D63A5C8E531F1B0000D6A5349BF56D645AFE48D9A32DC3C2D5EAA88F860500E0BA315074CFF25FD4DEB3B8B8F850F3F5D9A65E591E1ECAD767976FDFE32F60030070DD1928000080891928000080891928805E1B0C067F72E2C4897F3D76ECD81FCA47A03DFAE8A36ACAD5FC7FBF7CF4E8D15F3DFEF8E31FAFDF9F34F232FB4ACD8B6CCCBE52B3818102E8B9A601F8B766031A9C3E7D7A70F1E2C5C15B6FBDA5A65CE5FF7BF9FFFFE4934F5E689A828FD5EF511279997DA5E64536665FA9D9C04001F45CF9D7C4B201D51B939A7E9D3A75EA4CD3043C5BBF4749E425A7D2F2221B3995960D0C1440CF951F4DF0AF891955DE87A60978B37E8F92C84B4EA5E54536722A2D1B1828809E2B3F775B6F466A7655DE8FFA3D4A222F59959417D9C8AAA46C60A0007A6EDC26E077AF9F1A9CF8E13706CF3FF65757AAFC77B9AD7E9C5A5FA53701F292554979918DAC4ACA06060AA0E7C66902DE38FFEAE0B947BE38F8CF7FFF8B7755B9ADDC573F5E4D5EE94D80BC6455525E6423AB92B2818102E8B9719A80579E7F68450330ACFF79FE3B2B1EAF26AFF426405EB22A292FB2915549D9C04001F4DC384DC07F3FF1D72B36FF6195FBEAC7ABC92BBD099097AC4ACA8B6C645552363050003D374E13F0DCA35F5AB1F90FABDC573F5E4D5EE94D80BC6455525E6423AB92B2818102E8394D4056A53701F292554979918DAC4ACA06060AA0E7C66902CA27B1D49BFFB0CA7DF5E3D5E495DE04C84B5625E54536B22A291B1828809E1BA70978E9FB7FBB62F31F56B9AF7EBC9ABCD29B0079C9AAA4BCC846562565030305D073E33401675FFDAFC173DFFDCB150D40B9ADDC573F5E4D5EE94D80BC6455525E6423AB92B2818102E8B9719A8052277F74DF8A26A0DC563F4EADAFD29B0079C9AAA4BCC846562565030305D0736335016FBE3978E999BF5BD10494DBCA7D2B1EAF26AEF426405EB22A292FB2915549D9C04001F4DCB59A80F2D76B7FF6FDBF59D1000CABDCE72FDC6E5CA53701F292554979918DAC4ACA06060AA0E7566D02DE7C7370EAA5C7073F79F8CE151B7F5DE531E5B1FE8571FD95DE04C84B5625E54536B22A291B1828809E6B6B02AEF52F89AB957F615C7FA53701F292554979918DAC4ACA06060AA0E7DA9A8071FE2571B52ACFAD8FA7C6AFF426405EB22A292FB2915549D9C04001F45C5B13506FEC6BADFA786AFC4A6F02E425AB92F2221B5995940DE6B62C0F145BEA3B007AA1AD0950B3ABF426405EB22A292FB2915549D9D8E4CA1071BAA93B96BF1A2A80FED10464557A13202F59959417D9C8AAA46C6C62C361623844D4DF03F4832620ABD29B0079C9AAA4BCC84656256563935A6D7858ED7680EED20464557A13202F59959417D9C8AAA46C6C42D71A1AAE753FD01583C1E0BDC78E1DFBF3FBEEBBEFBB070E1C38F3F9CF7FFEE2DEBD7B2F975F9CDAB367CFA53BEEB8E3B7CD6D3F3F78F0E0D776EEDCF981FAF97DA109C8AAF426405EB22A292FB2915549D9D864C61D16C67D1C90A81924DEF7F0C30FFFC317BFF8C53FECDAB56BF0F5AF7F7DF0831FFC6070FCF8F1C1D9B3670745F95ABE2FB797FB6FB9E59677F6EFDF7F62F7EEDD1FAD8FD7759A80AC4A6F02E425AB92F2221B5995948D4D64AD43C25A1F0F24680684DB0E1E3C78F1339FF9CCE0D8B1638377DE79E7CA00712DE571E5F1B7DF7EFBA54F7FFAD33F5E5C5CFC607DECAED20464557A13202F59959417D9C8AAA46C6C12930E07933E0F98B6662678CF238F3CF2CD5B6FBD7570E8D0A1C1DB6FBF5DCF0C6329CF2BCFFFD4A73EF5BB6DDBB67DA43E4F176902B22ABD099097AC4ACA8B6C645552363681F50E05EB7D3E70BD3573C07B1E78E081FFD8BB77EFE085175EA867848994E3ECDAB5EBF74B4B4BB7D4E7EB1A4D4056A53701F292554979918DAC4ACA46CF6DD430B051C701AE87726562CF9E3D83D3A74FD773C1BA94E3EDDCB9F38D8585851BEB7376892620ABD29B0079C9AAA4BCC846562565A3C7367A08D8E8E3011BE199679EB9AD0C131B7565A2D61CF7F24D37DD747E7E7EFE43F5B9BB42139055E94D80BC6455525E6423AB92B2D15375F3FF9EA63EB9FC752DEAE7D5C70566A9E9F7DFF7E52F7FF962F99D87EBE9C1071F3CBFB4B4F4707DFEAED00464557A13202F59959417D9C8AAA46CF450DDF49761E09F9A2AFFCFCBD771878AD59E571F1F9895C3870FFF7DF934A7497F017B5CE5F8BB76ED7A6D6161E1C3F56BE8024D4056A53701F292554979918DAC4ACA46CFB435FB9F9CFBBFA16058E30C15A3C3C4B06E1AB9BFED3CC034357DFE7BBFF0852FFCA17CD4EB343CFDF4D3AF6FDDBAF5A9FA7574812620ABD29B0079C9AAA4BCC846562565A347566BF2DB8683AB0D156D8FFFC7E5DB47AD763E601A9E79E6993FDBBD7BF7D87F6762BDCA79B66FDFFEFAFCFCFCFBEBD7322BCD80F3445337D4B7D734015935AB26405EBA59D3C88B6C74B3A6918D2E1A37CF2DAED5DCB70D096D4345DBE3DA8689A16B9D17B85EEEBDF7DE47CB5FB89EA603070E3CB7B8B8B8B77E2DB3D22C9883E5BAEAE2A909C8AA593501F2D2CD9A465E64A39B358D6C74D1B879AE8CDBD4B70D0BA34345DBFD571B2686C63D3FB0910E1E3CF8DAB47EDC69E8B1C71E7BBE599C1EA85FCBAC8C2C9A575D3C35015935AB26405EBA59D3C88B6C74B3A6918D2E1A37CF23D6DACCB70D0DE5FBF7B6DC3ECE3031B4D6D701ACD7E73EF7B98B274E9CA87BFEEBEAC5175F7CB959947E58BF96596959345B174F4D4056CDAA0968C989BC74A0A69197964CC846076A1AD9E8A2961CB7E679D9A44D7CDB50F162F5FD5A8689A1495F0F30893D7BF65C3E77EE5CDDF35F5767CF9E7DA3598C5EAD5FCBACB42C96755D593C35015935AB26A0251F75C94B604D232F2D59A84B36026B1AD9E8A296FCD67525CF73EB6FDEDB868AF50C1343EB7D5DC0B876ECD831B874E952DDF35F57CDF97EDBB230C5972620ABEAF727ADE425ABEAF76796251B5955BF3F6AEDD5B41377D4FDC51A951F73AAAF4C94EFCBEDEB515E57192AFEB4BE03D840B7DE7AEBA5695FA178EDB5D77EBEB51B57289ED8EAC714626B56FFAAD8921379E9404D232F2D99908D0ED434B2D1452D396ECDF3DCFAAF045CED0A45DBA73F8D6BBDAF0B18D7673FFBD9DF4EFB77287EFAD39FFE686BF6EF50D48BE515694DC0DCCA85F74A4DEBFE59D7AC9A007999ECFE59D734F2221B93DD3FEB9A4636BA68DC3C2FDB323759F3DE364CD4572A26192A267D3DC024EEBCF3CE9F4DFB539EBEF5AD6F3DB435F3539EAEB65846360157BBED7ADF3FEB9A5513202F93DD3FEB9A465E6463B2FB675DD3C846178D9BE7115BE6D6D6C4B70D13E57726DA3EE5692D43C55A5F07B05E070E1CF8DAB4FF0EC5BE7DFB0E85FD1D8AB1164B4D40FB6DB3AA593501F232D9FDB3AE69E4453626BB7FD6358D6C74D1B879AE6C991BAF995F6D98B8DADFA11867A818F7FCC046DAB973E70776EDDAF5CE14FF52F6AF9B05EAB5A4BF943D2E4D40FB6DB3AAF426405EDA6F9B5525E54536DA6F9B552565A327B6CC5DBDA96F1B16DA3ECDA9ED71571B2AAE755EE07ADABF7FFFC969FDD8D3FDF7DFFFCFCD40F154FD1ABA4013D07EDBAC2ABD099097F6DB66554979918DF6DB665549D9E8912D73EDCD7DDB90D0364C0CB53DBE6DA858ED7CC0B4ECDEBDFBA3B7DF7EFBA5B7DF7EBBEEFF375473FC579A61E2A58585850FD7AFA10B3401EDB7CDAAD29B007969BF6D56959417D968BF6D5695948D9ED932B7B2C9FF645357DEFFE5BADA3031D43654DC34727FDB798059D8B76FDF8F0F1D3A74B91E0236D0E5AF7EF5ABDF68068A43F5B9BB4213D07EDBAC2ABD099097F6DB66554979918DF6DB665549D9E8A12D73EF6EF6478783718689A1D59E571F1F98A5F9F9F90FEDDCB9F38D175E78A11E0436C4F7BEF7BD7B9B61E254394F7DEEAE486C02DA6A5AF7CFBAD29B007979F7FDB3AEA4BCC8C6BBEF9F752565A3A7B6CCAD1C2ACA1586718789A1FA79F5718104DBB66DFBC8CD37DFFCFBD3A74FD7F3C0BABCFCF2CBDF6986895F2D2C2CDC589FB34BD29A80CD5EE94D80BC6455525E6423AB92B2D1631BDDFC6FF4F1808DB4B4B474CBCE9D3B7FBB51572A96AF4CBCDAD4CDF5B9BA46139055E94D80BC6455525E6423AB92B2D1731B35046CD47180EBA95C49D8B163C7F9071F7CF0FCA4BFA85D7E017BF977267EDDF52B13439A80AC4A6F02E425AB92F2221B5995948D4D60BDC3C07A9F0F4CD3E2E2E2079796961ED9B56BD76B4F3FFDF4EBE3FE9D8AE671A7EFBFFFFE6F964F736AEA70394E7DECAED20464557A13202F59959417D9C8AAA46C6C12930E05933E0F98B5F211AFCD607074FBF6ED17BEF4A52FFDE4C89123CFBDF8E28BBF3C73E6CCEF9AF9E18DDFFCE637279E7FFEF91F7DFBDBDF7E70FFFEFD879BC79E298FEFEA47C35E8D2620ABD29B0079C9AAA4BCC846562565631359EB70B0D6C70389CA5FB66E06853D8B8B8B0F355F9F6DAAFC4D89C1F2D767976FDFD3C5BF803D2E4D4056A53701F292554979918DAC4ACAC62633EE9030EEE300F26902B22ABD099097AC4ACA8B6C6455523636A16B0D0BD7BA1FA05B34015995DE04C84B5625E54536B22A291B9BD46A43C36AB70374972620ABD29B0079C9AAA4BCC8465625656313AB8787FA7B807ED00464557A13202F59959417D9C8AAA46C6C72C321E28EE5AF8609A07F34015995DE04C84B5625E54536B22A291BCC6D291FF852BED67700F4822620ABD29B0079C9AAA4BCC84656256583B9B9E58102A09F34015995DE04C84B5625E54536B22A291B1828809ED30464557A13202F59959417D9C8AAA46C60A0007A4E139055E94D80BC6455525E6423AB92B2818102E8394D4056A53701F292554979918DAC4ACA06060AA0E734015995DE04C84B5625E54536B22A291B1828809ED30464557A13202F59959417D9C8AAA46C60A0007A4E139055E94D80BC6455525E6423AB92B2818102E8394D4056A53701F292554979918DAC4ACA06060AA0E734015995DE04C84B5625E54536B22A291B1828809ED30464557A13202F59959417D9C8AAA46C60A0007A4E139055E94D80BC6455525E6423AB92B2818102E8394D4056A53701F292554979918DAC4ACA06060AA0E734015995DE04C84B5625E54536B22A291B1828809ED30464557A13202F59959417D9C8AAA46C60A0007A4E139055E94D80BC6455525E6423AB92B2818102E8B923478E5CBE78F1E28ACD484DBF9AF7E1574D13F066FD1E2591979C4ACB8B6CE4545A363050003D77F4E8D15F9D3E7D7AC586A4A65FBFF8C52FEE6F9A8067EBF72889BCE4545A5E6423A7D2B2818102E8B9C71F7FFCE34F3EF9E48553A74E9DF1AF8BB3A9E6FFFBA9975F7EF95F9A06E0974D7DAC7E8F92C8CBEC2B352FB231FB4ACD06060A6013281B4FF9D7ACA6DE2A3F77DBB5BAEFBEFB0665B1AE6FEF5095FFEFE5FF7F271A80F23A975F6F27F3D2838ACD4B794DCBAF4D366653B1D9D8EC0C1400E19A85FA098B3500A9EC5100C19A45FA86B2502FD70DF5FD00306B060A8060C3AB13CBF5447D3F00CC9A810220547575C2550A0022192800425557275CA5002092810220D02A57275CA500208E810220D02A57275CA500208E8102204CB902D13244D47543FD3C009805030540987205A26580A8CB550A00221828003AC0620D402A7B14400758AC0148658F02E8008B3500A9EC51001D60B10620953D0AA0032CD600A4B247017480C51A8054F628800EB0580390CA1E05D001166B0052D9A3003AC0620D402A7B14400758AC0148658F02E8008B3500A9EC51001D60B10620953D0AA0032CD600A4B247017480C51A8054F628800EB0580390CA1E05D001166B0052D9A3003AC0620D402A7B14400758AC0148658F02E8008B3500A9EC51001D60B10620953D0AA0032CD600A4B247017480C51A8054F628800EB0580390CA1E05D001166B0052D9A3003AC0620D402A7B14400758AC0148658F02E8008B3500A9EC51001D60B10620953D0AA0032CD600A4B247017480C51A8054F628800EB0580390CA1E05D001166B0052D9A3003AC0620D402A7B14400758AC0148658F02E8008B3500A9EC51001D60B10620953D0AA0032CD600A4B247017480C51A8054F628800EB0580390CA1E05D001166B0052D9A3003AC0620D402A7B14400758AC0148658F02E8008B3500A9EC51001D60B10620953D0AA0032CD600A4B247017480C51A8054F628800EB0580390CA1E05D001166B0052D9A3003AC0620D402A7B14400758AC0148658F02E8008B3500A9EC51001D60B10620953D0AA0032CD600A4B247017480C51A8054F628800EB0580390CA1E05D001166B0052D9A3003AC0620D402A7B14400758AC0148658F02E8008B3500A9EC51001D60B10620953D0AA0032CD600A4B247017480C51A8054F628800EB0580390CA1E05D001166B0052D9A3003AC0620D402A7B14400758AC0148658F02E8008B3500A9EC51001D60B10620953D0AA0032CD600A4B247017480C51A8054F628800EB0580390CA1E05D001166B0052D9A3003AA02CD64A29A5546AD5FB16000000000000000000000000000000000000000000000000000000C0BBFC2FD19AE0C140CD5BE30000000049454E44AE426082, 1);
INSERT INTO `ACT_GE_BYTEARRAY` VALUES ('0fc2355d-e6f0-11ef-acc6-cc28aa504d95', 1, '.bpmn20.xml', '0fc2355c-e6f0-11ef-acc6-cc28aa504d95', 0x3C3F786D6C2076657273696F6E3D22312E302220656E636F64696E673D225554462D38223F3E0A3C646566696E6974696F6E7320786D6C6E733D22687474703A2F2F7777772E6F6D672E6F72672F737065632F42504D4E2F32303130303532342F4D4F44454C2220786D6C6E733A7873693D22687474703A2F2F7777772E77332E6F72672F323030312F584D4C536368656D612D696E7374616E63652220786D6C6E733A7873643D22687474703A2F2F7777772E77332E6F72672F323030312F584D4C536368656D612220786D6C6E733A666C6F7761626C653D22687474703A2F2F666C6F7761626C652E6F72672F62706D6E2220786D6C6E733A62706D6E64693D22687474703A2F2F7777772E6F6D672E6F72672F737065632F42504D4E2F32303130303532342F44492220786D6C6E733A6F6D6764633D22687474703A2F2F7777772E6F6D672E6F72672F737065632F44442F32303130303532342F44432220786D6C6E733A6F6D6764693D22687474703A2F2F7777772E6F6D672E6F72672F737065632F44442F32303130303532342F44492220747970654C616E67756167653D22687474703A2F2F7777772E77332E6F72672F323030312F584D4C536368656D61222065787072657373696F6E4C616E67756167653D22687474703A2F2F7777772E77332E6F72672F313939392F585061746822207461726765744E616D6573706163653D22687474703A2F2F7777772E666C6F7761626C652E6F72672F70726F6365737364656622206578706F727465723D22466C6F7761626C65204F70656E20536F75726365204D6F64656C657222206578706F7274657256657273696F6E3D22362E382E30223E0A20203C70726F636573732069643D22617373657443616C6C22206E616D653D22E8B584E4BAA7E8B083E794A8E6B581E7A88B2220697345786563757461626C653D2274727565223E0A202020203C646F63756D656E746174696F6E3EE8B584E4BAA7E8B083E794A8E6B581E7A88B3C2F646F63756D656E746174696F6E3E0A202020203C73746172744576656E742069643D2273746172744576656E74312220666C6F7761626C653A666F726D4669656C6456616C69646174696F6E3D2274727565223E3C2F73746172744576656E743E0A202020203C757365725461736B2069643D227369642D32384634363439432D323739302D343536312D384137462D39413831423044373445384522206E616D653D22E794A8E688B7E794B3E8AFB72220666C6F7761626C653A61737369676E65653D22247B7573657249647D2220666C6F7761626C653A666F726D4669656C6456616C69646174696F6E3D2274727565223E0A2020202020203C657874656E73696F6E456C656D656E74733E0A20202020202020203C6D6F64656C65723A696E69746961746F722D63616E2D636F6D706C65746520786D6C6E733A6D6F64656C65723D22687474703A2F2F666C6F7761626C652E6F72672F6D6F64656C6572223E3C215B43444154415B66616C73655D5D3E3C2F6D6F64656C65723A696E69746961746F722D63616E2D636F6D706C6574653E0A2020202020203C2F657874656E73696F6E456C656D656E74733E0A202020203C2F757365725461736B3E0A202020203C73657175656E6365466C6F772069643D227369642D44373945383533322D373936462D343541332D393932412D3738454346313837323746302220736F757263655265663D2273746172744576656E743122207461726765745265663D227369642D32384634363439432D323739302D343536312D384137462D394138314230443734453845223E3C2F73657175656E6365466C6F773E0A202020203C757365725461736B2069643D227369642D45334639343536372D364631442D343644422D384238382D43433139334231453334433022206E616D653D22E9A286E5AFBCE5AEA1E6A0B82220666C6F7761626C653A61737369676E65653D22247B6C656164657249647D2220666C6F7761626C653A666F726D4669656C6456616C69646174696F6E3D2274727565223E0A2020202020203C657874656E73696F6E456C656D656E74733E0A20202020202020203C6D6F64656C65723A696E69746961746F722D63616E2D636F6D706C65746520786D6C6E733A6D6F64656C65723D22687474703A2F2F666C6F7761626C652E6F72672F6D6F64656C6572223E3C215B43444154415B66616C73655D5D3E3C2F6D6F64656C65723A696E69746961746F722D63616E2D636F6D706C6574653E0A2020202020203C2F657874656E73696F6E456C656D656E74733E0A202020203C2F757365725461736B3E0A202020203C73657175656E6365466C6F772069643D227369642D35443634344145412D394238452D344135342D423641312D3346333643453939354545422220736F757263655265663D227369642D32384634363439432D323739302D343536312D384137462D39413831423044373445384522207461726765745265663D227369642D45334639343536372D364631442D343644422D384238382D434331393342314533344330223E3C2F73657175656E6365466C6F773E0A202020203C6578636C7573697665476174657761792069643D227369642D36354245334639392D384445442D343833462D393246332D413344333446353144414333223E3C2F6578636C7573697665476174657761793E0A202020203C73657175656E6365466C6F772069643D227369642D43313842354431352D373430432D343035382D383034452D3241383933373944394546352220736F757263655265663D227369642D44373643303439432D353341382D343446302D384131432D39333044394436383531333222207461726765745265663D227369642D36354245334639392D384445442D343833462D393246332D413344333446353144414333223E3C2F73657175656E6365466C6F773E0A202020203C656E644576656E742069643D227369642D43333037363846432D343331452D343238422D383439392D463538343244354437333541223E3C2F656E644576656E743E0A202020203C73657175656E6365466C6F772069643D227369642D30414239423441322D433946302D344431372D384543462D3830373342373845413236442220736F757263655265663D227369642D36354245334639392D384445442D343833462D393246332D41334433344635314441433322207461726765745265663D227369642D32384634363439432D323739302D343536312D384137462D394138314230443734453845223E3C2F73657175656E6365466C6F773E0A202020203C757365725461736B2069643D227369642D44373643303439432D353341382D343446302D384131432D39333044394436383531333222206E616D653D22E9A286E5AFBCE5AEA1E6A0B82220666C6F7761626C653A61737369676E65653D22247B6C656164657249647D2220666C6F7761626C653A666F726D4669656C6456616C69646174696F6E3D2274727565223E0A2020202020203C657874656E73696F6E456C656D656E74733E0A20202020202020203C6D6F64656C65723A696E69746961746F722D63616E2D636F6D706C65746520786D6C6E733A6D6F64656C65723D22687474703A2F2F666C6F7761626C652E6F72672F6D6F64656C6572223E3C215B43444154415B66616C73655D5D3E3C2F6D6F64656C65723A696E69746961746F722D63616E2D636F6D706C6574653E0A2020202020203C2F657874656E73696F6E456C656D656E74733E0A202020203C2F757365725461736B3E0A202020203C73657175656E6365466C6F772069643D227369642D46303430313030312D454436322D344237322D393438372D4339443437313337373442452220736F757263655265663D227369642D45334639343536372D364631442D343644422D384238382D43433139334231453334433022207461726765745265663D227369642D44373643303439432D353341382D343446302D384131432D393330443944363835313332223E3C2F73657175656E6365466C6F773E0A202020203C73657175656E6365466C6F772069643D227369642D43414146304339422D363639302D343636312D383431342D3431453231454338333241312220736F757263655265663D227369642D36354245334639392D384445442D343833462D393246332D41334433344635314441433322207461726765745265663D227369642D43333037363846432D343331452D343238422D383439392D463538343244354437333541223E3C2F73657175656E6365466C6F773E0A20203C2F70726F636573733E0A20203C62706D6E64693A42504D4E4469616772616D2069643D2242504D4E4469616772616D5F617373657443616C6C223E0A202020203C62706D6E64693A42504D4E506C616E652062706D6E456C656D656E743D22617373657443616C6C222069643D2242504D4E506C616E655F617373657443616C6C223E0A2020202020203C62706D6E64693A42504D4E53686170652062706D6E456C656D656E743D2273746172744576656E7431222069643D2242504D4E53686170655F73746172744576656E7431223E0A20202020202020203C6F6D6764633A426F756E6473206865696768743D2233302E30222077696474683D2233302E302220783D223130302E302220793D223136332E30223E3C2F6F6D6764633A426F756E64733E0A2020202020203C2F62706D6E64693A42504D4E53686170653E0A2020202020203C62706D6E64693A42504D4E53686170652062706D6E456C656D656E743D227369642D32384634363439432D323739302D343536312D384137462D394138314230443734453845222069643D2242504D4E53686170655F7369642D32384634363439432D323739302D343536312D384137462D394138314230443734453845223E0A20202020202020203C6F6D6764633A426F756E6473206865696768743D2238302E30222077696474683D223130302E302220783D223137352E302220793D223133382E30223E3C2F6F6D6764633A426F756E64733E0A2020202020203C2F62706D6E64693A42504D4E53686170653E0A2020202020203C62706D6E64693A42504D4E53686170652062706D6E456C656D656E743D227369642D45334639343536372D364631442D343644422D384238382D434331393342314533344330222069643D2242504D4E53686170655F7369642D45334639343536372D364631442D343644422D384238382D434331393342314533344330223E0A20202020202020203C6F6D6764633A426F756E6473206865696768743D2238302E30222077696474683D223130302E302220783D223331352E302220793D223133382E30223E3C2F6F6D6764633A426F756E64733E0A2020202020203C2F62706D6E64693A42504D4E53686170653E0A2020202020203C62706D6E64693A42504D4E53686170652062706D6E456C656D656E743D227369642D36354245334639392D384445442D343833462D393246332D413344333446353144414333222069643D2242504D4E53686170655F7369642D36354245334639392D384445442D343833462D393246332D413344333446353144414333223E0A20202020202020203C6F6D6764633A426F756E6473206865696768743D2234302E30222077696474683D2234302E302220783D223633302E302220793D223135382E30223E3C2F6F6D6764633A426F756E64733E0A2020202020203C2F62706D6E64693A42504D4E53686170653E0A2020202020203C62706D6E64693A42504D4E53686170652062706D6E456C656D656E743D227369642D43333037363846432D343331452D343238422D383439392D463538343244354437333541222069643D2242504D4E53686170655F7369642D43333037363846432D343331452D343238422D383439392D463538343244354437333541223E0A20202020202020203C6F6D6764633A426F756E6473206865696768743D2232382E30222077696474683D2232382E302220783D223735302E302220793D223130352E30223E3C2F6F6D6764633A426F756E64733E0A2020202020203C2F62706D6E64693A42504D4E53686170653E0A2020202020203C62706D6E64693A42504D4E53686170652062706D6E456C656D656E743D227369642D44373643303439432D353341382D343446302D384131432D393330443944363835313332222069643D2242504D4E53686170655F7369642D44373643303439432D353341382D343446302D384131432D393330443944363835313332223E0A20202020202020203C6F6D6764633A426F756E6473206865696768743D2238302E30222077696474683D223130302E302220783D223435302E302220793D223133382E30223E3C2F6F6D6764633A426F756E64733E0A2020202020203C2F62706D6E64693A42504D4E53686170653E0A2020202020203C62706D6E64693A42504D4E456467652062706D6E456C656D656E743D227369642D30414239423441322D433946302D344431372D384543462D383037334237384541323644222069643D2242504D4E456467655F7369642D30414239423441322D433946302D344431372D384543462D3830373342373845413236442220666C6F7761626C653A736F75726365446F636B6572583D2232302E352220666C6F7761626C653A736F75726365446F636B6572593D2232302E352220666C6F7761626C653A746172676574446F636B6572583D2235302E302220666C6F7761626C653A746172676574446F636B6572593D2237392E30223E0A20202020202020203C6F6D6764693A776179706F696E7420783D223635302E352220793D223139372E3434323230383035393231303537223E3C2F6F6D6764693A776179706F696E743E0A20202020202020203C6F6D6764693A776179706F696E7420783D223635302E352220793D223330302E30223E3C2F6F6D6764693A776179706F696E743E0A20202020202020203C6F6D6764693A776179706F696E7420783D223232352E302220793D223330302E30223E3C2F6F6D6764693A776179706F696E743E0A20202020202020203C6F6D6764693A776179706F696E7420783D223232352E302220793D223231372E3935303030303030303030303032223E3C2F6F6D6764693A776179706F696E743E0A2020202020203C2F62706D6E64693A42504D4E456467653E0A2020202020203C62706D6E64693A42504D4E456467652062706D6E456C656D656E743D227369642D43414146304339422D363639302D343636312D383431342D343145323145433833324131222069643D2242504D4E456467655F7369642D43414146304339422D363639302D343636312D383431342D3431453231454338333241312220666C6F7761626C653A736F75726365446F636B6572583D2232302E352220666C6F7761626C653A736F75726365446F636B6572593D2232302E352220666C6F7761626C653A746172676574446F636B6572583D2231342E302220666C6F7761626C653A746172676574446F636B6572593D2231342E30223E0A20202020202020203C6F6D6764693A776179706F696E7420783D223635302E352220793D223135382E35223E3C2F6F6D6764693A776179706F696E743E0A20202020202020203C6F6D6764693A776179706F696E7420783D223635302E352220793D223131392E30223E3C2F6F6D6764693A776179706F696E743E0A20202020202020203C6F6D6764693A776179706F696E7420783D223735302E302220793D223131392E30223E3C2F6F6D6764693A776179706F696E743E0A2020202020203C2F62706D6E64693A42504D4E456467653E0A2020202020203C62706D6E64693A42504D4E456467652062706D6E456C656D656E743D227369642D35443634344145412D394238452D344135342D423641312D334633364345393935454542222069643D2242504D4E456467655F7369642D35443634344145412D394238452D344135342D423641312D3346333643453939354545422220666C6F7761626C653A736F75726365446F636B6572583D2235302E302220666C6F7761626C653A736F75726365446F636B6572593D2234302E302220666C6F7761626C653A746172676574446F636B6572583D2235302E302220666C6F7761626C653A746172676574446F636B6572593D2234302E30223E0A20202020202020203C6F6D6764693A776179706F696E7420783D223237342E39353030303030303030303030352220793D223137382E30223E3C2F6F6D6764693A776179706F696E743E0A20202020202020203C6F6D6764693A776179706F696E7420783D223331342E393939393939393939393638322220793D223137382E30223E3C2F6F6D6764693A776179706F696E743E0A2020202020203C2F62706D6E64693A42504D4E456467653E0A2020202020203C62706D6E64693A42504D4E456467652062706D6E456C656D656E743D227369642D46303430313030312D454436322D344237322D393438372D433944343731333737344245222069643D2242504D4E456467655F7369642D46303430313030312D454436322D344237322D393438372D4339443437313337373442452220666C6F7761626C653A736F75726365446F636B6572583D2235302E302220666C6F7761626C653A736F75726365446F636B6572593D2234302E302220666C6F7761626C653A746172676574446F636B6572583D2235302E302220666C6F7761626C653A746172676574446F636B6572593D2234302E30223E0A20202020202020203C6F6D6764693A776179706F696E7420783D223431342E39353030303030303030303030352220793D223137382E30223E3C2F6F6D6764693A776179706F696E743E0A20202020202020203C6F6D6764693A776179706F696E7420783D223434392E39393939393939393939373230332220793D223137382E30223E3C2F6F6D6764693A776179706F696E743E0A2020202020203C2F62706D6E64693A42504D4E456467653E0A2020202020203C62706D6E64693A42504D4E456467652062706D6E456C656D656E743D227369642D44373945383533322D373936462D343541332D393932412D373845434631383732374630222069643D2242504D4E456467655F7369642D44373945383533322D373936462D343541332D393932412D3738454346313837323746302220666C6F7761626C653A736F75726365446F636B6572583D2231352E302220666C6F7761626C653A736F75726365446F636B6572593D2231352E302220666C6F7761626C653A746172676574446F636B6572583D2235302E302220666C6F7761626C653A746172676574446F636B6572593D2234302E30223E0A20202020202020203C6F6D6764693A776179706F696E7420783D223132392E393439393938343839393537362220793D223137382E30223E3C2F6F6D6764693A776179706F696E743E0A20202020202020203C6F6D6764693A776179706F696E7420783D223137342E393939393939393939393931372220793D223137382E30223E3C2F6F6D6764693A776179706F696E743E0A2020202020203C2F62706D6E64693A42504D4E456467653E0A2020202020203C62706D6E64693A42504D4E456467652062706D6E456C656D656E743D227369642D43313842354431352D373430432D343035382D383034452D324138393337394439454635222069643D2242504D4E456467655F7369642D43313842354431352D373430432D343035382D383034452D3241383933373944394546352220666C6F7761626C653A736F75726365446F636B6572583D2239392E302220666C6F7761626C653A736F75726365446F636B6572593D2234302E302220666C6F7761626C653A746172676574446F636B6572583D2232302E352220666C6F7761626C653A746172676574446F636B6572593D2232302E35223E0A20202020202020203C6F6D6764693A776179706F696E7420783D223534392E39352220793D223137382E3030343637393830323935353638223E3C2F6F6D6764693A776179706F696E743E0A20202020202020203C6F6D6764693A776179706F696E7420783D223633302E34303039393030393930312220793D223137382E34303039393030393930303939223E3C2F6F6D6764693A776179706F696E743E0A2020202020203C2F62706D6E64693A42504D4E456467653E0A202020203C2F62706D6E64693A42504D4E506C616E653E0A20203C2F62706D6E64693A42504D4E4469616772616D3E0A3C2F646566696E6974696F6E733E, 0);
INSERT INTO `ACT_GE_BYTEARRAY` VALUES ('0fdce94e-e6f0-11ef-acc6-cc28aa504d95', 1, '.assetCall.png', '0fc2355c-e6f0-11ef-acc6-cc28aa504d95', 0x89504E470D0A1A0A0000000D4948445200000314000001360806000000F878D4850000178749444154785EEDDDDF8F5C677907F0858B0AF55F405CC1FFE1200571C1056AA5DDB5D738E0C4566C624748A42025A0E21A291471D78AAA4D2B94A854512B0512543B2171129C10D380905A129A106C07D2604CFC2326082738F1F4BCEE0E9DBC7BD69E9D5DCF7CCFD9CF477AB4D9F971CE28F3D5FB3E8FCFEEECDC1C000000000000000000000000000000000000000000000000000000000000000000000000000000000000000000000000000000000000000000000000000000000000000000000000000000000000000000000000000000000000000000000000000000000000000000000000000000000000000000000000000000000000000000000000000000000000000000000000000000000000000000000000000000000000000000000000000000000000000000000000000000000000000000000000000000000000000000000000000000000000000000000000000000000000000000000000000000000000000000000000000000000000000000000000000000000000000000000000000000000000000000000000000000000000000000000000000000000000000000000000000000000000000000000000000000000000000074DCFCFCFCFBB76EDDBA677171F1A1E6EBB34DBDD2D460F9EBB3CBB7EF298FAB9F0B00006C520B0B0B1F6E0685A3CBC3C3B875B43CAF3E160000B0492C2E2E7EB0190C0EB70C0B6BA9C3E538F5B10100801E5B5858B871DBB66DAF8F0E073B76EC18DC7DF7DD8323478E0C8E1F3F3E387BF6ECA0285FCBF7E5F6727F795C35549C2BC7ABCF010000F4503300DCDC0C136F0F0782EDDBB70FEEB9E79EC1F9F3E7AF0C10D7521E571E5F9E3732545C2AC7ADCF050000F4C8F295893F0E13FBF6ED1B9C3C79B29E19C6529E579E3F3A54B8520100003D353F3FFFA1A5A5A5F3C301E0AEBBEE1A5CB870A19E13D6A43CBF1C6764A8385BCE539F1B0000E8B8A6D93F347A6562BDC3C450394E75A5E2507D6E0000A0C3963F1AF68FBF3331E98F39ADA61C6FF4772A7CA42C0000F448D3E43F356CF6CB2F545F0FE5B82357299EAA5F03000010A669DC9F68EA86FAF651CB7F01FB7269F4CB47BE8EFB694E6B558E3BF291B297FD456D00000837724560D5C162717171EFF0715FF9CA57EA39604395E30FCF55CE5BBF16000020C8C840B1EA60D17CFFC0F0FEC71E7BAC9E01365439FEC86B7960F475000000615A068A158345F3F587C3DB4F9C3851CF001BAA1C7FE435FCB07AB9000040929641A2AE32589C197E7FEEDCB97A06D850E5F823E77EB57EBD0000309696C65605D4A54B97EA19604395E38F9CEFCD3A1700003096D250D6B7B1F1EA8161A49ED8FAFF3FF2F4EAF07657280000E80403C5745C6D9018798CDFA10000A05B0C14D371B5416268AB4F790200A06B0C14D371B54162C8DFA10000A0730C1439A6F997B23FF1894F5C394F399FBF940D00C0C40C14599AF7E3A9E195837BEEB9A79E05364439EEF01CE57CF56B000080B11928B22C2C2C7C78D8EC6FDFBE7D70F2E4C97A1E589772BCA5A5A5E1D58941395FFD1A0000606C068A3CCD7B7268D8F0EFDBB76F70E1C2857A2E984839CE6DB7DDF6CEC8D58943F5B90100604D0C1479E6E7E73FD4BC2F67878DFF5D77DDB5EEA1A23CFFCE3BEFFCE3958972FC729EFADC0000B026068A4C0B0B0B3736EFCDA5D12B1593FEF853795E7565E252397E7D4E000058330345AEE6BDB97974A828BF53517EA17ADC4F7F2A8F2B8F1FFD9D89E5E3DD5C9F0B00002662A0C8B67CA5E2DCC84070E52365EFBEFBEEC191234706C78F1F1F9C3D7BF6CA0051BE96EFCBEDE5FE918F861DD63957260000D850068A7C8B8B8B1F6CDEA7C3D570B0D63A5C8E531F1B0000D6A5349BF56D645AFE48D9A32DC3C2D5EAA88F860500E0BA315074CFF25FD4DEB3B8B8F850F3F5D9A65E591E1ECAD767976FDFE32F60030070DD1928000080891928000080891928805E1B0C067F72E2C4897F3D76ECD81FCA47A03DFAE8A36ACAD5FC7FBF7CF4E8D15F3DFEF8E31FAFDF9F34F232FB4ACD8B6CCCBE52B3818102E8B9A601F8B766031A9C3E7D7A70F1E2C5C15B6FBDA5A65CE5FF7BF9FFFFE4934F5E689A828FD5EF511279997DA5E64536665FA9D9C04001F45CF9D7C4B201D51B939A7E9D3A75EA4CD3043C5BBF4749E425A7D2F2221B3995960D0C1440CF951F4DF0AF891955DE87A60978B37E8F92C84B4EA5E54536722A2D1B1828809E2B3F775B6F466A7655DE8FFA3D4A222F59959417D9C8AAA46C60A0007A6EDC26E077AF9F1A9CF8E13706CF3FF65757AAFC77B9AD7E9C5A5FA53701F292554979918DAC4ACA06060AA0E7C66902DE38FFEAE0B947BE38F8CF7FFF8B7755B9ADDC573F5E4D5EE94D80BC6455525E6423AB92B2818102E8B9719A80579E7F68450330ACFF79FE3B2B1EAF26AFF426405EB22A292FB2915549D9C04001F4DC384DC07F3FF1D72B36FF6195FBEAC7ABC92BBD099097AC4ACA8B6C645552363050003D374E13F0DCA35F5AB1F90FABDC573F5E4D5EE94D80BC6455525E6423AB92B2818102E8394D4056A53701F292554979918DAC4ACA06060AA0E7C66902CA27B1D49BFFB0CA7DF5E3D5E495DE04C84B5625E54536B22A291B1828809E1BA70978E9FB7FBB62F31F56B9AF7EBC9ABCD29B0079C9AAA4BCC846562565030305D073E33401675FFDAFC173DFFDCB150D40B9ADDC573F5E4D5EE94D80BC6455525E6423AB92B2818102E8B9719A8052277F74DF8A26A0DC563F4EADAFD29B0079C9AAA4BCC846562565030305D0736335016FBE3978E999BF5BD10494DBCA7D2B1EAF26AEF426405EB22A292FB2915549D9C04001F4DCB59A80F2D76B7FF6FDBF59D1000CABDCE72FDC6E5CA53701F292554979918DAC4ACA06060AA0E7566D02DE7C7370EAA5C7073F79F8CE151B7F5DE531E5B1FE8571FD95DE04C84B5625E54536B22A291B1828809E6B6B02AEF52F89AB957F615C7FA53701F292554979918DAC4ACA06060AA0E7DA9A8071FE2571B52ACFAD8FA7C6AFF426405EB22A292FB2915549D9C04001F45C5B13506FEC6BADFA786AFC4A6F02E425AB92F2221B5995940DE6B62C0F145BEA3B007AA1AD0950B3ABF426405EB22A292FB2915549D9D8E4CA1071BAA93B96BF1A2A80FED10464557A13202F59959417D9C8AAA46C6C62C361623844D4DF03F4832620ABD29B0079C9AAA4BCC84656256563935A6D7858ED7680EED20464557A13202F59959417D9C8AAA46C6C42D71A1AAE753FD01583C1E0BDC78E1DFBF3FBEEBBEFBB070E1C38F3F9CF7FFEE2DEBD7B2F975F9CDAB367CFA53BEEB8E3B7CD6D3F3F78F0E0D776EEDCF981FAF97DA109C8AAF426405EB22A292FB2915549D9D864C61D16C67D1C90A81924DEF7F0C30FFFC317BFF8C53FECDAB56BF0F5AF7F7DF0831FFC6070FCF8F1C1D9B3670745F95ABE2FB797FB6FB9E59677F6EFDF7F62F7EEDD1FAD8FD7759A80AC4A6F02E425AB92F2221B5995948D4D64AD43C25A1F0F24680684DB0E1E3C78F1339FF9CCE0D8B1638377DE79E7CA00712DE571E5F1B7DF7EFBA54F7FFAD33F5E5C5CFC607DECAED20464557A13202F59959417D9C8AAA46C6C12930E07933E0F98B6662678CF238F3CF2CD5B6FBD7570E8D0A1C1DB6FBF5DCF0C6329CF2BCFFFD4A73EF5BB6DDBB67DA43E4F176902B22ABD099097AC4ACA8B6C645552363681F50E05EB7D3E70BD3573C07B1E78E081FFD8BB77EFE085175EA867848994E3ECDAB5EBF74B4B4BB7D4E7EB1A4D4056A53701F292554979918DAC4ACA46CF6DD430B051C701AE87726562CF9E3D83D3A74FD773C1BA94E3EDDCB9F38D8585851BEB7376892620ABD29B0079C9AAA4BCC846562565A3C7367A08D8E8E3011BE199679EB9AD0C131B7565A2D61CF7F24D37DD747E7E7EFE43F5B9BB42139055E94D80BC6455525E6423AB92B2D15375F3FF9EA63EB9FC752DEAE7D5C70566A9E9F7DFF7E52F7FF962F99D87EBE9C1071F3CBFB4B4F4707DFEAED00464557A13202F59959417D9C8AAA46CF450DDF49761E09F9A2AFFCFCBD771878AD59E571F1F9895C3870FFF7DF934A7497F017B5CE5F8BB76ED7A6D6161E1C3F56BE8024D4056A53701F292554979918DAC4ACA46CFB435FB9F9CFBBFA16058E30C15A3C3C4B06E1AB9BFED3CC034357DFE7BBFF0852FFCA17CD4EB343CFDF4D3AF6FDDBAF5A9FA7574812620ABD29B0079C9AAA4BCC846562565A347566BF2DB8683AB0D156D8FFFC7E5DB47AD763E601A9E79E6993FDBBD7BF7D87F6762BDCA79B66FDFFEFAFCFCFCFBEBD7322BCD80F3445337D4B7D734015935AB26405EBA59D3C88B6C74B3A6918D2E1A37CF2DAED5DCB70D096D4345DBE3DA8689A16B9D17B85EEEBDF7DE47CB5FB89EA603070E3CB7B8B8B8B77E2DB3D22C9883E5BAEAE2A909C8AA593501F2D2CD9A465E64A39B358D6C74D1B879AE8CDBD4B70D0BA34345DBFD571B2686C63D3FB0910E1E3CF8DAB47EDC69E8B1C71E7BBE599C1EA85FCBAC8C2C9A575D3C35015935AB26405EBA59D3C88B6C74B3A6918D2E1A37CF23D6DACCB70D0DE5FBF7B6DC3ECE3031B4D6D701ACD7E73EF7B98B274E9CA87BFEEBEAC5175F7CB959947E58BF96596959345B174F4D4056CDAA0968C989BC74A0A69197964CC846076A1AD9E8A2961CB7E679D9A44D7CDB50F162F5FD5A8689A1495F0F30893D7BF65C3E77EE5CDDF35F5767CF9E7DA3598C5EAD5FCBACB42C96755D593C35015935AB26A0251F75C94B604D232F2D59A84B36026B1AD9E8A296FCD67525CF73EB6FDEDB868AF50C1343EB7D5DC0B876ECD831B874E952DDF35F57CDF97EDBB230C5972620ABEAF727ADE425ABEAF76796251B5955BF3F6AEDD5B41377D4FDC51A951F73AAAF4C94EFCBEDEB515E57192AFEB4BE03D840B7DE7AEBA5695FA178EDB5D77EBEB51B57289ED8EAC714626B56FFAAD8921379E9404D232F2D99908D0ED434B2D1452D396ECDF3DCFAAF045CED0A45DBA73F8D6BBDAF0B18D7673FFBD9DF4EFB77287EFAD39FFE686BF6EF50D48BE515694DC0DCCA85F74A4DEBFE59D7AC9A007999ECFE59D734F2221B93DD3FEB9A4636BA68DC3C2FDB323759F3DE364CD4572A26192A267D3DC024EEBCF3CE9F4DFB539EBEF5AD6F3DB435F3539EAEB65846360157BBED7ADF3FEB9A5513202F93DD3FEB9A465E6463B2FB675DD3C846178D9BE7115BE6D6D6C4B70D13E57726DA3EE5692D43C55A5F07B05E070E1CF8DAB4FF0EC5BE7DFB0E85FD1D8AB1164B4D40FB6DB3AA593501F232D9FDB3AE69E4453626BB7FD6358D6C74D1B879AE6C991BAF995F6D98B8DADFA11867A818F7FCC046DAB973E70776EDDAF5CE14FF52F6AF9B05EAB5A4BF943D2E4D40FB6DB3AAF426405EDA6F9B5525E54536DA6F9B552565A327B6CC5DBDA96F1B16DA3ECDA9ED71571B2AAE755EE07ADABF7FFFC969FDD8D3FDF7DFFFCFCD40F154FD1ABA4013D07EDBAC2ABD099097F6DB66554979918DF6DB665549D9E8912D73EDCD7DDB90D0364C0CB53DBE6DA858ED7CC0B4ECDEBDFBA3B7DF7EFBA5B7DF7EBBEEFF375473FC579A61E2A58585850FD7AFA10B3401EDB7CDAAD29B007969BF6D56959417D968BF6D5695948D9ED932B7B2C9FF645357DEFFE5BADA3031D43654DC34727FDB798059D8B76FDF8F0F1D3A74B91E0236D0E5AF7EF5ABDF68068A43F5B9BB4213D07EDBAC2ABD099097F6DB66554979918DF6DB665549D9E8A12D73EF6EF6478783718689A1D59E571F1F98A5F9F9F90FEDDCB9F38D175E78A11E0436C4F7BEF7BD7B9B61E254394F7DEEAE486C02DA6A5AF7CFBAD29B007979F7FDB3AEA4BCC8C6BBEF9F752565A3A7B6CCAD1C2ACA1586718789A1FA79F5718104DBB66DFBC8CD37DFFCFBD3A74FD7F3C0BABCFCF2CBDF6986895F2D2C2CDC589FB34BD29A80CD5EE94D80BC6455525E6423AB92B2D1631BDDFC6FF4F1808DB4B4B474CBCE9D3B7FBB51572A96AF4CBCDAD4CDF5B9BA46139055E94D80BC6455525E6423AB92B2D1731B35046CD47180EBA95C49D8B163C7F9071F7CF0FCA4BFA85D7E017BF977267EDDF52B13439A80AC4A6F02E425AB92F2221B5995948D4D60BDC3C07A9F0F4CD3E2E2E2079796961ED9B56BD76B4F3FFDF4EBE3FE9D8AE671A7EFBFFFFE6F964F736AEA70394E7DECAED20464557A13202F59959417D9C8AAA46C6C12930E05933E0F98B5F211AFCD607074FBF6ED17BEF4A52FFDE4C89123CFBDF8E28BBF3C73E6CCEF9AF9E18DDFFCE637279E7FFEF91F7DFBDBDF7E70FFFEFD879BC79E298FEFEA47C35E8D2620ABD29B0079C9AAA4BCC846562565631359EB70B0D6C70389CA5FB66E06853D8B8B8B0F355F9F6DAAFC4D89C1F2D767976FDFD3C5BF803D2E4D4056A53701F292554979918DAC4ACAC62633EE9030EEE300F26902B22ABD099097AC4ACA8B6C6455523636A16B0D0BD7BA1FA05B34015995DE04C84B5625E54536B22A291B9BD46A43C36AB70374972620ABD29B0079C9AAA4BCC8465625656313AB8787FA7B807ED00464557A13202F59959417D9C8AAA46C6C72C321E28EE5AF8609A07F34015995DE04C84B5625E54536B22A291BCC6D291FF852BED67700F4822620ABD29B0079C9AAA4BCC84656256583B9B9E58102A09F34015995DE04C84B5625E54536B22A291B1828809ED30464557A13202F59959417D9C8AAA46C60A0007A4E139055E94D80BC6455525E6423AB92B2818102E8394D4056A53701F292554979918DAC4ACA06060AA0E734015995DE04C84B5625E54536B22A291B1828809ED30464557A13202F59959417D9C8AAA46C60A0007A4E139055E94D80BC6455525E6423AB92B2818102E8394D4056A53701F292554979918DAC4ACA06060AA0E734015995DE04C84B5625E54536B22A291B1828809ED30464557A13202F59959417D9C8AAA46C60A0007A4E139055E94D80BC6455525E6423AB92B2818102E8394D4056A53701F292554979918DAC4ACA06060AA0E734015995DE04C84B5625E54536B22A291B1828809ED30464557A13202F59959417D9C8AAA46C60A0007A4E139055E94D80BC6455525E6423AB92B2818102E8B923478E5CBE78F1E28ACD484DBF9AF7E1574D13F066FD1E2591979C4ACB8B6CE4545A363050003D77F4E8D15F9D3E7D7AC586A4A65FBFF8C52FEE6F9A8067EBF72889BCE4545A5E6423A7D2B2818102E8B9C71F7FFCE34F3EF9E48553A74E9DF1AF8BB3A9E6FFFBA9975F7EF95F9A06E0974D7DAC7E8F92C8CBEC2B352FB231FB4ACD06060A6013281B4FF9D7ACA6DE2A3F77DBB5BAEFBEFB0665B1AE6FEF5095FFEFE5FF7F271A80F23A975F6F27F3D2838ACD4B794DCBAF4D366653B1D9D8EC0C1400E19A85FA098B3500A9EC5100C19A45FA86B2502FD70DF5FD00306B060A8060C3AB13CBF5447D3F00CC9A810220547575C2550A0022192800425557275CA5002092810220D02A57275CA500208E810220D02A57275CA500208E8102204CB902D13244D47543FD3C009805030540987205A26580A8CB550A00221828003AC0620D402A7B14400758AC0148658F02E8008B3500A9EC51001D60B10620953D0AA0032CD600A4B247017480C51A8054F628800EB0580390CA1E05D001166B0052D9A3003AC0620D402A7B14400758AC0148658F02E8008B3500A9EC51001D60B10620953D0AA0032CD600A4B247017480C51A8054F628800EB0580390CA1E05D001166B0052D9A3003AC0620D402A7B14400758AC0148658F02E8008B3500A9EC51001D60B10620953D0AA0032CD600A4B247017480C51A8054F628800EB0580390CA1E05D001166B0052D9A3003AC0620D402A7B14400758AC0148658F02E8008B3500A9EC51001D60B10620953D0AA0032CD600A4B247017480C51A8054F628800EB0580390CA1E05D001166B0052D9A3003AC0620D402A7B14400758AC0148658F02E8008B3500A9EC51001D60B10620953D0AA0032CD600A4B247017480C51A8054F628800EB0580390CA1E05D001166B0052D9A3003AC0620D402A7B14400758AC0148658F02E8008B3500A9EC51001D60B10620953D0AA0032CD600A4B247017480C51A8054F628800EB0580390CA1E05D001166B0052D9A3003AC0620D402A7B14400758AC0148658F02E8008B3500A9EC51001D60B10620953D0AA0032CD600A4B247017480C51A8054F628800EB0580390CA1E05D001166B0052D9A3003AC0620D402A7B14400758AC0148658F02E8008B3500A9EC51001D60B10620953D0AA0032CD600A4B247017480C51A8054F628800EB0580390CA1E05D001166B0052D9A3003AC0620D402A7B14400758AC0148658F02E8008B3500A9EC51001D60B10620953D0AA0032CD600A4B247017480C51A8054F628800EB0580390CA1E05D001166B0052D9A3003AA02CD64A29A5546AD5FB16000000000000000000000000000000000000000000000000000000C0BBFC2FD19AE0C140CD5BE30000000049454E44AE426082, 1);
INSERT INTO `ACT_GE_BYTEARRAY` VALUES ('258ff6fd-e889-11ef-9400-cc28aa504d95', 1, '.bpmn20.xml', '258ff6fc-e889-11ef-9400-cc28aa504d95', 0x3C3F786D6C2076657273696F6E3D22312E302220656E636F64696E673D225554462D38223F3E0A3C646566696E6974696F6E7320786D6C6E733D22687474703A2F2F7777772E6F6D672E6F72672F737065632F42504D4E2F32303130303532342F4D4F44454C2220786D6C6E733A7873693D22687474703A2F2F7777772E77332E6F72672F323030312F584D4C536368656D612D696E7374616E63652220786D6C6E733A7873643D22687474703A2F2F7777772E77332E6F72672F323030312F584D4C536368656D612220786D6C6E733A666C6F7761626C653D22687474703A2F2F666C6F7761626C652E6F72672F62706D6E2220786D6C6E733A62706D6E64693D22687474703A2F2F7777772E6F6D672E6F72672F737065632F42504D4E2F32303130303532342F44492220786D6C6E733A6F6D6764633D22687474703A2F2F7777772E6F6D672E6F72672F737065632F44442F32303130303532342F44432220786D6C6E733A6F6D6764693D22687474703A2F2F7777772E6F6D672E6F72672F737065632F44442F32303130303532342F44492220747970654C616E67756167653D22687474703A2F2F7777772E77332E6F72672F323030312F584D4C536368656D61222065787072657373696F6E4C616E67756167653D22687474703A2F2F7777772E77332E6F72672F313939392F585061746822207461726765744E616D6573706163653D22687474703A2F2F7777772E666C6F7761626C652E6F72672F70726F6365737364656622206578706F727465723D22466C6F7761626C65204F70656E20536F75726365204D6F64656C657222206578706F7274657256657273696F6E3D22362E382E30223E0A20203C70726F636573732069643D22617373657443616C6C22206E616D653D22E8B584E4BAA7E8B083E794A8E6B581E7A88B2220697345786563757461626C653D2274727565223E0A202020203C646F63756D656E746174696F6E3EE8B584E4BAA7E8B083E794A8E6B581E7A88B3C2F646F63756D656E746174696F6E3E0A202020203C657874656E73696F6E456C656D656E74733E0A2020202020203C666C6F7761626C653A7661726961626C65206E616D653D226C656164657249642220747970653D22737472696E6722202F3E0A2020202020203C666C6F7761626C653A7661726961626C65206E616D653D227573657249642220747970653D22737472696E6722202F3E0A202020203C2F657874656E73696F6E456C656D656E74733E0A202020203C73746172744576656E742069643D2273746172744576656E74312220666C6F7761626C653A666F726D4669656C6456616C69646174696F6E3D2274727565222F3E0A202020203C757365725461736B2069643D227369642D32384634363439432D323739302D343536312D384137462D39413831423044373445384522206E616D653D22E794A8E688B7E794B3E8AFB72220666C6F7761626C653A61737369676E65653D22247B7573657249647D2220666C6F7761626C653A666F726D4669656C6456616C69646174696F6E3D2274727565223E0A2020202020203C657874656E73696F6E456C656D656E74733E0A20202020202020203C6D6F64656C65723A696E69746961746F722D63616E2D636F6D706C65746520786D6C6E733A6D6F64656C65723D22687474703A2F2F666C6F7761626C652E6F72672F6D6F64656C6572223E3C215B43444154415B66616C73655D5D3E3C2F6D6F64656C65723A696E69746961746F722D63616E2D636F6D706C6574653E0A2020202020203C2F657874656E73696F6E456C656D656E74733E0A202020203C2F757365725461736B3E0A202020203C73657175656E6365466C6F772069643D227369642D44373945383533322D373936462D343541332D393932412D3738454346313837323746302220736F757263655265663D2273746172744576656E743122207461726765745265663D227369642D32384634363439432D323739302D343536312D384137462D394138314230443734453845222F3E0A202020203C757365725461736B2069643D227369642D45334639343536372D364631442D343644422D384238382D43433139334231453334433022206E616D653D22E9A286E5AFBCE5AEA1E6A0B8312220666C6F7761626C653A61737369676E65653D22247B6C656164657249647D2220666C6F7761626C653A666F726D4669656C6456616C69646174696F6E3D2274727565223E0A2020202020203C657874656E73696F6E456C656D656E74733E0A20202020202020203C6D6F64656C65723A696E69746961746F722D63616E2D636F6D706C65746520786D6C6E733A6D6F64656C65723D22687474703A2F2F666C6F7761626C652E6F72672F6D6F64656C6572223E3C215B43444154415B66616C73655D5D3E3C2F6D6F64656C65723A696E69746961746F722D63616E2D636F6D706C6574653E0A2020202020203C2F657874656E73696F6E456C656D656E74733E0A202020203C2F757365725461736B3E0A202020203C73657175656E6365466C6F772069643D227369642D35443634344145412D394238452D344135342D423641312D3346333643453939354545422220736F757263655265663D227369642D32384634363439432D323739302D343536312D384137462D39413831423044373445384522207461726765745265663D227369642D45334639343536372D364631442D343644422D384238382D434331393342314533344330222F3E0A202020203C6578636C7573697665476174657761792069643D227369642D36354245334639392D384445442D343833462D393246332D413344333446353144414333222F3E0A202020203C73657175656E6365466C6F772069643D227369642D43313842354431352D373430432D343035382D383034452D3241383933373944394546352220736F757263655265663D227369642D44373643303439432D353341382D343446302D384131432D39333044394436383531333222207461726765745265663D227369642D36354245334639392D384445442D343833462D393246332D413344333446353144414333222F3E0A202020203C656E644576656E742069643D227369642D43333037363846432D343331452D343238422D383439392D463538343244354437333541222F3E0A202020203C73657175656E6365466C6F772069643D227369642D30414239423441322D433946302D344431372D384543462D3830373342373845413236442220736F757263655265663D227369642D36354245334639392D384445442D343833462D393246332D41334433344635314441433322207461726765745265663D227369642D32384634363439432D323739302D343536312D384137462D394138314230443734453845223E0A2020202020203C636F6E646974696F6E45787072657373696F6E207873693A747970653D2274466F726D616C45787072657373696F6E223E3C215B43444154415B247B21617070726F7665526573756C747D5D5D3E3C2F636F6E646974696F6E45787072657373696F6E3E0A202020203C2F73657175656E6365466C6F773E0A202020203C757365725461736B2069643D227369642D44373643303439432D353341382D343446302D384131432D39333044394436383531333222206E616D653D22E9A286E5AFBCE5AEA1E6A0B8322220666C6F7761626C653A61737369676E65653D22247B6C656164657249647D2220666C6F7761626C653A666F726D4669656C6456616C69646174696F6E3D2274727565223E0A2020202020203C657874656E73696F6E456C656D656E74733E0A20202020202020203C6D6F64656C65723A696E69746961746F722D63616E2D636F6D706C65746520786D6C6E733A6D6F64656C65723D22687474703A2F2F666C6F7761626C652E6F72672F6D6F64656C6572223E3C215B43444154415B66616C73655D5D3E3C2F6D6F64656C65723A696E69746961746F722D63616E2D636F6D706C6574653E0A2020202020203C2F657874656E73696F6E456C656D656E74733E0A202020203C2F757365725461736B3E0A202020203C73657175656E6365466C6F772069643D227369642D46303430313030312D454436322D344237322D393438372D4339443437313337373442452220736F757263655265663D227369642D45334639343536372D364631442D343644422D384238382D43433139334231453334433022207461726765745265663D227369642D44373643303439432D353341382D343446302D384131432D393330443944363835313332222F3E0A202020203C73657175656E6365466C6F772069643D227369642D43414146304339422D363639302D343636312D383431342D3431453231454338333241312220736F757263655265663D227369642D36354245334639392D384445442D343833462D393246332D41334433344635314441433322207461726765745265663D227369642D43333037363846432D343331452D343238422D383439392D463538343244354437333541223E0A2020202020203C636F6E646974696F6E45787072657373696F6E207873693A747970653D2274466F726D616C45787072657373696F6E223E3C215B43444154415B247B617070726F7665526573756C747D5D5D3E3C2F636F6E646974696F6E45787072657373696F6E3E0A202020203C2F73657175656E6365466C6F773E0A20203C2F70726F636573733E0A20203C62706D6E64693A42504D4E4469616772616D2069643D2242504D4E4469616772616D5F617373657443616C6C223E0A202020203C62706D6E64693A42504D4E506C616E652062706D6E456C656D656E743D22617373657443616C6C222069643D2242504D4E506C616E655F617373657443616C6C223E0A2020202020203C62706D6E64693A42504D4E53686170652062706D6E456C656D656E743D2273746172744576656E7431222069643D2242504D4E53686170655F73746172744576656E7431223E0A20202020202020203C6F6D6764633A426F756E6473206865696768743D2233302E30222077696474683D2233302E302220783D223130302E302220793D223136332E30222F3E0A2020202020203C2F62706D6E64693A42504D4E53686170653E0A2020202020203C62706D6E64693A42504D4E53686170652062706D6E456C656D656E743D227369642D32384634363439432D323739302D343536312D384137462D394138314230443734453845222069643D2242504D4E53686170655F7369642D32384634363439432D323739302D343536312D384137462D394138314230443734453845223E0A20202020202020203C6F6D6764633A426F756E6473206865696768743D2238302E30222077696474683D223130302E302220783D223137352E302220793D223133382E30222F3E0A2020202020203C2F62706D6E64693A42504D4E53686170653E0A2020202020203C62706D6E64693A42504D4E53686170652062706D6E456C656D656E743D227369642D45334639343536372D364631442D343644422D384238382D434331393342314533344330222069643D2242504D4E53686170655F7369642D45334639343536372D364631442D343644422D384238382D434331393342314533344330223E0A20202020202020203C6F6D6764633A426F756E6473206865696768743D2238302E30222077696474683D223130302E302220783D223331352E302220793D223133382E30222F3E0A2020202020203C2F62706D6E64693A42504D4E53686170653E0A2020202020203C62706D6E64693A42504D4E53686170652062706D6E456C656D656E743D227369642D36354245334639392D384445442D343833462D393246332D413344333446353144414333222069643D2242504D4E53686170655F7369642D36354245334639392D384445442D343833462D393246332D413344333446353144414333223E0A20202020202020203C6F6D6764633A426F756E6473206865696768743D2234302E30222077696474683D2234302E302220783D223633302E302220793D223135382E30222F3E0A2020202020203C2F62706D6E64693A42504D4E53686170653E0A2020202020203C62706D6E64693A42504D4E53686170652062706D6E456C656D656E743D227369642D43333037363846432D343331452D343238422D383439392D463538343244354437333541222069643D2242504D4E53686170655F7369642D43333037363846432D343331452D343238422D383439392D463538343244354437333541223E0A20202020202020203C6F6D6764633A426F756E6473206865696768743D2232382E30222077696474683D2232382E302220783D223735302E302220793D223130352E30222F3E0A2020202020203C2F62706D6E64693A42504D4E53686170653E0A2020202020203C62706D6E64693A42504D4E53686170652062706D6E456C656D656E743D227369642D44373643303439432D353341382D343446302D384131432D393330443944363835313332222069643D2242504D4E53686170655F7369642D44373643303439432D353341382D343446302D384131432D393330443944363835313332223E0A20202020202020203C6F6D6764633A426F756E6473206865696768743D2238302E30222077696474683D223130302E302220783D223435302E302220793D223133382E30222F3E0A2020202020203C2F62706D6E64693A42504D4E53686170653E0A2020202020203C62706D6E64693A42504D4E456467652062706D6E456C656D656E743D227369642D30414239423441322D433946302D344431372D384543462D383037334237384541323644222069643D2242504D4E456467655F7369642D30414239423441322D433946302D344431372D384543462D3830373342373845413236442220666C6F7761626C653A736F75726365446F636B6572583D2232302E352220666C6F7761626C653A736F75726365446F636B6572593D2232302E352220666C6F7761626C653A746172676574446F636B6572583D2235302E302220666C6F7761626C653A746172676574446F636B6572593D2237392E30223E0A20202020202020203C6F6D6764693A776179706F696E7420783D223635302E352220793D223139372E3434323230383035393231303537222F3E0A20202020202020203C6F6D6764693A776179706F696E7420783D223635302E302220793D223330302E30222F3E0A20202020202020203C6F6D6764693A776179706F696E7420783D223232352E302220793D223330302E30222F3E0A20202020202020203C6F6D6764693A776179706F696E7420783D223232352E302220793D223231372E3935303030303030303030303032222F3E0A2020202020203C2F62706D6E64693A42504D4E456467653E0A2020202020203C62706D6E64693A42504D4E456467652062706D6E456C656D656E743D227369642D43414146304339422D363639302D343636312D383431342D343145323145433833324131222069643D2242504D4E456467655F7369642D43414146304339422D363639302D343636312D383431342D3431453231454338333241312220666C6F7761626C653A736F75726365446F636B6572583D2232302E352220666C6F7761626C653A736F75726365446F636B6572593D2232302E352220666C6F7761626C653A746172676574446F636B6572583D2231342E302220666C6F7761626C653A746172676574446F636B6572593D2231342E30223E0A20202020202020203C6F6D6764693A776179706F696E7420783D223635302E352220793D223135382E35222F3E0A20202020202020203C6F6D6764693A776179706F696E7420783D223635302E352220793D223131392E30222F3E0A20202020202020203C6F6D6764693A776179706F696E7420783D223735302E302220793D223131392E30222F3E0A2020202020203C2F62706D6E64693A42504D4E456467653E0A2020202020203C62706D6E64693A42504D4E456467652062706D6E456C656D656E743D227369642D35443634344145412D394238452D344135342D423641312D334633364345393935454542222069643D2242504D4E456467655F7369642D35443634344145412D394238452D344135342D423641312D3346333643453939354545422220666C6F7761626C653A736F75726365446F636B6572583D2235302E302220666C6F7761626C653A736F75726365446F636B6572593D2234302E302220666C6F7761626C653A746172676574446F636B6572583D2235302E302220666C6F7761626C653A746172676574446F636B6572593D2234302E30223E0A20202020202020203C6F6D6764693A776179706F696E7420783D223237342E39353030303030303030303030352220793D223137382E30222F3E0A20202020202020203C6F6D6764693A776179706F696E7420783D223331342E393939393939393939393638322220793D223137382E30222F3E0A2020202020203C2F62706D6E64693A42504D4E456467653E0A2020202020203C62706D6E64693A42504D4E456467652062706D6E456C656D656E743D227369642D46303430313030312D454436322D344237322D393438372D433944343731333737344245222069643D2242504D4E456467655F7369642D46303430313030312D454436322D344237322D393438372D4339443437313337373442452220666C6F7761626C653A736F75726365446F636B6572583D2235302E302220666C6F7761626C653A736F75726365446F636B6572593D2234302E302220666C6F7761626C653A746172676574446F636B6572583D2235302E302220666C6F7761626C653A746172676574446F636B6572593D2234302E30223E0A20202020202020203C6F6D6764693A776179706F696E7420783D223431342E39353030303030303030303030352220793D223137382E30222F3E0A20202020202020203C6F6D6764693A776179706F696E7420783D223434392E39393939393939393939373230332220793D223137382E30222F3E0A2020202020203C2F62706D6E64693A42504D4E456467653E0A2020202020203C62706D6E64693A42504D4E456467652062706D6E456C656D656E743D227369642D44373945383533322D373936462D343541332D393932412D373845434631383732374630222069643D2242504D4E456467655F7369642D44373945383533322D373936462D343541332D393932412D3738454346313837323746302220666C6F7761626C653A736F75726365446F636B6572583D2231352E302220666C6F7761626C653A736F75726365446F636B6572593D2231352E302220666C6F7761626C653A746172676574446F636B6572583D2235302E302220666C6F7761626C653A746172676574446F636B6572593D2234302E30223E0A20202020202020203C6F6D6764693A776179706F696E7420783D223132392E393439393938343839393537362220793D223137382E30222F3E0A20202020202020203C6F6D6764693A776179706F696E7420783D223137342E393939393939393939393931372220793D223137382E30222F3E0A2020202020203C2F62706D6E64693A42504D4E456467653E0A2020202020203C62706D6E64693A42504D4E456467652062706D6E456C656D656E743D227369642D43313842354431352D373430432D343035382D383034452D324138393337394439454635222069643D2242504D4E456467655F7369642D43313842354431352D373430432D343035382D383034452D3241383933373944394546352220666C6F7761626C653A736F75726365446F636B6572583D2239392E302220666C6F7761626C653A736F75726365446F636B6572593D2234302E302220666C6F7761626C653A746172676574446F636B6572583D2232302E352220666C6F7761626C653A746172676574446F636B6572593D2232302E35223E0A20202020202020203C6F6D6764693A776179706F696E7420783D223534392E39352220793D223137382E3030343637393830323935353638222F3E0A20202020202020203C6F6D6764693A776179706F696E7420783D223633302E34303039393030393930312220793D223137382E34303039393030393930303939222F3E0A2020202020203C2F62706D6E64693A42504D4E456467653E0A202020203C2F62706D6E64693A42504D4E506C616E653E0A20203C2F62706D6E64693A42504D4E4469616772616D3E0A3C2F646566696E6974696F6E733E0A, 0);
INSERT INTO `ACT_GE_BYTEARRAY` VALUES ('2596fbde-e889-11ef-9400-cc28aa504d95', 1, '.assetCall.png', '258ff6fc-e889-11ef-9400-cc28aa504d95', 0x89504E470D0A1A0A0000000D4948445200000314000001360806000000F878D4850000190949444154785EEDDD5D8C9CE57937F0090709EA41CE7292AA47C9614EF27516C9444A45941EA056DA5D7B1D93186C61828D22852612267AE3D79148A39EB54AD5D2AA0A6A1BD44A2450D5868281980FA7E4436A0B79A1D4C6695EE23A601B075493183C7D6E77271DEE7D763DFB35F37F667F3FE9D27A9FE7990F79FEBAEFEBF278677B3D0000000000000000000000000000000000000000000000000000000000000000000000000000000000000000000000000000000000000000000000000000000000000000000000000000000000000000000000000000000000000000000000000000000000000000000000000000000000000000000000000000000000000000000000000000000000000000000000000000000000000000000000000000000000000000000000000000000000000000000000000000000000000000000000000000000000000000000000000000000000000000000000000000000000000000000000000000000000000000000000000000000000000000000000000000000000000000000000000000000000000000000000000000000000000000000000000000000000000000000000000000000000000000000000000000000000000000E8B8999999DFDCBA75EB9EB9B9B9FB9BAF4F37F5D3A6FA0B5F9F5E38BEA75C57DF160000D8A46667673FDE0C0A4717868751EB68B95D7D5F0000C026313737F7BE663038DC322CACA40E97FBA9EF1B00009862B3B3B39FD8B66DDBABC3C3C18E1D3BFA77DE7967FFC89123FDE3C78FF7CF9C39D32FCAD7F27D395ECE97EBAAA1E26CB9BFFA3100008029D40C003734C3C49B838160FBF6EDFDBBEEBAAB7FEEDCB9CB03C49594EBCAF5E5764343C5C572BFF5630100005364E19D895F0F137BF7EEEDBFF8E28BF5CC309272BB72FBE1A1C23B15000030A5666666DE3F3F3F7F6E3000ECDFBFBF7FFEFCF97A4E589172FB723F4343C599F238F5630300001DD734FB8786DF9958EB303150EEA77AA7E250FDD8000040872D7C34ECAF7F6662B5FFCD6929E5FE867FA6C247CA0200C014699AFCC707CD7EF981EA8D50EE77E85D8AC7EBE700000084691AF7479BBAA63E3E6CE137605F2A8D7EF9C8D7513FCD69A5CAFD0E7DA4EC25BF511B0000C20DBD23B0E46031373777F3E0BAAF7DED6BF51CB0AECAFD0F1EAB3C6EFD5C000080204303C5928345F3FDBD83F30F3FFC703D03ACAB72FF43CFE5DEE1E701000084691928160D16CDD7EF0F8E9F3871A29E01D655B9FFA1E7F0FDEAE9020000495A0689BACA60F1CAE0FBB367CFD633C0BA2AF73FF4D82FD5CF17000046D2D2D8AA80BA78F1623D03ACAB72FF438FF7469D0B000018496928EB63ACBF7A6018AA47B7FEEF7F797A6970DC3B140000748281623C961B2486AEF133140000748B81623C961B2406B6FA94270000BAC640311ECB0D12037E0F0500009D63A0C831CEDF94FDE94F7FFAF2E394C7F39BB201005835034596E6F5787CF0CEC15D77DD55CF02EBA2DCEFE031CAE3D5CF0100004666A0C8323B3BFBF141B3BF7DFBF6FE8B2FBE58CF036B52EE6F7E7E7EF0EE44BF3C5EFD1C00006064068A3CCD6B7268D0F0EFDDBBB77FFEFCF97A2E5895723FB7DC72CB5B43EF4E1CAA1F1B000056C44091676666E6FDCDEB7266D0F8EFDFBF7FCD4345B9FDEDB7DFFEEB7726CAFD97C7A91F1B000056C44091697676F613CD6B7371F89D8AD5FEF7A772BBEA9D898BE5FEEBC7040080153350E46A5E9B1B86878AF23315E507AA47FDF4A7725DB97EF8672616EEEF86FAB1000060550C14D916DEA9383B34105CFE48D93BEFBCB37FE4C891FEF1E3C7FB67CE9CB93C4094AFE5FB72BC9C1FFA68D8419DF5CE040000EBCA40916F6E6EEE7DCDEB74B81A0E565A87CBFDD4F70D00006B529ACDFA1899163E52F668CBB0B05C1DF5D1B000006C180345F72CFC46ED3D737373F7375F9F6EEAA70BC343F9FAF4C2F13D7E033600001BCE40010000AC9A810200005835030530D5FAFDFE3B4F9C38F1B7C78E1DFB55F908B4871E7A488DB99ABFF74B478F1EFDD9238F3C725DFDFAA49197C9576A5E6463F2959A0D0C14C0946B1A80BF6B36A0FEE9D3A7FB172E5CE8FFF297BF5463AEF2F75EFEFE1F7BECB1F34D53F03BF56B94445E265FA979918DC9576A3630500053AEFC6B62D980EA8D498DBF4E9D3AF54AD3043C5DBF4649E425A7D2F2221B3995960D0C14C0942BFF35C1BF266654791D9A26E08DFA354A222F39959617D9C8A9B46C60A000A65CF97FB7F566A42657E5F5A85FA324F292554979918DAC4ACA06060A60CA8DDA04BCFEEAA9FE89EFFF65FFD987FFEFE52A7F2EC7EAEBD4DA2ABD099097AC4ACA8B6C64555236305000536E9426E0B5732FF59F79F0CBFD7FFE87DF7F5B9563E55C7DBD5A7DA53701F292554979918DAC4ACA06060A60CA8DD204FCF4D9FB17350083FAFFCFFEFDA2EBD5EA2BBD099097AC4ACA8B6C64555236305000536E9426E0FF3DFA078B36FF419573F5F56AF595DE04C84B5625E54536B22A291B18288029374A13F0CC435F59B4F90FAA9CABAF57ABAFF426405EB22A292FB2915549D9C040014C394D4056A53701F292554979918DAC4ACA06060A60CA8DD204944F62A937FF419573F5F56AF595DE04C84B5625E54536B22A291B18288029374A13F0C2937FBC68F31F5439575FAF565FE94D80BC6455525E6423AB92B28181029872A33401675EFA97FE33FFF87F163500E55839575FAF565FE94D80BC6455525E6423AB92B28181029872A33401A55EFCC1DD8B9A8072ACBE4EADADD29B0079C9AAA4BCC84656256503030530E5466A02DE78A3FFC2537FB2A80928C7CAB945D7AB55577A13202F59959417D9C8AAA46C60A000A6DC959A80F2DB6BFFEDC93F5AD4000CAA9CF31B6ED7AFD29B0079C9AAA4BCC84656256503030530E5966C02DE78A37FEA8547FAFFFAC0ED8B36FEBACA35E55AFFC2B8F64A6F02E425AB92F2221B5995940D0C14C0946B6B02AEF42F894B957F615C7BA53701F292554979918DAC4ACA06060A60CAB53501A3FC4BE252556E5BDF9F1ABDD29B0079C9AAA4BCC84656256503030530E5DA9A807A635F69D5F7A746AFF426405EB22A292FB2915549D9A0B76561A0D8529F00980A6D4D809A5CA53701F292554979918DAC4ACAC626578688D34DDDB6F0D550014C1F4D4056A53701F292554979918DAC4ACAC626361826064344FD3DC074D00464557A13202F59959417D9C8AAA46C6C524B0D0F4B1D07E82E4D4056A53701F292554979918DAC4ACAC62674A5A1E14AE781AEE8F7FB571D3B76ECF7EEBEFBEE7F3C70E0C02B5FFAD2972EDC7CF3CD97CA0F4EEDD9B3E7E26DB7DDF68BE6D8BF1F3C78F00F77EEDCF95BF5EDA7852620ABD29B0079C9AAA4BCC846562565639319755818F53A205133485CFDC0030FFCD997BFFCE55FEDDAB5ABFF8D6F7CA3FFBDEF7DAF7FFCF8F1FE993367FA45F95ABE2FC7CBF91B6FBCF1AD7DFBF69DD8BD7BF7B5F5FD759D2620ABD29B0079C9AAA4BCC846562565631359E990B0D2EB8104CD8070CBC183072F7CFEF39FEF1F3B76ACFFD65B6F5D1E20AEA45C57AEBFF5D65B2F7EEE739FFBD1DCDCDCFBEAFBEE2A4D4056A53701F292554979918DAC4ACAC626B1DAE160B5B703C6AD9909DEF1E0830FFEF54D37DDD43F74E850FFCD37DFAC67869194DB95DB7FF6B39F7D7DDBB66DBF5D3F4E176902B22ABD099097AC4ACA8B6C645552363681B50E056BBD3DB0D19A39E01DF7DE7BEF3FDD7CF3CDFDE79E7BAE9E1156A5DCCFAE5DBBFE6B7E7EFEC6FAF1BA46139055E94D80BC6455525E6423AB92B231E5D66B1858AFFB013642796762CF9E3DFDD3A74FD773C19A94FBDBB973E76BB3B3B39FA81FB34B34015995DE04C84B5625E54536B22A291B536CBD8780F5BE3F603D3CF5D453B7946162BDDE99A835F77BE9FAEBAF3F373333F3FEFAB1BB42139055E94D80BC6455525E6423AB92B231A5EAE6FF1D4D7D66E1EB4AD4B7ABEF1798A4A6DFBFFAAB5FFDEA85F2330F1BE9BEFBEE3B373F3FFF40FDF85DA109C8AAF426405EB22A292FB2915549D9984275D35F8681BF68AAFC9D97AFA30E154BDDAEBE7F60520E1F3EFCA7E5D39C56FB03D8A32AF7BF6BD7AE976767673F5E3F872ED00464557A13202F59959417D9C8AAA46C4C99B666FF33BDFF190A0635CA50313C4C0CEAFAA1F36D8F038C53D3E75F75C71D77FCAA7CD4EB383CF1C413AF6EDDBAF5F1FA7974812620ABD29B0079C9AAA4BCC846562565638A2CD5E4B70D07CB0D156DD7FFF9C2F1614B3D1E300E4F3DF5D4EFEEDEBD7BE4DF33B156E571B66FDFFEEACCCCCC6FD6CF65529A01E7D1A6AEA98FD734015935A926405EBA59E3C88B6C74B3C6918D2E1A35CF2DAED4DCB70D096D4345DB756DC3C4C0951E17D828DFFCE6371F2ABFE17A9C0E1C38F0CCDCDCDCCDF573999466C1EC2FD4B28BA72620AB26D504C84B376B1C79918D6ED638B2D145A3E6B9326A53DF362C0C0F156DE7971B2606467D7C603D1D3C78F0E571FD77A781871F7EF8D96671BAB77E2E9332B4682EBB786A02B26A524D80BC74B3C69117D9E8668D231B5D346A9E87ACB4996F1B1ACAF757B51C1F65981858E9F300D6EA8B5FFCE28513274ED43DFF867AFEF9E74F368BD2F7EBE732292D8B66EBE2A909C8AA4935012D3991970ED438F2D29209D9E8408D231B5DD492E3D63C2F586D13DF36543C5F7DBF92616260B5CF07588D3D7BF65C3A7BF66CDDF36FA83367CEBCD62C462FD5CF65525A16CBBA2E2F9E9A80AC9A5413D0928FBAE425B0C69197962CD4251B81358E6C74514B7EEBBA9CE7DEDA9BF7B6A1622DC3C4C05A9F1730AA1D3B76F42F5EBC58F7FC1BAA79BC5FB42C4CF1A509C8AAFAF5492B79C9AAFAF59964C94656D5AF8F5A7935EDC46D757FB142E5BF39D5EF4C94EFCBF1B528CFAB0C15BF519F00D6D14D37DD7471DCEF50BCFCF2CBFFBEB51BEF503CBAD57F5388AD49FDAB624B4EE4A503358EBCB46442363A50E3C84617B5E4B835CFBDB5BF13B0DC3B146D9FFE34AAB53E2F60545FF8C2177E31EE9FA1F8F18F7FFC83ADD93F43512F9697A53501BDC50BEFE51AD7F949D7A49A80AEE5A5D7F21A961AD7F9D75F7FBDBF65CB96B71D9B448D232F5DCA46AFE5352B358EF30F3CF040FF031FF840FFEAABAFEE7FF8C31FEEFFF0873F5CF4FCC659E3C846178D9AE7055B7AAB6BDEDB8689FA9D8AD50C15AB7D3EC06ADC7EFBEDFF36EE4F79FAF6B7BF7DFFD6CC4F795A6EB18C680286AB37B479B71DDBE8F393AE4935015DCB4BAFE5351B3EB691E7CBDAF2B18F7DECF2F76DD78DB3C691972E65A3D7F27A0C1FDBC8F31FF9C847FAEF7AD7BB06AF49FF431FFAD0A26BC759E3C846178D9AE7215B7A2B6BE2DB8689F233136D9FF2B492A162A5CF0358AB03070EFCE1B87F0FC5DEBD7B0F85FD1E8A9116CB842660B87ACB6CD8F59FDB8EADF5FCA46B524D40D7F2D26B79CD868F6DE4F9F2F5A31FFDE8E5AF6DD78DB3C691972E65A3D7F27A0C1FDBE8F3A54E9E3C79F9D8BBDFFDEE45D78EB3C6918D2E1A35CF952DBDD19AF9A58689E57E0FC52843C5A88F0FACA79D3B77FED6AE5DBBDE1AE36FCAFECF66817A39E937658F2AA10918AEDE1536EC8D3E3FE94A6F0252F2D26B79CD868F6DE4F9EBAEBBAE7FEAD4A9CBDFB75D37CE4ACA4B42367A2DAFC7F0B18D3E5F6AFFFEFD978F7DEA539F5A74ED382B291B53624B6FF9A6BE6D5868FB34A7B6EB961B2AAEF4B8C046DAB76FDF8BE3FA6F4FF7DC73CF5F3503C5E3F573E882842660B87A57D8B037FAFCA42BBD0948C94BAFE5351B3EB6D1E707DFD7C7C65D497949C846AFE5F5183EB6D1E7BFF5AD6FF5AFBAEAAAFE7BDFFBDEFE0B2FBCB0E8DA71565236A6C8965E7B73DF3624B40D13036DD7B70D154B3D1E302EBB77EFBEF6D65B6FBDF8E69B6FD6FDFFBA6AEEFFA7CD30F1C2ECECECC7EBE7D005094DC070F5AEB0616FF4F949577A139092975ECB6B367C6CA3CF0FBEAF8F8DBB92F292908D5ECBEB317C6C23CF3FF9E493FD77BEF39DFD0F7EF083FDF2A120F575E3AEA46C4C992DBDC54DFE677A0BEBC1422D374C0CB40D15D70F9D6F7B1C6012F6EEDDFBA343870E5DAA87807574E9EB5FFFFA5F3603C5A1FAB1BB22A10918AEDE321B76FDE7B6636B3D3FE94A6F0252F2D26B79CD868F6DF4F9C1F7F5B17157525E12B2D16B793D868F6DE4F96BAFBDB6FFC94F7EB2FFEAABAF2EBA661295948D29B4A5F7F6667F78381865981858EA76F5FD0393343333F3FE9D3B77BEF6DC73CFD583C0BAF8EE77BFFBCD669838551EA77EECAE48680286ABB7D0A4D535AEF393AEF42620252FBD96D7B0D4B8CE0F5F533FB77156525E12B2D16B79CD4A8DE3FC7BDEF39EB71DBBE38E3B163DBF71565236A6D496DEE2A1A2BCC330EA303150DFAEBE5F20C1B66DDB7EFB861B6EF8AFD3A74FD7F3C09A9C3C79F2EF9B61E267B3B3B39FA81FB34B129A00F5BF95DE04C84B5625E54536B22A291B536CBD9BFFF5BE3F603DCDCFCFDFB873E7CE5FACD73B150BEF4CBCD4D40DF563758D2620ABD29B0079C9AAA4BCC84656256563CAADD710B05EF7036CA4F24EC28E1D3BCEDD77DF7DE756FB83DAE507B0177E66E23FBBFECEC4802620ABD29B0079C9AAA4BCC846562565631358EB30B0D6DB03E3343737F7BEF9F9F90777EDDAF5F2134F3CF1EAA8BFA7A2B9EEF43DF7DCF3D7E5D39C9A3A5CEEA7BEEFAED20464557A13202F59959417D9C8AAA46C6C12AB1D0A567B3B60D2CA47BC3683C1D1EDDBB79FFFCA57BEF2AF478E1C79E6F9E79FFF8F575E79E5F5667E78EDE73FFFF989679F7DF607DFF9CE77EEDBB76FDFE1E6DA57CAF55DFD68D8E56802B22ABD099097AC4ACA8B6C645552363691950E072BBD1E48547EB3753328EC999B9BBBBFF9FA7453E5774AF417BE3EBD707C4F177F03F6A834015995DE04C84B5625E54536B22A291B9BCCA843C2A8D701E4D30464557A13202F59959417D9C8AAA46C6C42571A16AE741EA05B34015995DE04C84B5625E54536B22A291B9BD45243C352C701BA4B139055E94D80BC6455525E6423AB92B2B189D5C343FD3DC074D00464557A13202F59959417D9C8AAA46C6C728321E2B685AF860960FA6802B22ABD099097AC4ACA8B6C64555236E86D291FF852BED62700A6822620ABD29B0079C9AAA4BCC846562565835E6F61A000984E9A80AC4A6F02E425AB92F2221B5995940D0C14C094D30464557A13202F59959417D9C8AAA46C60A000A69C2620ABD29B0079C9AAA4BCC84656256503030530E534015995DE04C84B5625E54536B22A291B18288029A709C8AAF426405EB22A292FB2915549D9C040014C394D4056A53701F292554979918DAC4ACA06060A60CA6902B22ABD099097AC4ACA8B6C64555236305000534E139055E94D80BC6455525E6423AB92B281810298729A80AC4A6F02E425AB92F2221B5995940D0C14C094D30464557A13202F59959417D9C8AAA46C60A000A69C2620ABD29B0079C9AAA4BCC84656256503030530E534015995DE04C84B5625E54536B22A291B18288029A709C8AAF426405EB22A292FB2915549D9C040014C394D4056A53701F292554979918DAC4ACA06060A60CA6902B22ABD099097AC4ACA8B6C6455523630500053EEC89123972E5CB8B0683352E3AFE675F859D304BC51BF4649E425A7D2F2221B3995960D0C14C0943B7AF4E8CF4E9F3EBD684352E3AF9FFCE427F7344DC0D3F56B94445E722A2D2FB2915369D9C040014CB9471E79E4BAC71E7BECFCA953A75EF1AF8B93A9E6EFFDD4C99327FFA66900FEA3A9DFA95FA324F232F94ACD8B6C4CBE52B3818102D804CAC653FE35ABA95F96FF77DBB5BAFBEEBBFB65B1AE8F77A8CADF7BF9FBEF4403509EE7C2F3ED645EA6A062F3529ED3C273938DC9546C36363B030540B866A17ED4620D402A7B1440B06691BEA62CD40B754D7D1E0026CD4001106CF0EEC4423D5A9F07804933500084AADE9DF02E0500910C1400A1AA7727BC4B014024030540A025DE9DF02E0500710C140081967877C2BB1400C43150008429EF40B40C11755D53DF0E0026C1400110A6BC03D13240D4E55D0A00221828003AC0620D402A7B14400758AC0148658F02E8008B3500A9EC51001D60B10620953D0AA0032CD600A4B247017480C51A8054F628800EB0580390CA1E05D001166B0052D9A3003AC0620D402A7B14400758AC0148658F02E8008B3500A9EC51001D60B10620953D0AA0032CD600A4B247017480C51A8054F628800EB0580390CA1E05D001166B0052D9A3003AC0620D402A7B14400758AC0148658F02E8008B3500A9EC51001D60B10620953D0AA0032CD600A4B247017480C51A8054F628800EB0580390CA1E05D001166B0052D9A3003AC0620D402A7B14400758AC0148658F02E8008B3500A9EC51001D60B10620953D0AA0032CD600A4B247017480C51A8054F628800EB0580390CA1E05D001166B0052D9A3003AC0620D402A7B14400758AC0148658F02E8008B3500A9EC51001D60B10620953D0AA0032CD600A4B247017480C51A8054F628800EB0580390CA1E05D001166B0052D9A3003AC0620D402A7B14400758AC0148658F02E8008B3500A9EC51001D60B10620953D0AA0032CD600A4B247017480C51A8054F628800EB0580390CA1E05D001166B0052D9A3003AC0620D402A7B14400758AC0148658F02E8008B3500A9EC51001D60B10620953D0AA0032CD600A4B247017480C51A8054F628800EB0580390CA1E05D001166B0052D9A3003AC0620D402A7B14400758AC0148658F02E8008B3500A9EC51001D60B10620953D0AA0032CD600A4B247017480C51A8054F628800EB0580390CA1E05D001166B0052D9A3003AC0620D402A7B14400758AC0148658F02E8008B3500A9EC51001D60B10620953D0AA0032CD600A4B247017480C51A8054F628800EB0580390CA1E05D001166B0052D9A3003AA02CD64A29A5546AD5FB16000000000000000000000000000000000000000000000000000000C0DBFC37916F6A1483D4301A0000000049454E44AE426082, 1);
INSERT INTO `ACT_GE_BYTEARRAY` VALUES ('424fdc54-e88c-11ef-9400-cc28aa504d95', 1, '.bpmn20.xml', '424fdc53-e88c-11ef-9400-cc28aa504d95', 0x3C3F786D6C2076657273696F6E3D22312E302220656E636F64696E673D225554462D38223F3E0A3C646566696E6974696F6E7320786D6C6E733D22687474703A2F2F7777772E6F6D672E6F72672F737065632F42504D4E2F32303130303532342F4D4F44454C2220786D6C6E733A7873693D22687474703A2F2F7777772E77332E6F72672F323030312F584D4C536368656D612D696E7374616E63652220786D6C6E733A7873643D22687474703A2F2F7777772E77332E6F72672F323030312F584D4C536368656D612220786D6C6E733A666C6F7761626C653D22687474703A2F2F666C6F7761626C652E6F72672F62706D6E2220786D6C6E733A62706D6E64693D22687474703A2F2F7777772E6F6D672E6F72672F737065632F42504D4E2F32303130303532342F44492220786D6C6E733A6F6D6764633D22687474703A2F2F7777772E6F6D672E6F72672F737065632F44442F32303130303532342F44432220786D6C6E733A6F6D6764693D22687474703A2F2F7777772E6F6D672E6F72672F737065632F44442F32303130303532342F44492220747970654C616E67756167653D22687474703A2F2F7777772E77332E6F72672F323030312F584D4C536368656D61222065787072657373696F6E4C616E67756167653D22687474703A2F2F7777772E77332E6F72672F313939392F585061746822207461726765744E616D6573706163653D22687474703A2F2F7777772E666C6F7761626C652E6F72672F70726F6365737364656622206578706F727465723D22466C6F7761626C65204F70656E20536F75726365204D6F64656C657222206578706F7274657256657273696F6E3D22362E382E30223E0A20203C70726F636573732069643D22617373657443616C6C22206E616D653D22E8B584E4BAA7E8B083E794A8E6B581E7A88B2220697345786563757461626C653D2274727565223E0A202020203C646F63756D656E746174696F6E3EE8B584E4BAA7E8B083E794A8E6B581E7A88B3C2F646F63756D656E746174696F6E3E0A202020203C657874656E73696F6E456C656D656E74733E0A2020202020203C666C6F7761626C653A7661726961626C65206E616D653D226C656164657249642220747970653D22737472696E6722202F3E0A2020202020203C666C6F7761626C653A7661726961626C65206E616D653D227573657249642220747970653D22737472696E6722202F3E0A202020203C2F657874656E73696F6E456C656D656E74733E0A202020203C73746172744576656E742069643D2273746172744576656E74312220666C6F7761626C653A666F726D4669656C6456616C69646174696F6E3D2274727565222F3E0A202020203C757365725461736B2069643D227369642D32384634363439432D323739302D343536312D384137462D39413831423044373445384522206E616D653D22E794A8E688B7E794B3E8AFB72220666C6F7761626C653A61737369676E65653D22247B7573657249647D2220666C6F7761626C653A666F726D4669656C6456616C69646174696F6E3D2274727565223E0A2020202020203C657874656E73696F6E456C656D656E74733E0A20202020202020203C6D6F64656C65723A696E69746961746F722D63616E2D636F6D706C65746520786D6C6E733A6D6F64656C65723D22687474703A2F2F666C6F7761626C652E6F72672F6D6F64656C6572223E3C215B43444154415B66616C73655D5D3E3C2F6D6F64656C65723A696E69746961746F722D63616E2D636F6D706C6574653E0A2020202020203C2F657874656E73696F6E456C656D656E74733E0A202020203C2F757365725461736B3E0A202020203C73657175656E6365466C6F772069643D227369642D44373945383533322D373936462D343541332D393932412D3738454346313837323746302220736F757263655265663D2273746172744576656E743122207461726765745265663D227369642D32384634363439432D323739302D343536312D384137462D394138314230443734453845222F3E0A202020203C757365725461736B2069643D227369642D45334639343536372D364631442D343644422D384238382D43433139334231453334433022206E616D653D22E9A286E5AFBCE5AEA1E6A0B8312220666C6F7761626C653A61737369676E65653D22247B6C656164657249647D2220666C6F7761626C653A666F726D4669656C6456616C69646174696F6E3D2274727565223E0A2020202020203C657874656E73696F6E456C656D656E74733E0A20202020202020203C6D6F64656C65723A696E69746961746F722D63616E2D636F6D706C65746520786D6C6E733A6D6F64656C65723D22687474703A2F2F666C6F7761626C652E6F72672F6D6F64656C6572223E3C215B43444154415B66616C73655D5D3E3C2F6D6F64656C65723A696E69746961746F722D63616E2D636F6D706C6574653E0A2020202020203C2F657874656E73696F6E456C656D656E74733E0A202020203C2F757365725461736B3E0A202020203C73657175656E6365466C6F772069643D227369642D35443634344145412D394238452D344135342D423641312D3346333643453939354545422220736F757263655265663D227369642D32384634363439432D323739302D343536312D384137462D39413831423044373445384522207461726765745265663D227369642D45334639343536372D364631442D343644422D384238382D434331393342314533344330222F3E0A202020203C6578636C7573697665476174657761792069643D227369642D36354245334639392D384445442D343833462D393246332D413344333446353144414333222F3E0A202020203C73657175656E6365466C6F772069643D227369642D43313842354431352D373430432D343035382D383034452D3241383933373944394546352220736F757263655265663D227369642D44373643303439432D353341382D343446302D384131432D39333044394436383531333222207461726765745265663D227369642D36354245334639392D384445442D343833462D393246332D413344333446353144414333222F3E0A202020203C656E644576656E742069643D227369642D43333037363846432D343331452D343238422D383439392D463538343244354437333541222F3E0A202020203C73657175656E6365466C6F772069643D227369642D30414239423441322D433946302D344431372D384543462D3830373342373845413236442220736F757263655265663D227369642D36354245334639392D384445442D343833462D393246332D41334433344635314441433322207461726765745265663D227369642D32384634363439432D323739302D343536312D384137462D394138314230443734453845223E0A2020202020203C636F6E646974696F6E45787072657373696F6E207873693A747970653D2274466F726D616C45787072657373696F6E223E3C215B43444154415B247B21617070726F7665526573756C747D5D5D3E3C2F636F6E646974696F6E45787072657373696F6E3E0A202020203C2F73657175656E6365466C6F773E0A202020203C757365725461736B2069643D227369642D44373643303439432D353341382D343446302D384131432D39333044394436383531333222206E616D653D22E9A286E5AFBCE5AEA1E6A0B8322220666C6F7761626C653A61737369676E65653D22247B6C656164657249647D2220666C6F7761626C653A666F726D4669656C6456616C69646174696F6E3D2274727565223E0A2020202020203C657874656E73696F6E456C656D656E74733E0A20202020202020203C6D6F64656C65723A696E69746961746F722D63616E2D636F6D706C65746520786D6C6E733A6D6F64656C65723D22687474703A2F2F666C6F7761626C652E6F72672F6D6F64656C6572223E3C215B43444154415B66616C73655D5D3E3C2F6D6F64656C65723A696E69746961746F722D63616E2D636F6D706C6574653E0A2020202020203C2F657874656E73696F6E456C656D656E74733E0A202020203C2F757365725461736B3E0A202020203C73657175656E6365466C6F772069643D227369642D46303430313030312D454436322D344237322D393438372D4339443437313337373442452220736F757263655265663D227369642D45334639343536372D364631442D343644422D384238382D43433139334231453334433022207461726765745265663D227369642D44373643303439432D353341382D343446302D384131432D393330443944363835313332222F3E0A202020203C73657175656E6365466C6F772069643D227369642D43414146304339422D363639302D343636312D383431342D3431453231454338333241312220736F757263655265663D227369642D36354245334639392D384445442D343833462D393246332D41334433344635314441433322207461726765745265663D227369642D43333037363846432D343331452D343238422D383439392D463538343244354437333541223E0A2020202020203C636F6E646974696F6E45787072657373696F6E207873693A747970653D2274466F726D616C45787072657373696F6E223E3C215B43444154415B247B617070726F7665526573756C747D5D5D3E3C2F636F6E646974696F6E45787072657373696F6E3E0A202020203C2F73657175656E6365466C6F773E0A20203C2F70726F636573733E0A20203C62706D6E64693A42504D4E4469616772616D2069643D2242504D4E4469616772616D5F617373657443616C6C223E0A202020203C62706D6E64693A42504D4E506C616E652062706D6E456C656D656E743D22617373657443616C6C222069643D2242504D4E506C616E655F617373657443616C6C223E0A2020202020203C62706D6E64693A42504D4E53686170652062706D6E456C656D656E743D2273746172744576656E7431222069643D2242504D4E53686170655F73746172744576656E7431223E0A20202020202020203C6F6D6764633A426F756E6473206865696768743D2233302E30222077696474683D2233302E302220783D223130302E302220793D223136332E30222F3E0A2020202020203C2F62706D6E64693A42504D4E53686170653E0A2020202020203C62706D6E64693A42504D4E53686170652062706D6E456C656D656E743D227369642D32384634363439432D323739302D343536312D384137462D394138314230443734453845222069643D2242504D4E53686170655F7369642D32384634363439432D323739302D343536312D384137462D394138314230443734453845223E0A20202020202020203C6F6D6764633A426F756E6473206865696768743D2238302E30222077696474683D223130302E302220783D223137352E302220793D223133382E30222F3E0A2020202020203C2F62706D6E64693A42504D4E53686170653E0A2020202020203C62706D6E64693A42504D4E53686170652062706D6E456C656D656E743D227369642D45334639343536372D364631442D343644422D384238382D434331393342314533344330222069643D2242504D4E53686170655F7369642D45334639343536372D364631442D343644422D384238382D434331393342314533344330223E0A20202020202020203C6F6D6764633A426F756E6473206865696768743D2238302E30222077696474683D223130302E302220783D223331352E302220793D223133382E30222F3E0A2020202020203C2F62706D6E64693A42504D4E53686170653E0A2020202020203C62706D6E64693A42504D4E53686170652062706D6E456C656D656E743D227369642D36354245334639392D384445442D343833462D393246332D413344333446353144414333222069643D2242504D4E53686170655F7369642D36354245334639392D384445442D343833462D393246332D413344333446353144414333223E0A20202020202020203C6F6D6764633A426F756E6473206865696768743D2234302E30222077696474683D2234302E302220783D223633302E302220793D223135382E30222F3E0A2020202020203C2F62706D6E64693A42504D4E53686170653E0A2020202020203C62706D6E64693A42504D4E53686170652062706D6E456C656D656E743D227369642D43333037363846432D343331452D343238422D383439392D463538343244354437333541222069643D2242504D4E53686170655F7369642D43333037363846432D343331452D343238422D383439392D463538343244354437333541223E0A20202020202020203C6F6D6764633A426F756E6473206865696768743D2232382E30222077696474683D2232382E302220783D223735302E302220793D223130352E30222F3E0A2020202020203C2F62706D6E64693A42504D4E53686170653E0A2020202020203C62706D6E64693A42504D4E53686170652062706D6E456C656D656E743D227369642D44373643303439432D353341382D343446302D384131432D393330443944363835313332222069643D2242504D4E53686170655F7369642D44373643303439432D353341382D343446302D384131432D393330443944363835313332223E0A20202020202020203C6F6D6764633A426F756E6473206865696768743D2238302E30222077696474683D223130302E302220783D223435302E302220793D223133382E30222F3E0A2020202020203C2F62706D6E64693A42504D4E53686170653E0A2020202020203C62706D6E64693A42504D4E456467652062706D6E456C656D656E743D227369642D30414239423441322D433946302D344431372D384543462D383037334237384541323644222069643D2242504D4E456467655F7369642D30414239423441322D433946302D344431372D384543462D3830373342373845413236442220666C6F7761626C653A736F75726365446F636B6572583D2232302E352220666C6F7761626C653A736F75726365446F636B6572593D2232302E352220666C6F7761626C653A746172676574446F636B6572583D2235302E302220666C6F7761626C653A746172676574446F636B6572593D2237392E30223E0A20202020202020203C6F6D6764693A776179706F696E7420783D223635302E352220793D223139372E3434323230383035393231303537222F3E0A20202020202020203C6F6D6764693A776179706F696E7420783D223635302E302220793D223330302E30222F3E0A20202020202020203C6F6D6764693A776179706F696E7420783D223232352E302220793D223330302E30222F3E0A20202020202020203C6F6D6764693A776179706F696E7420783D223232352E302220793D223231372E3935303030303030303030303032222F3E0A2020202020203C2F62706D6E64693A42504D4E456467653E0A2020202020203C62706D6E64693A42504D4E456467652062706D6E456C656D656E743D227369642D43414146304339422D363639302D343636312D383431342D343145323145433833324131222069643D2242504D4E456467655F7369642D43414146304339422D363639302D343636312D383431342D3431453231454338333241312220666C6F7761626C653A736F75726365446F636B6572583D2232302E352220666C6F7761626C653A736F75726365446F636B6572593D2232302E352220666C6F7761626C653A746172676574446F636B6572583D2231342E302220666C6F7761626C653A746172676574446F636B6572593D2231342E30223E0A20202020202020203C6F6D6764693A776179706F696E7420783D223635302E352220793D223135382E35222F3E0A20202020202020203C6F6D6764693A776179706F696E7420783D223635302E352220793D223131392E30222F3E0A20202020202020203C6F6D6764693A776179706F696E7420783D223735302E302220793D223131392E30222F3E0A2020202020203C2F62706D6E64693A42504D4E456467653E0A2020202020203C62706D6E64693A42504D4E456467652062706D6E456C656D656E743D227369642D35443634344145412D394238452D344135342D423641312D334633364345393935454542222069643D2242504D4E456467655F7369642D35443634344145412D394238452D344135342D423641312D3346333643453939354545422220666C6F7761626C653A736F75726365446F636B6572583D2235302E302220666C6F7761626C653A736F75726365446F636B6572593D2234302E302220666C6F7761626C653A746172676574446F636B6572583D2235302E302220666C6F7761626C653A746172676574446F636B6572593D2234302E30223E0A20202020202020203C6F6D6764693A776179706F696E7420783D223237342E39353030303030303030303030352220793D223137382E30222F3E0A20202020202020203C6F6D6764693A776179706F696E7420783D223331342E393939393939393939393638322220793D223137382E30222F3E0A2020202020203C2F62706D6E64693A42504D4E456467653E0A2020202020203C62706D6E64693A42504D4E456467652062706D6E456C656D656E743D227369642D46303430313030312D454436322D344237322D393438372D433944343731333737344245222069643D2242504D4E456467655F7369642D46303430313030312D454436322D344237322D393438372D4339443437313337373442452220666C6F7761626C653A736F75726365446F636B6572583D2235302E302220666C6F7761626C653A736F75726365446F636B6572593D2234302E302220666C6F7761626C653A746172676574446F636B6572583D2235302E302220666C6F7761626C653A746172676574446F636B6572593D2234302E30223E0A20202020202020203C6F6D6764693A776179706F696E7420783D223431342E39353030303030303030303030352220793D223137382E30222F3E0A20202020202020203C6F6D6764693A776179706F696E7420783D223434392E39393939393939393939373230332220793D223137382E30222F3E0A2020202020203C2F62706D6E64693A42504D4E456467653E0A2020202020203C62706D6E64693A42504D4E456467652062706D6E456C656D656E743D227369642D44373945383533322D373936462D343541332D393932412D373845434631383732374630222069643D2242504D4E456467655F7369642D44373945383533322D373936462D343541332D393932412D3738454346313837323746302220666C6F7761626C653A736F75726365446F636B6572583D2231352E302220666C6F7761626C653A736F75726365446F636B6572593D2231352E302220666C6F7761626C653A746172676574446F636B6572583D2235302E302220666C6F7761626C653A746172676574446F636B6572593D2234302E30223E0A20202020202020203C6F6D6764693A776179706F696E7420783D223132392E393439393938343839393537362220793D223137382E30222F3E0A20202020202020203C6F6D6764693A776179706F696E7420783D223137342E393939393939393939393931372220793D223137382E30222F3E0A2020202020203C2F62706D6E64693A42504D4E456467653E0A2020202020203C62706D6E64693A42504D4E456467652062706D6E456C656D656E743D227369642D43313842354431352D373430432D343035382D383034452D324138393337394439454635222069643D2242504D4E456467655F7369642D43313842354431352D373430432D343035382D383034452D3241383933373944394546352220666C6F7761626C653A736F75726365446F636B6572583D2239392E302220666C6F7761626C653A736F75726365446F636B6572593D2234302E302220666C6F7761626C653A746172676574446F636B6572583D2232302E352220666C6F7761626C653A746172676574446F636B6572593D2232302E35223E0A20202020202020203C6F6D6764693A776179706F696E7420783D223534392E39352220793D223137382E3030343637393830323935353638222F3E0A20202020202020203C6F6D6764693A776179706F696E7420783D223633302E34303039393030393930312220793D223137382E34303039393030393930303939222F3E0A2020202020203C2F62706D6E64693A42504D4E456467653E0A202020203C2F62706D6E64693A42504D4E506C616E653E0A20203C2F62706D6E64693A42504D4E4469616772616D3E0A3C2F646566696E6974696F6E733E0A, 0);
INSERT INTO `ACT_GE_BYTEARRAY` VALUES ('4255f6d5-e88c-11ef-9400-cc28aa504d95', 1, '.assetCall.png', '424fdc53-e88c-11ef-9400-cc28aa504d95', 0x89504E470D0A1A0A0000000D4948445200000314000001360806000000F878D4850000190949444154785EEDDD5D8C9CE57937F0090709EA41CE7292AA47C9614EF27516C9444A45941EA056DA5D7B1D93186C61828D22852612267AE3D79148A39EB54AD5D2AA0A6A1BD44A2450D5868281980FA7E4436A0B79A1D4C6695EE23A601B075493183C7D6E77271DEE7D763DFB35F37F667F3FE9D27A9FE7990F79FEBAEFEBF278677B3D0000000000000000000000000000000000000000000000000000000000000000000000000000000000000000000000000000000000000000000000000000000000000000000000000000000000000000000000000000000000000000000000000000000000000000000000000000000000000000000000000000000000000000000000000000000000000000000000000000000000000000000000000000000000000000000000000000000000000000000000000000000000000000000000000000000000000000000000000000000000000000000000000000000000000000000000000000000000000000000000000000000000000000000000000000000000000000000000000000000000000000000000000000000000000000000000000000000000000000000000000000000000000000000000000000000000000000E8B8999999DFDCBA75EB9EB9B9B9FB9BAF4F37F5D3A6FA0B5F9F5E38BEA75C57DF160000D8A46667673FDE0C0A4717868751EB68B95D7D5F0000C026313737F7BE663038DC322CACA40E97FBA9EF1B00009862B3B3B39FD8B66DDBABC3C3C18E1D3BFA77DE7967FFC89123FDE3C78FF7CF9C39D32FCAD7F27D395ECE97EBAAA1E26CB9BFFA3100008029D40C003734C3C49B838160FBF6EDFDBBEEBAAB7FEEDCB9CB03C49594EBCAF5E5764343C5C572BFF5630100005364E19D895F0F137BF7EEEDBFF8E28BF5CC309272BB72FBE1A1C23B15000030A5666666DE3F3F3F7F6E3000ECDFBFBF7FFEFCF97A4E589172FB723F4343C599F238F5630300001DD734FB8786DF9958EB303150EEA77AA7E250FDD8000040872D7C34ECAF7F6662B5FFCD6929E5FE867FA6C247CA0200C014699AFCC707CD7EF981EA8D50EE77E85D8AC7EBE700000084691AF7479BBAA63E3E6CE137605F2A8D7EF9C8D7513FCD69A5CAFD0E7DA4EC25BF511B0000C20DBD23B0E46031373777F3E0BAAF7DED6BF51CB0AECAFD0F1EAB3C6EFD5C000080204303C5928345F3FDBD83F30F3FFC703D03ACAB72FF43CFE5DEE1E701000084691928160D16CDD7EF0F8E9F3871A29E01D655B9FFA1E7F0FDEAE9020000495A0689BACA60F1CAE0FBB367CFD633C0BA2AF73FF4D82FD5CF17000046D2D2D8AA80BA78F1623D03ACAB72FF438FF7469D0B000018496928EB63ACBF7A6018AA47B7FEEF7F797A6970DC3B140000748281623C961B2486AEF133140000748B81623C961B2406B6FA94270000BAC640311ECB0D12037E0F0500009D63A0C831CEDF94FDE94F7FFAF2E394C7F39BB201005835034596E6F5787CF0CEC15D77DD55CF02EBA2DCEFE031CAE3D5CF0100004666A0C8323B3BFBF141B3BF7DFBF6FE8B2FBE58CF036B52EE6F7E7E7EF0EE44BF3C5EFD1C00006064068A3CCD6B7268D0F0EFDDBBB77FFEFCF97A2E5895723FB7DC72CB5B43EF4E1CAA1F1B000056C44091676666E6FDCDEB7266D0F8EFDFBF7FCD4345B9FDEDB7DFFEEB7726CAFD97C7A91F1B000056C44091697676F613CD6B7371F89D8AD5FEF7A772BBEA9D898BE5FEEBC7040080153350E46A5E9B1B86878AF23315E507AA47FDF4A7725DB97EF8672616EEEF86FAB1000060550C14D916DEA9383B34105CFE48D93BEFBCB37FE4C891FEF1E3C7FB67CE9CB93C4094AFE5FB72BC9C1FFA68D8419DF5CE040000EBCA40916F6E6EEE7DCDEB74B81A0E565A87CBFDD4F70D00006B529ACDFA1899163E52F668CBB0B05C1DF5D1B000006C180345F72CFC46ED3D737373F7375F9F6EEAA70BC343F9FAF4C2F13D7E033600001BCE40010000AC9A810200005835030530D5FAFDFE3B4F9C38F1B7C78E1DFB55F908B4871E7A488DB99ABFF74B478F1EFDD9238F3C725DFDFAA49197C9576A5E6463F2959A0D0C14C0946B1A80BF6B36A0FEE9D3A7FB172E5CE8FFF297BF5463AEF2F75EFEFE1F7BECB1F34D53F03BF56B94445E265FA979918DC9576A3630500053AEFC6B62D980EA8D498DBF4E9D3AF54AD3043C5DBF4649E425A7D2F2221B3995960D0C14C0942BFF35C1BF266654791D9A26E08DFA354A222F39959617D9C8A9B46C60A000A65CF97FB7F566A42657E5F5A85FA324F292554979918DAC4ACA06060A60CA8DDA04BCFEEAA9FE89EFFF65FFD987FFEFE52A7F2EC7EAEBD4DA2ABD099097AC4ACA8B6C64555236305000536E9426E0B5732FF59F79F0CBFD7FFE87DF7F5B9563E55C7DBD5A7DA53701F292554979918DAC4ACA06060A60CA8DD204FCF4D9FB17350083FAFFCFFEFDA2EBD5EA2BBD099097AC4ACA8B6C64555236305000536E9426E0FF3DFA078B36FF419573F5F56AF595DE04C84B5625E54536B22A291B18288029374A13F0CC435F59B4F90FAA9CABAF57ABAFF426405EB22A292FB2915549D9C040014C394D4056A53701F292554979918DAC4ACA06060A60CA8DD204944F62A937FF419573F5F56AF595DE04C84B5625E54536B22A291B18288029374A13F0C2937FBC68F31F5439575FAF565FE94D80BC6455525E6423AB92B28181029872A33401675EFA97FE33FFF87F163500E55839575FAF565FE94D80BC6455525E6423AB92B28181029872A33401A55EFCC1DD8B9A8072ACBE4EADADD29B0079C9AAA4BCC84656256503030530E5466A02DE78A3FFC2537FB2A80928C7CAB945D7AB55577A13202F59959417D9C8AAA46C60A000A6DC959A80F2DB6BFFEDC93F5AD4000CAA9CF31B6ED7AFD29B0079C9AAA4BCC84656256503030530E5966C02DE78A37FEA8547FAFFFAC0ED8B36FEBACA35E55AFFC2B8F64A6F02E425AB92F2221B5995940D0C14C0946B6B02AEF42F894B957F615C7BA53701F292554979918DAC4ACA06060A60CAB53501A3FC4BE252556E5BDF9F1ABDD29B0079C9AAA4BCC84656256503030530E5DA9A807A635F69D5F7A746AFF426405EB22A292FB2915549D9A0B76561A0D8529F00980A6D4D809A5CA53701F292554979918DAC4ACAC626578688D34DDDB6F0D550014C1F4D4056A53701F292554979918DAC4ACAC626361826064344FD3DC074D00464557A13202F59959417D9C8AAA46C6C524B0D0F4B1D07E82E4D4056A53701F292554979918DAC4ACAC62674A5A1E14AE781AEE8F7FB571D3B76ECF7EEBEFBEE7F3C70E0C02B5FFAD2972EDC7CF3CD97CA0F4EEDD9B3E7E26DB7DDF68BE6D8BF1F3C78F00F77EEDCF95BF5EDA7852620ABD29B0079C9AAA4BCC846562565639319755818F53A205133485CFDC0030FFCD997BFFCE55FEDDAB5ABFF8D6F7CA3FFBDEF7DAF7FFCF8F1FE993367FA45F95ABE2FC7CBF91B6FBCF1AD7DFBF69DD8BD7BF7B5F5FD759D2620ABD29B0079C9AAA4BCC846562565631359E990B0D2EB8104CD8070CBC183072F7CFEF39FEF1F3B76ACFFD65B6F5D1E20AEA45C57AEBFF5D65B2F7EEE739FFBD1DCDCDCFBEAFBEE2A4D4056A53701F292554979918DAC4ACAC626B1DAE160B5B703C6AD9909DEF1E0830FFEF54D37DDD43F74E850FFCD37DFAC67869194DB95DB7FF6B39F7D7DDBB66DBF5D3F4E176902B22ABD099097AC4ACA8B6C645552363681B50E056BBD3DB0D19A39E01DF7DE7BEF3FDD7CF3CDFDE79E7BAE9E1156A5DCCFAE5DBBFE6B7E7EFEC6FAF1BA46139055E94D80BC6455525E6423AB92B231E5D66B1858AFFB013642796762CF9E3DFDD3A74FD773C19A94FBDBB973E76BB3B3B39FA81FB34B34015995DE04C84B5625E54536B22A291B536CBD8780F5BE3F603D3CF5D453B7946162BDDE99A835F77BE9FAEBAF3F373333F3FEFAB1BB42139055E94D80BC6455525E6423AB92B231A5EAE6FF1D4D7D66E1EB4AD4B7ABEF1798A4A6DFBFFAAB5FFDEA85F2330F1BE9BEFBEE3B373F3FFF40FDF85DA109C8AAF426405EB22A292FB2915549D9984275D35F8681BF68AAFC9D97AFA30E154BDDAEBE7F60520E1F3EFCA7E5D39C56FB03D8A32AF7BF6BD7AE976767673F5E3F872ED00464557A13202F59959417D9C8AAA46C4C99B666FF33BDFF190A0635CA50313C4C0CEAFAA1F36D8F038C53D3E75F75C71D77FCAA7CD4EB383CF1C413AF6EDDBAF5F1FA7974812620ABD29B0079C9AAA4BCC846562565638A2CD5E4B70D07CB0D156DD7FFF9C2F1614B3D1E300E4F3DF5D4EFEEDEBD7BE4DF33B156E571B66FDFFEEACCCCCC6FD6CF65529A01E7D1A6AEA98FD734015935A926405EBA59E3C88B6C74B3C6918D2E1A35CF2DAED4DCB70D096D4345DB756DC3C4C0951E17D828DFFCE6371F2ABFE17A9C0E1C38F0CCDCDCDCCDF573999466C1EC2FD4B28BA72620AB26D504C84B376B1C79918D6ED638B2D145A3E6B9326A53DF362C0C0F156DE7971B2606467D7C603D1D3C78F0E571FD77A781871F7EF8D96671BAB77E2E9332B4682EBB786A02B26A524D80BC74B3C69117D9E8668D231B5D346A9E87ACB4996F1B1ACAF757B51C1F65981858E9F300D6EA8B5FFCE28513274ED43DFF867AFEF9E74F368BD2F7EBE732292D8B66EBE2A909C8AA4935012D3991970ED438F2D29209D9E8408D231B5DD492E3D63C2F586D13DF36543C5F7DBF92616260B5CF07588D3D7BF65C3A7BF66CDDF36FA83367CEBCD62C462FD5CF65525A16CBBA2E2F9E9A80AC9A5413D0928FBAE425B0C69197962CD4251B81358E6C74514B7EEBBA9CE7DEDA9BF7B6A1622DC3C4C05A9F1730AA1D3B76F42F5EBC58F7FC1BAA79BC5FB42C4CF1A509C8AAFAF5492B79C9AAFAF59964C94656D5AF8F5A7935EDC46D757FB142E5BF39D5EF4C94EFCBF1B528CFAB0C15BF519F00D6D14D37DD7471DCEF50BCFCF2CBFFBEB51BEF503CBAD57F5388AD49FDAB624B4EE4A503358EBCB46442363A50E3C84617B5E4B835CFBDB5BF13B0DC3B146D9FFE34AAB53E2F60545FF8C2177E31EE9FA1F8F18F7FFC83ADD93F43512F9697A53501BDC50BEFE51AD7F949D7A49A80AEE5A5D7F21A961AD7F9D75F7FBDBF65CB96B71D9B448D232F5DCA46AFE5352B358EF30F3CF040FF031FF840FFEAABAFEE7FF8C31FEEFFF0873F5CF4FCC659E3C846178D9AE7055B7AAB6BDEDB8689FA9D8AD50C15AB7D3EC06ADC7EFBEDFF36EE4F79FAF6B7BF7DFFD6CC4F795A6EB18C680286AB37B479B71DDBE8F393AE4935015DCB4BAFE5351B3EB691E7CBDAF2B18F7DECF2F76DD78DB3C691972E65A3D7F27A0C1FDBC8F31FF9C847FAEF7AD7BB06AF49FF431FFAD0A26BC759E3C846178D9AE7215B7A2B6BE2DB8689F233136D9FF2B492A162A5CF0358AB03070EFCE1B87F0FC5DEBD7B0F85FD1E8A9116CB842660B87ACB6CD8F59FDB8EADF5FCA46B524D40D7F2D26B79CD868F6DE4F9F2F5A31FFDE8E5AF6DD78DB3C691972E65A3D7F27A0C1FDBE8F3A54E9E3C79F9D8BBDFFDEE45D78EB3C6918D2E1A35CF952DBDD19AF9A58689E57E0FC52843C5A88F0FACA79D3B77FED6AE5DBBDE1AE36FCAFECF66817A39E937658F2AA10918AEDE1536EC8D3E3FE94A6F0252F2D26B79CD868F6DE4F9EBAEBBAE7FEAD4A9CBDFB75D37CE4ACA4B42367A2DAFC7F0B18D3E5F6AFFFEFD978F7DEA539F5A74ED382B291B53624B6FF9A6BE6D5868FB34A7B6EB961B2AAEF4B8C046DAB76FDF8BE3FA6F4FF7DC73CF5F3503C5E3F573E882842660B87A57D8B037FAFCA42BBD0948C94BAFE5351B3EB6D1E707DFD7C7C65D497949C846AFE5F5183EB6D1E7BFF5AD6FF5AFBAEAAAFE7BDFFBDEFE0B2FBCB0E8DA71565236A6C8965E7B73DF3624B40D13036DD7B70D154B3D1E302EBB77EFBEF6D65B6FBDF8E69B6FD6FDFFBA6AEEFFA7CD30F1C2ECECECC7EBE7D005094DC070F5AEB0616FF4F949577A139092975ECB6B367C6CA3CF0FBEAF8F8DBB92F292908D5ECBEB317C6C23CF3FF9E493FD77BEF39DFD0F7EF083FDF2A120F575E3AEA46C4C992DBDC54DFE677A0BEBC1422D374C0CB40D15D70F9D6F7B1C6012F6EEDDFBA343870E5DAA87807574E9EB5FFFFA5F3603C5A1FAB1BB22A10918AEDE321B76FDE7B6636B3D3FE94A6F0252F2D26B79CD868F6DF4F9C1F7F5B17157525E12B2D16B793D868F6DE4F96BAFBDB6FFC94F7EB2FFEAABAF2EBA661295948D29B4A5F7F6667F78381865981858EA76F5FD0393343333F3FE9D3B77BEF6DC73CFD583C0BAF8EE77BFFBCD669838551EA77EECAE48680286ABB7D0A4D535AEF393AEF42620252FBD96D7B0D4B8CE0F5F533FB77156525E12B2D16B79CD4A8DE3FC7BDEF39EB71DBBE38E3B163DBF71565236A6D496DEE2A1A2BCC330EA303150DFAEBE5F20C1B66DDB7EFB861B6EF8AFD3A74FD7F3C09A9C3C79F2EF9B61E267B3B3B39FA81FB34B129A00F5BF95DE04C84B5625E54536B22A291B536CBD9BFFF5BE3F603DCDCFCFDFB873E7CE5FACD73B150BEF4CBCD4D40DF563758D2620ABD29B0079C9AAA4BCC84656256563CAADD710B05EF7036CA4F24EC28E1D3BCEDD77DF7DE756FB83DAE507B0177E66E23FBBFECEC4802620ABD29B0079C9AAA4BCC846562565631358EB30B0D6DB03E3343737F7BEF9F9F90777EDDAF5F2134F3CF1EAA8BFA7A2B9EEF43DF7DCF3D7E5D39C9A3A5CEEA7BEEFAED20464557A13202F59959417D9C8AAA46C6C12AB1D0A567B3B60D2CA47BC3683C1D1EDDBB79FFFCA57BEF2AF478E1C79E6F9E79FFF8F575E79E5F5667E78EDE73FFFF989679F7DF607DFF9CE77EEDBB76FDFE1E6DA57CAF55DFD68D8E56802B22ABD099097AC4ACA8B6C645552363691950E072BBD1E48547EB3753328EC999B9BBBBFF9FA7453E5774AF417BE3EBD707C4F177F03F6A834015995DE04C84B5625E54536B22A291B9BCCA843C2A8D701E4D30464557A13202F59959417D9C8AAA46C6C42571A16AE741EA05B34015995DE04C84B5625E54536B22A291B9BD45243C352C701BA4B139055E94D80BC6455525E6423AB92B2B189D5C343FD3DC074D00464557A13202F59959417D9C8AAA46C6C728321E2B685AF860960FA6802B22ABD099097AC4ACA8B6C64555236E86D291FF852BED62700A6822620ABD29B0079C9AAA4BCC846562565835E6F61A000984E9A80AC4A6F02E425AB92F2221B5995940D0C14C094D30464557A13202F59959417D9C8AAA46C60A000A69C2620ABD29B0079C9AAA4BCC84656256503030530E534015995DE04C84B5625E54536B22A291B18288029A709C8AAF426405EB22A292FB2915549D9C040014C394D4056A53701F292554979918DAC4ACA06060A60CA6902B22ABD099097AC4ACA8B6C64555236305000534E139055E94D80BC6455525E6423AB92B281810298729A80AC4A6F02E425AB92F2221B5995940D0C14C094D30464557A13202F59959417D9C8AAA46C60A000A69C2620ABD29B0079C9AAA4BCC84656256503030530E534015995DE04C84B5625E54536B22A291B18288029A709C8AAF426405EB22A292FB2915549D9C040014C394D4056A53701F292554979918DAC4ACA06060A60CA6902B22ABD099097AC4ACA8B6C6455523630500053EEC89123972E5CB8B0683352E3AFE675F859D304BC51BF4649E425A7D2F2221B3995960D0C14C0943B7AF4E8CF4E9F3EBD684352E3AF9FFCE427F7344DC0D3F56B94445E722A2D2FB2915369D9C040014CB9471E79E4BAC71E7BECFCA953A75EF1AF8B93A9E6EFFDD4C99327FFA66900FEA3A9DFA95FA324F232F94ACD8B6C4CBE52B3818102D804CAC653FE35ABA95F96FF77DBB5BAFBEEBBFB65B1AE8F77A8CADF7BF9FBEF4403509EE7C2F3ED645EA6A062F3529ED3C273938DC9546C36363B030540B866A17ED4620D402A7B1440B06691BEA62CD40B754D7D1E0026CD4001106CF0EEC4423D5A9F07804933500084AADE9DF02E0500910C1400A1AA7727BC4B014024030540A025DE9DF02E0500710C140081967877C2BB1400C43150008429EF40B40C11755D53DF0E0026C1400110A6BC03D13240D4E55D0A00221828003AC0620D402A7B14400758AC0148658F02E8008B3500A9EC51001D60B10620953D0AA0032CD600A4B247017480C51A8054F628800EB0580390CA1E05D001166B0052D9A3003AC0620D402A7B14400758AC0148658F02E8008B3500A9EC51001D60B10620953D0AA0032CD600A4B247017480C51A8054F628800EB0580390CA1E05D001166B0052D9A3003AC0620D402A7B14400758AC0148658F02E8008B3500A9EC51001D60B10620953D0AA0032CD600A4B247017480C51A8054F628800EB0580390CA1E05D001166B0052D9A3003AC0620D402A7B14400758AC0148658F02E8008B3500A9EC51001D60B10620953D0AA0032CD600A4B247017480C51A8054F628800EB0580390CA1E05D001166B0052D9A3003AC0620D402A7B14400758AC0148658F02E8008B3500A9EC51001D60B10620953D0AA0032CD600A4B247017480C51A8054F628800EB0580390CA1E05D001166B0052D9A3003AC0620D402A7B14400758AC0148658F02E8008B3500A9EC51001D60B10620953D0AA0032CD600A4B247017480C51A8054F628800EB0580390CA1E05D001166B0052D9A3003AC0620D402A7B14400758AC0148658F02E8008B3500A9EC51001D60B10620953D0AA0032CD600A4B247017480C51A8054F628800EB0580390CA1E05D001166B0052D9A3003AC0620D402A7B14400758AC0148658F02E8008B3500A9EC51001D60B10620953D0AA0032CD600A4B247017480C51A8054F628800EB0580390CA1E05D001166B0052D9A3003AC0620D402A7B14400758AC0148658F02E8008B3500A9EC51001D60B10620953D0AA0032CD600A4B247017480C51A8054F628800EB0580390CA1E05D001166B0052D9A3003AA02CD64A29A5546AD5FB16000000000000000000000000000000000000000000000000000000C0DBFC37916F6A1483D4301A0000000049454E44AE426082, 1);
INSERT INTO `ACT_GE_BYTEARRAY` VALUES ('44a329d2-e886-11ef-a646-cc28aa504d95', 1, '.bpmn20.xml', '44a329d1-e886-11ef-a646-cc28aa504d95', 0x3C3F786D6C2076657273696F6E3D22312E302220656E636F64696E673D225554462D38223F3E0A3C646566696E6974696F6E7320786D6C6E733D22687474703A2F2F7777772E6F6D672E6F72672F737065632F42504D4E2F32303130303532342F4D4F44454C2220786D6C6E733A7873693D22687474703A2F2F7777772E77332E6F72672F323030312F584D4C536368656D612D696E7374616E63652220786D6C6E733A7873643D22687474703A2F2F7777772E77332E6F72672F323030312F584D4C536368656D612220786D6C6E733A666C6F7761626C653D22687474703A2F2F666C6F7761626C652E6F72672F62706D6E2220786D6C6E733A62706D6E64693D22687474703A2F2F7777772E6F6D672E6F72672F737065632F42504D4E2F32303130303532342F44492220786D6C6E733A6F6D6764633D22687474703A2F2F7777772E6F6D672E6F72672F737065632F44442F32303130303532342F44432220786D6C6E733A6F6D6764693D22687474703A2F2F7777772E6F6D672E6F72672F737065632F44442F32303130303532342F44492220747970654C616E67756167653D22687474703A2F2F7777772E77332E6F72672F323030312F584D4C536368656D61222065787072657373696F6E4C616E67756167653D22687474703A2F2F7777772E77332E6F72672F313939392F585061746822207461726765744E616D6573706163653D22687474703A2F2F7777772E666C6F7761626C652E6F72672F70726F6365737364656622206578706F727465723D22466C6F7761626C65204F70656E20536F75726365204D6F64656C657222206578706F7274657256657273696F6E3D22362E382E30223E0A20203C70726F636573732069643D22617373657443616C6C22206E616D653D22E8B584E4BAA7E8B083E794A8E6B581E7A88B2220697345786563757461626C653D2274727565223E0A202020203C646F63756D656E746174696F6E3EE8B584E4BAA7E8B083E794A8E6B581E7A88B3C2F646F63756D656E746174696F6E3E0A202020203C73746172744576656E742069643D2273746172744576656E74312220666C6F7761626C653A666F726D4669656C6456616C69646174696F6E3D2274727565222F3E0A202020203C757365725461736B2069643D227369642D32384634363439432D323739302D343536312D384137462D39413831423044373445384522206E616D653D22E794A8E688B7E794B3E8AFB72220666C6F7761626C653A61737369676E65653D22247B7573657249647D2220666C6F7761626C653A666F726D4669656C6456616C69646174696F6E3D2274727565223E0A2020202020203C657874656E73696F6E456C656D656E74733E0A20202020202020203C6D6F64656C65723A696E69746961746F722D63616E2D636F6D706C65746520786D6C6E733A6D6F64656C65723D22687474703A2F2F666C6F7761626C652E6F72672F6D6F64656C6572223E3C215B43444154415B66616C73655D5D3E3C2F6D6F64656C65723A696E69746961746F722D63616E2D636F6D706C6574653E0A2020202020203C2F657874656E73696F6E456C656D656E74733E0A202020203C2F757365725461736B3E0A202020203C73657175656E6365466C6F772069643D227369642D44373945383533322D373936462D343541332D393932412D3738454346313837323746302220736F757263655265663D2273746172744576656E743122207461726765745265663D227369642D32384634363439432D323739302D343536312D384137462D394138314230443734453845222F3E0A202020203C757365725461736B2069643D227369642D45334639343536372D364631442D343644422D384238382D43433139334231453334433022206E616D653D22E9A286E5AFBCE5AEA1E6A0B8312220666C6F7761626C653A61737369676E65653D22247B6C656164657249647D2220666C6F7761626C653A666F726D4669656C6456616C69646174696F6E3D2274727565223E0A2020202020203C657874656E73696F6E456C656D656E74733E0A20202020202020203C6D6F64656C65723A696E69746961746F722D63616E2D636F6D706C65746520786D6C6E733A6D6F64656C65723D22687474703A2F2F666C6F7761626C652E6F72672F6D6F64656C6572223E3C215B43444154415B66616C73655D5D3E3C2F6D6F64656C65723A696E69746961746F722D63616E2D636F6D706C6574653E0A2020202020203C2F657874656E73696F6E456C656D656E74733E0A202020203C2F757365725461736B3E0A202020203C73657175656E6365466C6F772069643D227369642D35443634344145412D394238452D344135342D423641312D3346333643453939354545422220736F757263655265663D227369642D32384634363439432D323739302D343536312D384137462D39413831423044373445384522207461726765745265663D227369642D45334639343536372D364631442D343644422D384238382D434331393342314533344330222F3E0A202020203C6578636C7573697665476174657761792069643D227369642D36354245334639392D384445442D343833462D393246332D413344333446353144414333222F3E0A202020203C73657175656E6365466C6F772069643D227369642D43313842354431352D373430432D343035382D383034452D3241383933373944394546352220736F757263655265663D227369642D44373643303439432D353341382D343446302D384131432D39333044394436383531333222207461726765745265663D227369642D36354245334639392D384445442D343833462D393246332D413344333446353144414333222F3E0A202020203C656E644576656E742069643D227369642D43333037363846432D343331452D343238422D383439392D463538343244354437333541222F3E0A202020203C73657175656E6365466C6F772069643D227369642D30414239423441322D433946302D344431372D384543462D3830373342373845413236442220736F757263655265663D227369642D36354245334639392D384445442D343833462D393246332D41334433344635314441433322207461726765745265663D227369642D32384634363439432D323739302D343536312D384137462D394138314230443734453845223E0A2020202020203C636F6E646974696F6E45787072657373696F6E207873693A747970653D2274466F726D616C45787072657373696F6E223E3C215B43444154415B247B21617070726F7665526573756C747D5D5D3E3C2F636F6E646974696F6E45787072657373696F6E3E0A202020203C2F73657175656E6365466C6F773E0A202020203C757365725461736B2069643D227369642D44373643303439432D353341382D343446302D384131432D39333044394436383531333222206E616D653D22E9A286E5AFBCE5AEA1E6A0B8322220666C6F7761626C653A61737369676E65653D22247B6C656164657249647D2220666C6F7761626C653A666F726D4669656C6456616C69646174696F6E3D2274727565223E0A2020202020203C657874656E73696F6E456C656D656E74733E0A20202020202020203C6D6F64656C65723A696E69746961746F722D63616E2D636F6D706C65746520786D6C6E733A6D6F64656C65723D22687474703A2F2F666C6F7761626C652E6F72672F6D6F64656C6572223E3C215B43444154415B66616C73655D5D3E3C2F6D6F64656C65723A696E69746961746F722D63616E2D636F6D706C6574653E0A2020202020203C2F657874656E73696F6E456C656D656E74733E0A202020203C2F757365725461736B3E0A202020203C73657175656E6365466C6F772069643D227369642D46303430313030312D454436322D344237322D393438372D4339443437313337373442452220736F757263655265663D227369642D45334639343536372D364631442D343644422D384238382D43433139334231453334433022207461726765745265663D227369642D44373643303439432D353341382D343446302D384131432D393330443944363835313332222F3E0A202020203C73657175656E6365466C6F772069643D227369642D43414146304339422D363639302D343636312D383431342D3431453231454338333241312220736F757263655265663D227369642D36354245334639392D384445442D343833462D393246332D41334433344635314441433322207461726765745265663D227369642D43333037363846432D343331452D343238422D383439392D463538343244354437333541223E0A2020202020203C636F6E646974696F6E45787072657373696F6E207873693A747970653D2274466F726D616C45787072657373696F6E223E3C215B43444154415B247B617070726F7665526573756C747D5D5D3E3C2F636F6E646974696F6E45787072657373696F6E3E0A202020203C2F73657175656E6365466C6F773E0A20203C2F70726F636573733E0A20203C62706D6E64693A42504D4E4469616772616D2069643D2242504D4E4469616772616D5F617373657443616C6C223E0A202020203C62706D6E64693A42504D4E506C616E652062706D6E456C656D656E743D22617373657443616C6C222069643D2242504D4E506C616E655F617373657443616C6C223E0A2020202020203C62706D6E64693A42504D4E53686170652062706D6E456C656D656E743D2273746172744576656E7431222069643D2242504D4E53686170655F73746172744576656E7431223E0A20202020202020203C6F6D6764633A426F756E6473206865696768743D2233302E30222077696474683D2233302E302220783D223130302E302220793D223136332E30222F3E0A2020202020203C2F62706D6E64693A42504D4E53686170653E0A2020202020203C62706D6E64693A42504D4E53686170652062706D6E456C656D656E743D227369642D32384634363439432D323739302D343536312D384137462D394138314230443734453845222069643D2242504D4E53686170655F7369642D32384634363439432D323739302D343536312D384137462D394138314230443734453845223E0A20202020202020203C6F6D6764633A426F756E6473206865696768743D2238302E30222077696474683D223130302E302220783D223137352E302220793D223133382E30222F3E0A2020202020203C2F62706D6E64693A42504D4E53686170653E0A2020202020203C62706D6E64693A42504D4E53686170652062706D6E456C656D656E743D227369642D45334639343536372D364631442D343644422D384238382D434331393342314533344330222069643D2242504D4E53686170655F7369642D45334639343536372D364631442D343644422D384238382D434331393342314533344330223E0A20202020202020203C6F6D6764633A426F756E6473206865696768743D2238302E30222077696474683D223130302E302220783D223331352E302220793D223133382E30222F3E0A2020202020203C2F62706D6E64693A42504D4E53686170653E0A2020202020203C62706D6E64693A42504D4E53686170652062706D6E456C656D656E743D227369642D36354245334639392D384445442D343833462D393246332D413344333446353144414333222069643D2242504D4E53686170655F7369642D36354245334639392D384445442D343833462D393246332D413344333446353144414333223E0A20202020202020203C6F6D6764633A426F756E6473206865696768743D2234302E30222077696474683D2234302E302220783D223633302E302220793D223135382E30222F3E0A2020202020203C2F62706D6E64693A42504D4E53686170653E0A2020202020203C62706D6E64693A42504D4E53686170652062706D6E456C656D656E743D227369642D43333037363846432D343331452D343238422D383439392D463538343244354437333541222069643D2242504D4E53686170655F7369642D43333037363846432D343331452D343238422D383439392D463538343244354437333541223E0A20202020202020203C6F6D6764633A426F756E6473206865696768743D2232382E30222077696474683D2232382E302220783D223735302E302220793D223130352E30222F3E0A2020202020203C2F62706D6E64693A42504D4E53686170653E0A2020202020203C62706D6E64693A42504D4E53686170652062706D6E456C656D656E743D227369642D44373643303439432D353341382D343446302D384131432D393330443944363835313332222069643D2242504D4E53686170655F7369642D44373643303439432D353341382D343446302D384131432D393330443944363835313332223E0A20202020202020203C6F6D6764633A426F756E6473206865696768743D2238302E30222077696474683D223130302E302220783D223435302E302220793D223133382E30222F3E0A2020202020203C2F62706D6E64693A42504D4E53686170653E0A2020202020203C62706D6E64693A42504D4E456467652062706D6E456C656D656E743D227369642D30414239423441322D433946302D344431372D384543462D383037334237384541323644222069643D2242504D4E456467655F7369642D30414239423441322D433946302D344431372D384543462D3830373342373845413236442220666C6F7761626C653A736F75726365446F636B6572583D2232302E352220666C6F7761626C653A736F75726365446F636B6572593D2232302E352220666C6F7761626C653A746172676574446F636B6572583D2235302E302220666C6F7761626C653A746172676574446F636B6572593D2237392E30223E0A20202020202020203C6F6D6764693A776179706F696E7420783D223635302E352220793D223139372E3434323230383035393231303537222F3E0A20202020202020203C6F6D6764693A776179706F696E7420783D223635302E302220793D223330302E30222F3E0A20202020202020203C6F6D6764693A776179706F696E7420783D223232352E302220793D223330302E30222F3E0A20202020202020203C6F6D6764693A776179706F696E7420783D223232352E302220793D223231372E3935303030303030303030303032222F3E0A2020202020203C2F62706D6E64693A42504D4E456467653E0A2020202020203C62706D6E64693A42504D4E456467652062706D6E456C656D656E743D227369642D43414146304339422D363639302D343636312D383431342D343145323145433833324131222069643D2242504D4E456467655F7369642D43414146304339422D363639302D343636312D383431342D3431453231454338333241312220666C6F7761626C653A736F75726365446F636B6572583D2232302E352220666C6F7761626C653A736F75726365446F636B6572593D2232302E352220666C6F7761626C653A746172676574446F636B6572583D2231342E302220666C6F7761626C653A746172676574446F636B6572593D2231342E30223E0A20202020202020203C6F6D6764693A776179706F696E7420783D223635302E352220793D223135382E35222F3E0A20202020202020203C6F6D6764693A776179706F696E7420783D223635302E352220793D223131392E30222F3E0A20202020202020203C6F6D6764693A776179706F696E7420783D223735302E302220793D223131392E30222F3E0A2020202020203C2F62706D6E64693A42504D4E456467653E0A2020202020203C62706D6E64693A42504D4E456467652062706D6E456C656D656E743D227369642D35443634344145412D394238452D344135342D423641312D334633364345393935454542222069643D2242504D4E456467655F7369642D35443634344145412D394238452D344135342D423641312D3346333643453939354545422220666C6F7761626C653A736F75726365446F636B6572583D2235302E302220666C6F7761626C653A736F75726365446F636B6572593D2234302E302220666C6F7761626C653A746172676574446F636B6572583D2235302E302220666C6F7761626C653A746172676574446F636B6572593D2234302E30223E0A20202020202020203C6F6D6764693A776179706F696E7420783D223237342E39353030303030303030303030352220793D223137382E30222F3E0A20202020202020203C6F6D6764693A776179706F696E7420783D223331342E393939393939393939393638322220793D223137382E30222F3E0A2020202020203C2F62706D6E64693A42504D4E456467653E0A2020202020203C62706D6E64693A42504D4E456467652062706D6E456C656D656E743D227369642D46303430313030312D454436322D344237322D393438372D433944343731333737344245222069643D2242504D4E456467655F7369642D46303430313030312D454436322D344237322D393438372D4339443437313337373442452220666C6F7761626C653A736F75726365446F636B6572583D2235302E302220666C6F7761626C653A736F75726365446F636B6572593D2234302E302220666C6F7761626C653A746172676574446F636B6572583D2235302E302220666C6F7761626C653A746172676574446F636B6572593D2234302E30223E0A20202020202020203C6F6D6764693A776179706F696E7420783D223431342E39353030303030303030303030352220793D223137382E30222F3E0A20202020202020203C6F6D6764693A776179706F696E7420783D223434392E39393939393939393939373230332220793D223137382E30222F3E0A2020202020203C2F62706D6E64693A42504D4E456467653E0A2020202020203C62706D6E64693A42504D4E456467652062706D6E456C656D656E743D227369642D44373945383533322D373936462D343541332D393932412D373845434631383732374630222069643D2242504D4E456467655F7369642D44373945383533322D373936462D343541332D393932412D3738454346313837323746302220666C6F7761626C653A736F75726365446F636B6572583D2231352E302220666C6F7761626C653A736F75726365446F636B6572593D2231352E302220666C6F7761626C653A746172676574446F636B6572583D2235302E302220666C6F7761626C653A746172676574446F636B6572593D2234302E30223E0A20202020202020203C6F6D6764693A776179706F696E7420783D223132392E393439393938343839393537362220793D223137382E30222F3E0A20202020202020203C6F6D6764693A776179706F696E7420783D223137342E393939393939393939393931372220793D223137382E30222F3E0A2020202020203C2F62706D6E64693A42504D4E456467653E0A2020202020203C62706D6E64693A42504D4E456467652062706D6E456C656D656E743D227369642D43313842354431352D373430432D343035382D383034452D324138393337394439454635222069643D2242504D4E456467655F7369642D43313842354431352D373430432D343035382D383034452D3241383933373944394546352220666C6F7761626C653A736F75726365446F636B6572583D2239392E302220666C6F7761626C653A736F75726365446F636B6572593D2234302E302220666C6F7761626C653A746172676574446F636B6572583D2232302E352220666C6F7761626C653A746172676574446F636B6572593D2232302E35223E0A20202020202020203C6F6D6764693A776179706F696E7420783D223534392E39352220793D223137382E3030343637393830323935353638222F3E0A20202020202020203C6F6D6764693A776179706F696E7420783D223633302E34303039393030393930312220793D223137382E34303039393030393930303939222F3E0A2020202020203C2F62706D6E64693A42504D4E456467653E0A202020203C2F62706D6E64693A42504D4E506C616E653E0A20203C2F62706D6E64693A42504D4E4469616772616D3E0A3C2F646566696E6974696F6E733E0A, 0);
INSERT INTO `ACT_GE_BYTEARRAY` VALUES ('44ab8e43-e886-11ef-a646-cc28aa504d95', 1, '.assetCall.png', '44a329d1-e886-11ef-a646-cc28aa504d95', 0x89504E470D0A1A0A0000000D4948445200000314000001360806000000F878D4850000190949444154785EEDDD5D8C9CE57937F0090709EA41CE7292AA47C9614EF27516C9444A45941EA056DA5D7B1D93186C61828D22852612267AE3D79148A39EB54AD5D2AA0A6A1BD44A2450D5868281980FA7E4436A0B79A1D4C6695EE23A601B075493183C7D6E77271DEE7D763DFB35F37F667F3FE9D27A9FE7990F79FEBAEFEBF278677B3D0000000000000000000000000000000000000000000000000000000000000000000000000000000000000000000000000000000000000000000000000000000000000000000000000000000000000000000000000000000000000000000000000000000000000000000000000000000000000000000000000000000000000000000000000000000000000000000000000000000000000000000000000000000000000000000000000000000000000000000000000000000000000000000000000000000000000000000000000000000000000000000000000000000000000000000000000000000000000000000000000000000000000000000000000000000000000000000000000000000000000000000000000000000000000000000000000000000000000000000000000000000000000000000000000000000000000000E8B8999999DFDCBA75EB9EB9B9B9FB9BAF4F37F5D3A6FA0B5F9F5E38BEA75C57DF160000D8A46667673FDE0C0A4717868751EB68B95D7D5F0000C026313737F7BE663038DC322CACA40E97FBA9EF1B00009862B3B3B39FD8B66DDBABC3C3C18E1D3BFA77DE7967FFC89123FDE3C78FF7CF9C39D32FCAD7F27D395ECE97EBAAA1E26CB9BFFA3100008029D40C003734C3C49B838160FBF6EDFDBBEEBAAB7FEEDCB9CB03C49594EBCAF5E5764343C5C572BFF5630100005364E19D895F0F137BF7EEEDBFF8E28BF5CC309272BB72FBE1A1C23B15000030A5666666DE3F3F3F7F6E3000ECDFBFBF7FFEFCF97A4E589172FB723F4343C599F238F5630300001DD734FB8786DF9958EB303150EEA77AA7E250FDD8000040872D7C34ECAF7F6662B5FFCD6929E5FE867FA6C247CA0200C014699AFCC707CD7EF981EA8D50EE77E85D8AC7EBE700000084691AF7479BBAA63E3E6CE137605F2A8D7EF9C8D7513FCD69A5CAFD0E7DA4EC25BF511B0000C20DBD23B0E46031373777F3E0BAAF7DED6BF51CB0AECAFD0F1EAB3C6EFD5C000080204303C5928345F3FDBD83F30F3FFC703D03ACAB72FF43CFE5DEE1E701000084691928160D16CDD7EF0F8E9F3871A29E01D655B9FFA1E7F0FDEAE9020000495A0689BACA60F1CAE0FBB367CFD633C0BA2AF73FF4D82FD5CF17000046D2D2D8AA80BA78F1623D03ACAB72FF438FF7469D0B000018496928EB63ACBF7A6018AA47B7FEEF7F797A6970DC3B140000748281623C961B2486AEF133140000748B81623C961B2406B6FA94270000BAC640311ECB0D12037E0F0500009D63A0C831CEDF94FDE94F7FFAF2E394C7F39BB201005835034596E6F5787CF0CEC15D77DD55CF02EBA2DCEFE031CAE3D5CF0100004666A0C8323B3BFBF141B3BF7DFBF6FE8B2FBE58CF036B52EE6F7E7E7EF0EE44BF3C5EFD1C00006064068A3CCD6B7268D0F0EFDDBBB77FFEFCF97A2E5895723FB7DC72CB5B43EF4E1CAA1F1B000056C44091676666E6FDCDEB7266D0F8EFDFBF7FCD4345B9FDEDB7DFFEEB7726CAFD97C7A91F1B000056C44091697676F613CD6B7371F89D8AD5FEF7A772BBEA9D898BE5FEEBC7040080153350E46A5E9B1B86878AF23315E507AA47FDF4A7725DB97EF8672616EEEF86FAB1000060550C14D916DEA9383B34105CFE48D93BEFBCB37FE4C891FEF1E3C7FB67CE9CB93C4094AFE5FB72BC9C1FFA68D8419DF5CE040000EBCA40916F6E6EEE7DCDEB74B81A0E565A87CBFDD4F70D00006B529ACDFA1899163E52F668CBB0B05C1DF5D1B000006C180345F72CFC46ED3D737373F7375F9F6EEAA70BC343F9FAF4C2F13D7E033600001BCE40010000AC9A810200005835030530D5FAFDFE3B4F9C38F1B7C78E1DFB55F908B4871E7A488DB99ABFF74B478F1EFDD9238F3C725DFDFAA49197C9576A5E6463F2959A0D0C14C0946B1A80BF6B36A0FEE9D3A7FB172E5CE8FFF297BF5463AEF2F75EFEFE1F7BECB1F34D53F03BF56B94445E265FA979918DC9576A3630500053AEFC6B62D980EA8D498DBF4E9D3AF54AD3043C5DBF4649E425A7D2F2221B3995960D0C14C0942BFF35C1BF266654791D9A26E08DFA354A222F39959617D9C8A9B46C60A000A65CF97FB7F566A42657E5F5A85FA324F292554979918DAC4ACA06060A60CA8DDA04BCFEEAA9FE89EFFF65FFD987FFEFE52A7F2EC7EAEBD4DA2ABD099097AC4ACA8B6C64555236305000536E9426E0B5732FF59F79F0CBFD7FFE87DF7F5B9563E55C7DBD5A7DA53701F292554979918DAC4ACA06060A60CA8DD204FCF4D9FB17350083FAFFCFFEFDA2EBD5EA2BBD099097AC4ACA8B6C64555236305000536E9426E0FF3DFA078B36FF419573F5F56AF595DE04C84B5625E54536B22A291B18288029374A13F0CC435F59B4F90FAA9CABAF57ABAFF426405EB22A292FB2915549D9C040014C394D4056A53701F292554979918DAC4ACA06060A60CA8DD204944F62A937FF419573F5F56AF595DE04C84B5625E54536B22A291B18288029374A13F0C2937FBC68F31F5439575FAF565FE94D80BC6455525E6423AB92B28181029872A33401675EFA97FE33FFF87F163500E55839575FAF565FE94D80BC6455525E6423AB92B28181029872A33401A55EFCC1DD8B9A8072ACBE4EADADD29B0079C9AAA4BCC84656256503030530E5466A02DE78A3FFC2537FB2A80928C7CAB945D7AB55577A13202F59959417D9C8AAA46C60A000A6DC959A80F2DB6BFFEDC93F5AD4000CAA9CF31B6ED7AFD29B0079C9AAA4BCC84656256503030530E5966C02DE78A37FEA8547FAFFFAC0ED8B36FEBACA35E55AFFC2B8F64A6F02E425AB92F2221B5995940D0C14C0946B6B02AEF42F894B957F615C7BA53701F292554979918DAC4ACA06060A60CAB53501A3FC4BE252556E5BDF9F1ABDD29B0079C9AAA4BCC84656256503030530E5DA9A807A635F69D5F7A746AFF426405EB22A292FB2915549D9A0B76561A0D8529F00980A6D4D809A5CA53701F292554979918DAC4ACAC626578688D34DDDB6F0D550014C1F4D4056A53701F292554979918DAC4ACAC626361826064344FD3DC074D00464557A13202F59959417D9C8AAA46C6C524B0D0F4B1D07E82E4D4056A53701F292554979918DAC4ACAC62674A5A1E14AE781AEE8F7FB571D3B76ECF7EEBEFBEE7F3C70E0C02B5FFAD2972EDC7CF3CD97CA0F4EEDD9B3E7E26DB7DDF68BE6D8BF1F3C78F00F77EEDCF95BF5EDA7852620ABD29B0079C9AAA4BCC846562565639319755818F53A205133485CFDC0030FFCD997BFFCE55FEDDAB5ABFF8D6F7CA3FFBDEF7DAF7FFCF8F1FE993367FA45F95ABE2FC7CBF91B6FBCF1AD7DFBF69DD8BD7BF7B5F5FD759D2620ABD29B0079C9AAA4BCC846562565631359E990B0D2EB8104CD8070CBC183072F7CFEF39FEF1F3B76ACFFD65B6F5D1E20AEA45C57AEBFF5D65B2F7EEE739FFBD1DCDCDCFBEAFBEE2A4D4056A53701F292554979918DAC4ACAC626B1DAE160B5B703C6AD9909DEF1E0830FFEF54D37DDD43F74E850FFCD37DFAC67869194DB95DB7FF6B39F7D7DDBB66DBF5D3F4E176902B22ABD099097AC4ACA8B6C645552363681B50E056BBD3DB0D19A39E01DF7DE7BEF3FDD7CF3CDFDE79E7BAE9E1156A5DCCFAE5DBBFE6B7E7EFEC6FAF1BA46139055E94D80BC6455525E6423AB92B231E5D66B1858AFFB013642796762CF9E3DFDD3A74FD773C19A94FBDBB973E76BB3B3B39FA81FB34B34015995DE04C84B5625E54536B22A291B536CBD8780F5BE3F603D3CF5D453B7946162BDDE99A835F77BE9FAEBAF3F373333F3FEFAB1BB42139055E94D80BC6455525E6423AB92B231A5EAE6FF1D4D7D66E1EB4AD4B7ABEF1798A4A6DFBFFAAB5FFDEA85F2330F1BE9BEFBEE3B373F3FFF40FDF85DA109C8AAF426405EB22A292FB2915549D9984275D35F8681BF68AAFC9D97AFA30E154BDDAEBE7F60520E1F3EFCA7E5D39C56FB03D8A32AF7BF6BD7AE976767673F5E3F872ED00464557A13202F59959417D9C8AAA46C4C99B666FF33BDFF190A0635CA50313C4C0CEAFAA1F36D8F038C53D3E75F75C71D77FCAA7CD4EB383CF1C413AF6EDDBAF5F1FA7974812620ABD29B0079C9AAA4BCC846562565638A2CD5E4B70D07CB0D156DD7FFF9C2F1614B3D1E300E4F3DF5D4EFEEDEBD7BE4DF33B156E571B66FDFFEEACCCCCC6FD6CF65529A01E7D1A6AEA98FD734015935A926405EBA59E3C88B6C74B3C6918D2E1A35CF2DAED4DCB70D096D4345DB756DC3C4C0951E17D828DFFCE6371F2ABFE17A9C0E1C38F0CCDCDCDCCDF573999466C1EC2FD4B28BA72620AB26D504C84B376B1C79918D6ED638B2D145A3E6B9326A53DF362C0C0F156DE7971B2606467D7C603D1D3C78F0E571FD77A781871F7EF8D96671BAB77E2E9332B4682EBB786A02B26A524D80BC74B3C69117D9E8668D231B5D346A9E87ACB4996F1B1ACAF757B51C1F65981858E9F300D6EA8B5FFCE28513274ED43DFF867AFEF9E74F368BD2F7EBE732292D8B66EBE2A909C8AA4935012D3991970ED438F2D29209D9E8408D231B5DD492E3D63C2F586D13DF36543C5F7DBF92616260B5CF07588D3D7BF65C3A7BF66CDDF36FA83367CEBCD62C462FD5CF65525A16CBBA2E2F9E9A80AC9A5413D0928FBAE425B0C69197962CD4251B81358E6C74514B7EEBBA9CE7DEDA9BF7B6A1622DC3C4C05A9F1730AA1D3B76F42F5EBC58F7FC1BAA79BC5FB42C4CF1A509C8AAFAF5492B79C9AAFAF59964C94656D5AF8F5A7935EDC46D757FB142E5BF39D5EF4C94EFCBF1B528CFAB0C15BF519F00D6D14D37DD7471DCEF50BCFCF2CBFFBEB51BEF503CBAD57F5388AD49FDAB624B4EE4A503358EBCB46442363A50E3C84617B5E4B835CFBDB5BF13B0DC3B146D9FFE34AAB53E2F60545FF8C2177E31EE9FA1F8F18F7FFC83ADD93F43512F9697A53501BDC50BEFE51AD7F949D7A49A80AEE5A5D7F21A961AD7F9D75F7FBDBF65CB96B71D9B448D232F5DCA46AFE5352B358EF30F3CF040FF031FF840FFEAABAFEE7FF8C31FEEFFF0873F5CF4FCC659E3C846178D9AE7055B7AAB6BDEDB8689FA9D8AD50C15AB7D3EC06ADC7EFBEDFF36EE4F79FAF6B7BF7DFFD6CC4F795A6EB18C680286AB37B479B71DDBE8F393AE4935015DCB4BAFE5351B3EB691E7CBDAF2B18F7DECF2F76DD78DB3C691972E65A3D7F27A0C1FDBC8F31FF9C847FAEF7AD7BB06AF49FF431FFAD0A26BC759E3C846178D9AE7215B7A2B6BE2DB8689F233136D9FF2B492A162A5CF0358AB03070EFCE1B87F0FC5DEBD7B0F85FD1E8A9116CB842660B87ACB6CD8F59FDB8EADF5FCA46B524D40D7F2D26B79CD868F6DE4F9F2F5A31FFDE8E5AF6DD78DB3C691972E65A3D7F27A0C1FDBE8F3A54E9E3C79F9D8BBDFFDEE45D78EB3C6918D2E1A35CF952DBDD19AF9A58689E57E0FC52843C5A88F0FACA79D3B77FED6AE5DBBDE1AE36FCAFECF66817A39E937658F2AA10918AEDE1536EC8D3E3FE94A6F0252F2D26B79CD868F6DE4F9EBAEBBAE7FEAD4A9CBDFB75D37CE4ACA4B42367A2DAFC7F0B18D3E5F6AFFFEFD978F7DEA539F5A74ED382B291B53624B6FF9A6BE6D5868FB34A7B6EB961B2AAEF4B8C046DAB76FDF8BE3FA6F4FF7DC73CF5F3503C5E3F573E882842660B87A57D8B037FAFCA42BBD0948C94BAFE5351B3EB6D1E707DFD7C7C65D497949C846AFE5F5183EB6D1E7BFF5AD6FF5AFBAEAAAFE7BDFFBDEFE0B2FBCB0E8DA71565236A6C8965E7B73DF3624B40D13036DD7B70D154B3D1E302EBB77EFBEF6D65B6FBDF8E69B6FD6FDFFBA6AEEFFA7CD30F1C2ECECECC7EBE7D005094DC070F5AEB0616FF4F949577A139092975ECB6B367C6CA3CF0FBEAF8F8DBB92F292908D5ECBEB317C6C23CF3FF9E493FD77BEF39DFD0F7EF083FDF2A120F575E3AEA46C4C992DBDC54DFE677A0BEBC1422D374C0CB40D15D70F9D6F7B1C6012F6EEDDFBA343870E5DAA87807574E9EB5FFFFA5F3603C5A1FAB1BB22A10918AEDE321B76FDE7B6636B3D3FE94A6F0252F2D26B79CD868F6DF4F9C1F7F5B17157525E12B2D16B793D868F6DE4F96BAFBDB6FFC94F7EB2FFEAABAF2EBA661295948D29B4A5F7F6667F78381865981858EA76F5FD0393343333F3FE9D3B77BEF6DC73CFD583C0BAF8EE77BFFBCD669838551EA77EECAE48680286ABB7D0A4D535AEF393AEF42620252FBD96D7B0D4B8CE0F5F533FB77156525E12B2D16B79CD4A8DE3FC7BDEF39EB71DBBE38E3B163DBF71565236A6D496DEE2A1A2BCC330EA303150DFAEBE5F20C1B66DDB7EFB861B6EF8AFD3A74FD7F3C09A9C3C79F2EF9B61E267B3B3B39FA81FB34B129A00F5BF95DE04C84B5625E54536B22A291B536CBD9BFFF5BE3F603DCDCFCFDFB873E7CE5FACD73B150BEF4CBCD4D40DF563758D2620ABD29B0079C9AAA4BCC84656256563CAADD710B05EF7036CA4F24EC28E1D3BCEDD77DF7DE756FB83DAE507B0177E66E23FBBFECEC4802620ABD29B0079C9AAA4BCC846562565631358EB30B0D6DB03E3343737F7BEF9F9F90777EDDAF5F2134F3CF1EAA8BFA7A2B9EEF43DF7DCF3D7E5D39C9A3A5CEEA7BEEFAED20464557A13202F59959417D9C8AAA46C6C12AB1D0A567B3B60D2CA47BC3683C1D1EDDBB79FFFCA57BEF2AF478E1C79E6F9E79FFF8F575E79E5F5667E78EDE73FFFF989679F7DF607DFF9CE77EEDBB76FDFE1E6DA57CAF55DFD68D8E56802B22ABD099097AC4ACA8B6C645552363691950E072BBD1E48547EB3753328EC999B9BBBBFF9FA7453E5774AF417BE3EBD707C4F177F03F6A834015995DE04C84B5625E54536B22A291B9BCCA843C2A8D701E4D30464557A13202F59959417D9C8AAA46C6C42571A16AE741EA05B34015995DE04C84B5625E54536B22A291B9BD45243C352C701BA4B139055E94D80BC6455525E6423AB92B2B189D5C343FD3DC074D00464557A13202F59959417D9C8AAA46C6C728321E2B685AF860960FA6802B22ABD099097AC4ACA8B6C64555236E86D291FF852BED62700A6822620ABD29B0079C9AAA4BCC846562565835E6F61A000984E9A80AC4A6F02E425AB92F2221B5995940D0C14C094D30464557A13202F59959417D9C8AAA46C60A000A69C2620ABD29B0079C9AAA4BCC84656256503030530E534015995DE04C84B5625E54536B22A291B18288029A709C8AAF426405EB22A292FB2915549D9C040014C394D4056A53701F292554979918DAC4ACA06060A60CA6902B22ABD099097AC4ACA8B6C64555236305000534E139055E94D80BC6455525E6423AB92B281810298729A80AC4A6F02E425AB92F2221B5995940D0C14C094D30464557A13202F59959417D9C8AAA46C60A000A69C2620ABD29B0079C9AAA4BCC84656256503030530E534015995DE04C84B5625E54536B22A291B18288029A709C8AAF426405EB22A292FB2915549D9C040014C394D4056A53701F292554979918DAC4ACA06060A60CA6902B22ABD099097AC4ACA8B6C6455523630500053EEC89123972E5CB8B0683352E3AFE675F859D304BC51BF4649E425A7D2F2221B3995960D0C14C0943B7AF4E8CF4E9F3EBD684352E3AF9FFCE427F7344DC0D3F56B94445E722A2D2FB2915369D9C040014CB9471E79E4BAC71E7BECFCA953A75EF1AF8B93A9E6EFFDD4C99327FFA66900FEA3A9DFA95FA324F232F94ACD8B6C4CBE52B3818102D804CAC653FE35ABA95F96FF77DBB5BAFBEEBBFB65B1AE8F77A8CADF7BF9FBEF4403509EE7C2F3ED645EA6A062F3529ED3C273938DC9546C36363B030540B866A17ED4620D402A7B1440B06691BEA62CD40B754D7D1E0026CD4001106CF0EEC4423D5A9F07804933500084AADE9DF02E0500910C1400A1AA7727BC4B014024030540A025DE9DF02E0500710C140081967877C2BB1400C43150008429EF40B40C11755D53DF0E0026C1400110A6BC03D13240D4E55D0A00221828003AC0620D402A7B14400758AC0148658F02E8008B3500A9EC51001D60B10620953D0AA0032CD600A4B247017480C51A8054F628800EB0580390CA1E05D001166B0052D9A3003AC0620D402A7B14400758AC0148658F02E8008B3500A9EC51001D60B10620953D0AA0032CD600A4B247017480C51A8054F628800EB0580390CA1E05D001166B0052D9A3003AC0620D402A7B14400758AC0148658F02E8008B3500A9EC51001D60B10620953D0AA0032CD600A4B247017480C51A8054F628800EB0580390CA1E05D001166B0052D9A3003AC0620D402A7B14400758AC0148658F02E8008B3500A9EC51001D60B10620953D0AA0032CD600A4B247017480C51A8054F628800EB0580390CA1E05D001166B0052D9A3003AC0620D402A7B14400758AC0148658F02E8008B3500A9EC51001D60B10620953D0AA0032CD600A4B247017480C51A8054F628800EB0580390CA1E05D001166B0052D9A3003AC0620D402A7B14400758AC0148658F02E8008B3500A9EC51001D60B10620953D0AA0032CD600A4B247017480C51A8054F628800EB0580390CA1E05D001166B0052D9A3003AC0620D402A7B14400758AC0148658F02E8008B3500A9EC51001D60B10620953D0AA0032CD600A4B247017480C51A8054F628800EB0580390CA1E05D001166B0052D9A3003AC0620D402A7B14400758AC0148658F02E8008B3500A9EC51001D60B10620953D0AA0032CD600A4B247017480C51A8054F628800EB0580390CA1E05D001166B0052D9A3003AC0620D402A7B14400758AC0148658F02E8008B3500A9EC51001D60B10620953D0AA0032CD600A4B247017480C51A8054F628800EB0580390CA1E05D001166B0052D9A3003AA02CD64A29A5546AD5FB16000000000000000000000000000000000000000000000000000000C0DBFC37916F6A1483D4301A0000000049454E44AE426082, 1);
INSERT INTO `ACT_GE_BYTEARRAY` VALUES ('6140d97a-e704-11ef-8c34-cc28aa504d95', 1, '.bpmn20.xml', '6140d979-e704-11ef-8c34-cc28aa504d95', 0x3C3F786D6C2076657273696F6E3D22312E302220656E636F64696E673D225554462D38223F3E0A3C646566696E6974696F6E7320786D6C6E733D22687474703A2F2F7777772E6F6D672E6F72672F737065632F42504D4E2F32303130303532342F4D4F44454C2220786D6C6E733A7873693D22687474703A2F2F7777772E77332E6F72672F323030312F584D4C536368656D612D696E7374616E63652220786D6C6E733A7873643D22687474703A2F2F7777772E77332E6F72672F323030312F584D4C536368656D612220786D6C6E733A666C6F7761626C653D22687474703A2F2F666C6F7761626C652E6F72672F62706D6E2220786D6C6E733A62706D6E64693D22687474703A2F2F7777772E6F6D672E6F72672F737065632F42504D4E2F32303130303532342F44492220786D6C6E733A6F6D6764633D22687474703A2F2F7777772E6F6D672E6F72672F737065632F44442F32303130303532342F44432220786D6C6E733A6F6D6764693D22687474703A2F2F7777772E6F6D672E6F72672F737065632F44442F32303130303532342F44492220747970654C616E67756167653D22687474703A2F2F7777772E77332E6F72672F323030312F584D4C536368656D61222065787072657373696F6E4C616E67756167653D22687474703A2F2F7777772E77332E6F72672F313939392F585061746822207461726765744E616D6573706163653D22687474703A2F2F7777772E666C6F7761626C652E6F72672F70726F6365737364656622206578706F727465723D22466C6F7761626C65204F70656E20536F75726365204D6F64656C657222206578706F7274657256657273696F6E3D22362E382E30223E0A20203C70726F636573732069643D22617373657443616C6C22206E616D653D22E8B584E4BAA7E8B083E794A8E6B581E7A88B2220697345786563757461626C653D2274727565223E0A202020203C646F63756D656E746174696F6E3EE8B584E4BAA7E8B083E794A8E6B581E7A88B3C2F646F63756D656E746174696F6E3E0A202020203C73746172744576656E742069643D2273746172744576656E74312220666C6F7761626C653A666F726D4669656C6456616C69646174696F6E3D2274727565223E3C2F73746172744576656E743E0A202020203C757365725461736B2069643D227369642D32384634363439432D323739302D343536312D384137462D39413831423044373445384522206E616D653D22E794A8E688B7E794B3E8AFB72220666C6F7761626C653A61737369676E65653D22247B7573657249647D2220666C6F7761626C653A666F726D4669656C6456616C69646174696F6E3D2274727565223E0A2020202020203C657874656E73696F6E456C656D656E74733E0A20202020202020203C6D6F64656C65723A696E69746961746F722D63616E2D636F6D706C65746520786D6C6E733A6D6F64656C65723D22687474703A2F2F666C6F7761626C652E6F72672F6D6F64656C6572223E3C215B43444154415B66616C73655D5D3E3C2F6D6F64656C65723A696E69746961746F722D63616E2D636F6D706C6574653E0A2020202020203C2F657874656E73696F6E456C656D656E74733E0A202020203C2F757365725461736B3E0A202020203C73657175656E6365466C6F772069643D227369642D44373945383533322D373936462D343541332D393932412D3738454346313837323746302220736F757263655265663D2273746172744576656E743122207461726765745265663D227369642D32384634363439432D323739302D343536312D384137462D394138314230443734453845223E3C2F73657175656E6365466C6F773E0A202020203C757365725461736B2069643D227369642D45334639343536372D364631442D343644422D384238382D43433139334231453334433022206E616D653D22E9A286E5AFBCE5AEA1E6A0B82220666C6F7761626C653A61737369676E65653D22247B6C656164657249647D2220666C6F7761626C653A666F726D4669656C6456616C69646174696F6E3D2274727565223E0A2020202020203C657874656E73696F6E456C656D656E74733E0A20202020202020203C6D6F64656C65723A696E69746961746F722D63616E2D636F6D706C65746520786D6C6E733A6D6F64656C65723D22687474703A2F2F666C6F7761626C652E6F72672F6D6F64656C6572223E3C215B43444154415B66616C73655D5D3E3C2F6D6F64656C65723A696E69746961746F722D63616E2D636F6D706C6574653E0A2020202020203C2F657874656E73696F6E456C656D656E74733E0A202020203C2F757365725461736B3E0A202020203C73657175656E6365466C6F772069643D227369642D35443634344145412D394238452D344135342D423641312D3346333643453939354545422220736F757263655265663D227369642D32384634363439432D323739302D343536312D384137462D39413831423044373445384522207461726765745265663D227369642D45334639343536372D364631442D343644422D384238382D434331393342314533344330223E3C2F73657175656E6365466C6F773E0A202020203C6578636C7573697665476174657761792069643D227369642D36354245334639392D384445442D343833462D393246332D413344333446353144414333223E3C2F6578636C7573697665476174657761793E0A202020203C73657175656E6365466C6F772069643D227369642D43313842354431352D373430432D343035382D383034452D3241383933373944394546352220736F757263655265663D227369642D44373643303439432D353341382D343446302D384131432D39333044394436383531333222207461726765745265663D227369642D36354245334639392D384445442D343833462D393246332D413344333446353144414333223E3C2F73657175656E6365466C6F773E0A202020203C656E644576656E742069643D227369642D43333037363846432D343331452D343238422D383439392D463538343244354437333541223E3C2F656E644576656E743E0A202020203C73657175656E6365466C6F772069643D227369642D30414239423441322D433946302D344431372D384543462D3830373342373845413236442220736F757263655265663D227369642D36354245334639392D384445442D343833462D393246332D41334433344635314441433322207461726765745265663D227369642D32384634363439432D323739302D343536312D384137462D394138314230443734453845223E3C2F73657175656E6365466C6F773E0A202020203C757365725461736B2069643D227369642D44373643303439432D353341382D343446302D384131432D39333044394436383531333222206E616D653D22E9A286E5AFBCE5AEA1E6A0B82220666C6F7761626C653A61737369676E65653D22247B6C656164657249647D2220666C6F7761626C653A666F726D4669656C6456616C69646174696F6E3D2274727565223E0A2020202020203C657874656E73696F6E456C656D656E74733E0A20202020202020203C6D6F64656C65723A696E69746961746F722D63616E2D636F6D706C65746520786D6C6E733A6D6F64656C65723D22687474703A2F2F666C6F7761626C652E6F72672F6D6F64656C6572223E3C215B43444154415B66616C73655D5D3E3C2F6D6F64656C65723A696E69746961746F722D63616E2D636F6D706C6574653E0A2020202020203C2F657874656E73696F6E456C656D656E74733E0A202020203C2F757365725461736B3E0A202020203C73657175656E6365466C6F772069643D227369642D46303430313030312D454436322D344237322D393438372D4339443437313337373442452220736F757263655265663D227369642D45334639343536372D364631442D343644422D384238382D43433139334231453334433022207461726765745265663D227369642D44373643303439432D353341382D343446302D384131432D393330443944363835313332223E3C2F73657175656E6365466C6F773E0A202020203C73657175656E6365466C6F772069643D227369642D43414146304339422D363639302D343636312D383431342D3431453231454338333241312220736F757263655265663D227369642D36354245334639392D384445442D343833462D393246332D41334433344635314441433322207461726765745265663D227369642D43333037363846432D343331452D343238422D383439392D463538343244354437333541223E3C2F73657175656E6365466C6F773E0A20203C2F70726F636573733E0A20203C62706D6E64693A42504D4E4469616772616D2069643D2242504D4E4469616772616D5F617373657443616C6C223E0A202020203C62706D6E64693A42504D4E506C616E652062706D6E456C656D656E743D22617373657443616C6C222069643D2242504D4E506C616E655F617373657443616C6C223E0A2020202020203C62706D6E64693A42504D4E53686170652062706D6E456C656D656E743D2273746172744576656E7431222069643D2242504D4E53686170655F73746172744576656E7431223E0A20202020202020203C6F6D6764633A426F756E6473206865696768743D2233302E30222077696474683D2233302E302220783D223130302E302220793D223136332E30223E3C2F6F6D6764633A426F756E64733E0A2020202020203C2F62706D6E64693A42504D4E53686170653E0A2020202020203C62706D6E64693A42504D4E53686170652062706D6E456C656D656E743D227369642D32384634363439432D323739302D343536312D384137462D394138314230443734453845222069643D2242504D4E53686170655F7369642D32384634363439432D323739302D343536312D384137462D394138314230443734453845223E0A20202020202020203C6F6D6764633A426F756E6473206865696768743D2238302E30222077696474683D223130302E302220783D223137352E302220793D223133382E30223E3C2F6F6D6764633A426F756E64733E0A2020202020203C2F62706D6E64693A42504D4E53686170653E0A2020202020203C62706D6E64693A42504D4E53686170652062706D6E456C656D656E743D227369642D45334639343536372D364631442D343644422D384238382D434331393342314533344330222069643D2242504D4E53686170655F7369642D45334639343536372D364631442D343644422D384238382D434331393342314533344330223E0A20202020202020203C6F6D6764633A426F756E6473206865696768743D2238302E30222077696474683D223130302E302220783D223331352E302220793D223133382E30223E3C2F6F6D6764633A426F756E64733E0A2020202020203C2F62706D6E64693A42504D4E53686170653E0A2020202020203C62706D6E64693A42504D4E53686170652062706D6E456C656D656E743D227369642D36354245334639392D384445442D343833462D393246332D413344333446353144414333222069643D2242504D4E53686170655F7369642D36354245334639392D384445442D343833462D393246332D413344333446353144414333223E0A20202020202020203C6F6D6764633A426F756E6473206865696768743D2234302E30222077696474683D2234302E302220783D223633302E302220793D223135382E30223E3C2F6F6D6764633A426F756E64733E0A2020202020203C2F62706D6E64693A42504D4E53686170653E0A2020202020203C62706D6E64693A42504D4E53686170652062706D6E456C656D656E743D227369642D43333037363846432D343331452D343238422D383439392D463538343244354437333541222069643D2242504D4E53686170655F7369642D43333037363846432D343331452D343238422D383439392D463538343244354437333541223E0A20202020202020203C6F6D6764633A426F756E6473206865696768743D2232382E30222077696474683D2232382E302220783D223735302E302220793D223130352E30223E3C2F6F6D6764633A426F756E64733E0A2020202020203C2F62706D6E64693A42504D4E53686170653E0A2020202020203C62706D6E64693A42504D4E53686170652062706D6E456C656D656E743D227369642D44373643303439432D353341382D343446302D384131432D393330443944363835313332222069643D2242504D4E53686170655F7369642D44373643303439432D353341382D343446302D384131432D393330443944363835313332223E0A20202020202020203C6F6D6764633A426F756E6473206865696768743D2238302E30222077696474683D223130302E302220783D223435302E302220793D223133382E30223E3C2F6F6D6764633A426F756E64733E0A2020202020203C2F62706D6E64693A42504D4E53686170653E0A2020202020203C62706D6E64693A42504D4E456467652062706D6E456C656D656E743D227369642D30414239423441322D433946302D344431372D384543462D383037334237384541323644222069643D2242504D4E456467655F7369642D30414239423441322D433946302D344431372D384543462D3830373342373845413236442220666C6F7761626C653A736F75726365446F636B6572583D2232302E352220666C6F7761626C653A736F75726365446F636B6572593D2232302E352220666C6F7761626C653A746172676574446F636B6572583D2235302E302220666C6F7761626C653A746172676574446F636B6572593D2237392E30223E0A20202020202020203C6F6D6764693A776179706F696E7420783D223635302E352220793D223139372E3434323230383035393231303537223E3C2F6F6D6764693A776179706F696E743E0A20202020202020203C6F6D6764693A776179706F696E7420783D223635302E352220793D223330302E30223E3C2F6F6D6764693A776179706F696E743E0A20202020202020203C6F6D6764693A776179706F696E7420783D223232352E302220793D223330302E30223E3C2F6F6D6764693A776179706F696E743E0A20202020202020203C6F6D6764693A776179706F696E7420783D223232352E302220793D223231372E3935303030303030303030303032223E3C2F6F6D6764693A776179706F696E743E0A2020202020203C2F62706D6E64693A42504D4E456467653E0A2020202020203C62706D6E64693A42504D4E456467652062706D6E456C656D656E743D227369642D43414146304339422D363639302D343636312D383431342D343145323145433833324131222069643D2242504D4E456467655F7369642D43414146304339422D363639302D343636312D383431342D3431453231454338333241312220666C6F7761626C653A736F75726365446F636B6572583D2232302E352220666C6F7761626C653A736F75726365446F636B6572593D2232302E352220666C6F7761626C653A746172676574446F636B6572583D2231342E302220666C6F7761626C653A746172676574446F636B6572593D2231342E30223E0A20202020202020203C6F6D6764693A776179706F696E7420783D223635302E352220793D223135382E35223E3C2F6F6D6764693A776179706F696E743E0A20202020202020203C6F6D6764693A776179706F696E7420783D223635302E352220793D223131392E30223E3C2F6F6D6764693A776179706F696E743E0A20202020202020203C6F6D6764693A776179706F696E7420783D223735302E302220793D223131392E30223E3C2F6F6D6764693A776179706F696E743E0A2020202020203C2F62706D6E64693A42504D4E456467653E0A2020202020203C62706D6E64693A42504D4E456467652062706D6E456C656D656E743D227369642D35443634344145412D394238452D344135342D423641312D334633364345393935454542222069643D2242504D4E456467655F7369642D35443634344145412D394238452D344135342D423641312D3346333643453939354545422220666C6F7761626C653A736F75726365446F636B6572583D2235302E302220666C6F7761626C653A736F75726365446F636B6572593D2234302E302220666C6F7761626C653A746172676574446F636B6572583D2235302E302220666C6F7761626C653A746172676574446F636B6572593D2234302E30223E0A20202020202020203C6F6D6764693A776179706F696E7420783D223237342E39353030303030303030303030352220793D223137382E30223E3C2F6F6D6764693A776179706F696E743E0A20202020202020203C6F6D6764693A776179706F696E7420783D223331342E393939393939393939393638322220793D223137382E30223E3C2F6F6D6764693A776179706F696E743E0A2020202020203C2F62706D6E64693A42504D4E456467653E0A2020202020203C62706D6E64693A42504D4E456467652062706D6E456C656D656E743D227369642D46303430313030312D454436322D344237322D393438372D433944343731333737344245222069643D2242504D4E456467655F7369642D46303430313030312D454436322D344237322D393438372D4339443437313337373442452220666C6F7761626C653A736F75726365446F636B6572583D2235302E302220666C6F7761626C653A736F75726365446F636B6572593D2234302E302220666C6F7761626C653A746172676574446F636B6572583D2235302E302220666C6F7761626C653A746172676574446F636B6572593D2234302E30223E0A20202020202020203C6F6D6764693A776179706F696E7420783D223431342E39353030303030303030303030352220793D223137382E30223E3C2F6F6D6764693A776179706F696E743E0A20202020202020203C6F6D6764693A776179706F696E7420783D223434392E39393939393939393939373230332220793D223137382E30223E3C2F6F6D6764693A776179706F696E743E0A2020202020203C2F62706D6E64693A42504D4E456467653E0A2020202020203C62706D6E64693A42504D4E456467652062706D6E456C656D656E743D227369642D44373945383533322D373936462D343541332D393932412D373845434631383732374630222069643D2242504D4E456467655F7369642D44373945383533322D373936462D343541332D393932412D3738454346313837323746302220666C6F7761626C653A736F75726365446F636B6572583D2231352E302220666C6F7761626C653A736F75726365446F636B6572593D2231352E302220666C6F7761626C653A746172676574446F636B6572583D2235302E302220666C6F7761626C653A746172676574446F636B6572593D2234302E30223E0A20202020202020203C6F6D6764693A776179706F696E7420783D223132392E393439393938343839393537362220793D223137382E30223E3C2F6F6D6764693A776179706F696E743E0A20202020202020203C6F6D6764693A776179706F696E7420783D223137342E393939393939393939393931372220793D223137382E30223E3C2F6F6D6764693A776179706F696E743E0A2020202020203C2F62706D6E64693A42504D4E456467653E0A2020202020203C62706D6E64693A42504D4E456467652062706D6E456C656D656E743D227369642D43313842354431352D373430432D343035382D383034452D324138393337394439454635222069643D2242504D4E456467655F7369642D43313842354431352D373430432D343035382D383034452D3241383933373944394546352220666C6F7761626C653A736F75726365446F636B6572583D2239392E302220666C6F7761626C653A736F75726365446F636B6572593D2234302E302220666C6F7761626C653A746172676574446F636B6572583D2232302E352220666C6F7761626C653A746172676574446F636B6572593D2232302E35223E0A20202020202020203C6F6D6764693A776179706F696E7420783D223534392E39352220793D223137382E3030343637393830323935353638223E3C2F6F6D6764693A776179706F696E743E0A20202020202020203C6F6D6764693A776179706F696E7420783D223633302E34303039393030393930312220793D223137382E34303039393030393930303939223E3C2F6F6D6764693A776179706F696E743E0A2020202020203C2F62706D6E64693A42504D4E456467653E0A202020203C2F62706D6E64693A42504D4E506C616E653E0A20203C2F62706D6E64693A42504D4E4469616772616D3E0A3C2F646566696E6974696F6E733E, 0);
INSERT INTO `ACT_GE_BYTEARRAY` VALUES ('615ee8cb-e704-11ef-8c34-cc28aa504d95', 1, '.assetCall.png', '6140d979-e704-11ef-8c34-cc28aa504d95', 0x89504E470D0A1A0A0000000D4948445200000314000001360806000000F878D4850000178749444154785EEDDDDF8F5C677907F0858B0AF55F405CC1FFE1200571C1056AA5DDB5D738E0C4566C624748A42025A0E21A291471D78AAA4D2B94A854512B0512543B2171129C10D380905A129A106C07D2604CFC2326082738F1F4BCEE0E9DBC7BD69E9D5DCF7CCFD9CF477AB4D9F971CE28F3D5FB3E8FCFEEECDC1C000000000000000000000000000000000000000000000000000000000000000000000000000000000000000000000000000000000000000000000000000000000000000000000000000000000000000000000000000000000000000000000000000000000000000000000000000000000000000000000000000000000000000000000000000000000000000000000000000000000000000000000000000000000000000000000000000000000000000000000000000000000000000000000000000000000000000000000000000000000000000000000000000000000000000000000000000000000000000000000000000000000000000000000000000000000000000000000000000000000000000000000000000000000000000000000000000000000000000000000000000000000000000000000000000000000000000074DCFCFCFCFBB76EDDBA677171F1A1E6EBB34DBDD2D460F9EBB3CBB7EF298FAB9F0B00006C520B0B0B1F6E0685A3CBC3C3B875B43CAF3E160000B0492C2E2E7EB0190C0EB70C0B6BA9C3E538F5B10100801E5B5858B871DBB66DAF8F0E073B76EC18DC7DF7DD8323478E0C8E1F3F3E387BF6ECA0285FCBF7E5F6727F795C35549C2BC7ABCF010000F4503300DCDC0C136F0F0782EDDBB70FEEB9E79EC1F9F3E7AF0C10D7521E571E5F9E3732545C2AC7ADCF050000F4C8F295893F0E13FBF6ED1B9C3C79B29E19C6529E579E3F3A54B8520100003D353F3FFFA1A5A5A5F3C301E0AEBBEE1A5CB870A19E13D6A43CBF1C6764A8385BCE539F1B0000E8B8A6D93F347A6562BDC3C450394E75A5E2507D6E0000A0C3963F1AF68FBF3331E98F39ADA61C6FF4772A7CA42C0000F448D3E43F356CF6CB2F545F0FE5B82357299EAA5F03000010A669DC9F68EA86FAF651CB7F01FB7269F4CB47BE8EFB694E6B558E3BF291B297FD456D00000837724560D5C162717171EFF0715FF9CA57EA39604395E30FCF55CE5BBF16000020C8C840B1EA60D17CFFC0F0FEC71E7BAC9E01365439FEC86B7960F475000000615A068A158345F3F587C3DB4F9C3851CF001BAA1C7FE435FCB07AB9000040929641A2AE32589C197E7FEEDCB97A06D850E5F823E77EB57EBD0000309696C65605D4A54B97EA19604395E38F9CEFCD3A1700003096D250D6B7B1F1EA8161A49ED8FAFF3FF2F4EAF07657280000E80403C5745C6D9018798CDFA10000A05B0C14D371B5416268AB4F790200A06B0C14D371B54162C8DFA10000A0730C1439A6F997B23FF1894F5C394F399FBF940D00C0C40C14599AF7E3A9E195837BEEB9A79E05364439EEF01CE57CF56B000080B11928B22C2C2C7C78D8EC6FDFBE7D70F2E4C97A1E589772BCA5A5A5E1D58941395FFD1A0000606C068A3CCD7B7268D8F0EFDBB76F70E1C2857A2E984839CE6DB7DDF6CEC8D58943F5B90100604D0C1479E6E7E73FD4BC2F67878DFF5D77DDB5EEA1A23CFFCE3BEFFCE3958972FC729EFADC0000B026068A4C0B0B0B3736EFCDA5D12B1593FEF853795E7565E252397E7D4E000058330345AEE6BDB97974A828BF53517EA17ADC4F7F2A8F2B8F1FFD9D89E5E3DD5C9F0B00002662A0C8B67CA5E2DCC84070E52365EFBEFBEEC191234706C78F1F1F9C3D7BF6CA0051BE96EFCBEDE5FE918F861DD63957260000D850068A7C8B8B8B1F6CDEA7C3D570B0D63A5C8E531F1B0000D6A5349BF56D645AFE48D9A32DC3C2D5EAA88F860500E0BA315074CFF25FD4DEB3B8B8F850F3F5D9A65E591E1ECAD767976FDFE32F60030070DD1928000080891928000080891928805E1B0C067F72E2C4897F3D76ECD81FCA47A03DFAE8A36ACAD5FC7FBF7CF4E8D15F3DFEF8E31FAFDF9F34F232FB4ACD8B6CCCBE52B3818102E8B9A601F8B766031A9C3E7D7A70F1E2C5C15B6FBDA5A65CE5FF7BF9FFFFE4934F5E689A828FD5EF511279997DA5E64536665FA9D9C04001F45CF9D7C4B201D51B939A7E9D3A75EA4CD3043C5BBF4749E425A7D2F2221B3995960D0C1440CF951F4DF0AF891955DE87A60978B37E8F92C84B4EA5E54536722A2D1B1828809E2B3F775B6F466A7655DE8FFA3D4A222F59959417D9C8AAA46C60A0007A6EDC26E077AF9F1A9CF8E13706CF3FF65757AAFC77B9AD7E9C5A5FA53701F292554979918DAC4ACA06060AA0E7C66902DE38FFEAE0B947BE38F8CF7FFF8B7755B9ADDC573F5E4D5EE94D80BC6455525E6423AB92B2818102E8B9719A80579E7F68450330ACFF79FE3B2B1EAF26AFF426405EB22A292FB2915549D9C04001F4DC384DC07F3FF1D72B36FF6195FBEAC7ABC92BBD099097AC4ACA8B6C645552363050003D374E13F0DCA35F5AB1F90FABDC573F5E4D5EE94D80BC6455525E6423AB92B2818102E8394D4056A53701F292554979918DAC4ACA06060AA0E7C66902CA27B1D49BFFB0CA7DF5E3D5E495DE04C84B5625E54536B22A291B1828809E1BA70978E9FB7FBB62F31F56B9AF7EBC9ABCD29B0079C9AAA4BCC846562565030305D073E33401675FFDAFC173DFFDCB150D40B9ADDC573F5E4D5EE94D80BC6455525E6423AB92B2818102E8B9719A8052277F74DF8A26A0DC563F4EADAFD29B0079C9AAA4BCC846562565030305D0736335016FBE3978E999BF5BD10494DBCA7D2B1EAF26AEF426405EB22A292FB2915549D9C04001F4DCB59A80F2D76B7FF6FDBF59D1000CABDCE72FDC6E5CA53701F292554979918DAC4ACA06060AA0E7566D02DE7C7370EAA5C7073F79F8CE151B7F5DE531E5B1FE8571FD95DE04C84B5625E54536B22A291B1828809E6B6B02AEF52F89AB957F615C7FA53701F292554979918DAC4ACA06060AA0E7DA9A8071FE2571B52ACFAD8FA7C6AFF426405EB22A292FB2915549D9C04001F45C5B13506FEC6BADFA786AFC4A6F02E425AB92F2221B5995940DE6B62C0F145BEA3B007AA1AD0950B3ABF426405EB22A292FB2915549D9D8E4CA1071BAA93B96BF1A2A80FED10464557A13202F59959417D9C8AAA46C6C62C361623844D4DF03F4832620ABD29B0079C9AAA4BCC84656256563935A6D7858ED7680EED20464557A13202F59959417D9C8AAA46C6C42D71A1AAE753FD01583C1E0BDC78E1DFBF3FBEEBBEFBB070E1C38F3F9CF7FFEE2DEBD7B2F975F9CDAB367CFA53BEEB8E3B7CD6D3F3F78F0E0D776EEDCF981FAF97DA109C8AAF426405EB22A292FB2915549D9D864C61D16C67D1C90A81924DEF7F0C30FFFC317BFF8C53FECDAB56BF0F5AF7F7DF0831FFC6070FCF8F1C1D9B3670745F95ABE2FB797FB6FB9E59677F6EFDF7F62F7EEDD1FAD8FD7759A80AC4A6F02E425AB92F2221B5995948D4D64AD43C25A1F0F24680684DB0E1E3C78F1339FF9CCE0D8B1638377DE79E7CA00712DE571E5F1B7DF7EFBA54F7FFAD33F5E5C5CFC607DECAED20464557A13202F59959417D9C8AAA46C6C12930E07933E0F98B6662678CF238F3CF2CD5B6FBD7570E8D0A1C1DB6FBF5DCF0C6329CF2BCFFFD4A73EF5BB6DDBB67DA43E4F176902B22ABD099097AC4ACA8B6C645552363681F50E05EB7D3E70BD3573C07B1E78E081FFD8BB77EFE085175EA867848994E3ECDAB5EBF74B4B4BB7D4E7EB1A4D4056A53701F292554979918DAC4ACA46CF6DD430B051C701AE87726562CF9E3D83D3A74FD773C1BA94E3EDDCB9F38D8585851BEB7376892620ABD29B0079C9AAA4BCC846562565A3C7367A08D8E8E3011BE199679EB9AD0C131B7565A2D61CF7F24D37DD747E7E7EFE43F5B9BB42139055E94D80BC6455525E6423AB92B2D15375F3FF9EA63EB9FC752DEAE7D5C70566A9E9F7DFF7E52F7FF962F99D87EBE9C1071F3CBFB4B4F4707DFEAED00464557A13202F59959417D9C8AAA46CF450DDF49761E09F9A2AFFCFCBD771878AD59E571F1F9895C3870FFF7DF934A7497F017B5CE5F8BB76ED7A6D6161E1C3F56BE8024D4056A53701F292554979918DAC4ACA46CFB435FB9F9CFBBFA16058E30C15A3C3C4B06E1AB9BFED3CC034357DFE7BBFF0852FFCA17CD4EB343CFDF4D3AF6FDDBAF5A9FA7574812620ABD29B0079C9AAA4BCC846562565A347566BF2DB8683AB0D156D8FFFC7E5DB47AD763E601A9E79E6993FDBBD7BF7D87F6762BDCA79B66FDFFEFAFCFCFCFBEBD7322BCD80F3445337D4B7D734015935AB26405EBA59D3C88B6C74B3A6918D2E1A37CF2DAED5DCB70D096D4345DBE3DA8689A16B9D17B85EEEBDF7DE47CB5FB89EA603070E3CB7B8B8B8B77E2DB3D22C9883E5BAEAE2A909C8AA593501F2D2CD9A465E64A39B358D6C74D1B879AE8CDBD4B70D0BA34345DBFD571B2686C63D3FB0910E1E3CF8DAB47EDC69E8B1C71E7BBE599C1EA85FCBAC8C2C9A575D3C35015935AB26405EBA59D3C88B6C74B3A6918D2E1A37CF23D6DACCB70D0DE5FBF7B6DC3ECE3031B4D6D701ACD7E73EF7B98B274E9CA87BFEEBEAC5175F7CB959947E58BF96596959345B174F4D4056CDAA0968C989BC74A0A69197964CC846076A1AD9E8A2961CB7E679D9A44D7CDB50F162F5FD5A8689A1495F0F30893D7BF65C3E77EE5CDDF35F5767CF9E7DA3598C5EAD5FCBACB42C96755D593C35015935AB26A0251F75C94B604D232F2D59A84B36026B1AD9E8A296FCD67525CF73EB6FDEDB868AF50C1343EB7D5DC0B876ECD831B874E952DDF35F57CDF97EDBB230C5972620ABEAF727ADE425ABEAF76796251B5955BF3F6AEDD5B41377D4FDC51A951F73AAAF4C94EFCBEDEB515E57192AFEB4BE03D840B7DE7AEBA5695FA178EDB5D77EBEB51B57289ED8EAC714626B56FFAAD8921379E9404D232F2D99908D0ED434B2D1452D396ECDF3DCFAAF045CED0A45DBA73F8D6BBDAF0B18D7673FFBD9DF4EFB77287EFAD39FFE686BF6EF50D48BE515694DC0DCCA85F74A4DEBFE59D7AC9A007999ECFE59D734F2221B93DD3FEB9A4636BA68DC3C2FDB323759F3DE364CD4572A26192A267D3DC024EEBCF3CE9F4DFB539EBEF5AD6F3DB435F3539EAEB65846360157BBED7ADF3FEB9A5513202F93DD3FEB9A465E6463B2FB675DD3C846178D9BE7115BE6D6D6C4B70D13E57726DA3EE5692D43C55A5F07B05E070E1CF8DAB4FF0EC5BE7DFB0E85FD1D8AB1164B4D40FB6DB3AA593501F232D9FDB3AE69E4453626BB7FD6358D6C74D1B879AE6C991BAF995F6D98B8DADFA11867A818F7FCC046DAB973E70776EDDAF5CE14FF52F6AF9B05EAB5A4BF943D2E4D40FB6DB3AAF426405EDA6F9B5525E54536DA6F9B552565A327B6CC5DBDA96F1B16DA3ECDA9ED71571B2AAE755EE07ADABF7FFFC969FDD8D3FDF7DFFFCFCD40F154FD1ABA4013D07EDBAC2ABD099097F6DB66554979918DF6DB665549D9E8912D73EDCD7DDB90D0364C0CB53DBE6DA858ED7CC0B4ECDEBDFBA3B7DF7EFBA5B7DF7EBBEEFF375473FC579A61E2A58585850FD7AFA10B3401EDB7CDAAD29B007969BF6D56959417D968BF6D5695948D9ED932B7B2C9FF645357DEFFE5BADA3031D43654DC34727FDB798059D8B76FDF8F0F1D3A74B91E0236D0E5AF7EF5ABDF68068A43F5B9BB4213D07EDBAC2ABD099097F6DB66554979918DF6DB665549D9E8A12D73EF6EF6478783718689A1D59E571F1F98A5F9F9F90FEDDCB9F38D175E78A11E0436C4F7BEF7BD7B9B61E254394F7DEEAE486C02DA6A5AF7CFBAD29B007979F7FDB3AEA4BCC8C6BBEF9F752565A3A7B6CCAD1C2ACA1586718789A1FA79F5718104DBB66DFBC8CD37DFFCFBD3A74FD7F3C0BABCFCF2CBDF6986895F2D2C2CDC589FB34BD29A80CD5EE94D80BC6455525E6423AB92B2D1631BDDFC6FF4F1808DB4B4B474CBCE9D3B7FBB51572A96AF4CBCDAD4CDF5B9BA46139055E94D80BC6455525E6423AB92B2D1731B35046CD47180EBA95C49D8B163C7F9071F7CF0FCA4BFA85D7E017BF977267EDDF52B13439A80AC4A6F02E425AB92F2221B5995948D4D60BDC3C07A9F0F4CD3E2E2E2079796961ED9B56BD76B4F3FFDF4EBE3FE9D8AE671A7EFBFFFFE6F964F736AEA70394E7DECAED20464557A13202F59959417D9C8AAA46C6C12930E05933E0F98B5F211AFCD607074FBF6ED17BEF4A52FFDE4C89123CFBDF8E28BBF3C73E6CCEF9AF9E18DDFFCE637279E7FFEF91F7DFBDBDF7E70FFFEFD879BC79E298FEFEA47C35E8D2620ABD29B0079C9AAA4BCC846562565631359EB70B0D6C70389CA5FB66E06853D8B8B8B0F355F9F6DAAFC4D89C1F2D767976FDFD3C5BF803D2E4D4056A53701F292554979918DAC4ACAC62633EE9030EEE300F26902B22ABD099097AC4ACA8B6C6455523636A16B0D0BD7BA1FA05B34015995DE04C84B5625E54536B22A291B9BD46A43C36AB70374972620ABD29B0079C9AAA4BCC8465625656313AB8787FA7B807ED00464557A13202F59959417D9C8AAA46C6C72C321E28EE5AF8609A07F34015995DE04C84B5625E54536B22A291BCC6D291FF852BED67700F4822620ABD29B0079C9AAA4BCC84656256583B9B9E58102A09F34015995DE04C84B5625E54536B22A291B1828809ED30464557A13202F59959417D9C8AAA46C60A0007A4E139055E94D80BC6455525E6423AB92B2818102E8394D4056A53701F292554979918DAC4ACA06060AA0E734015995DE04C84B5625E54536B22A291B1828809ED30464557A13202F59959417D9C8AAA46C60A0007A4E139055E94D80BC6455525E6423AB92B2818102E8394D4056A53701F292554979918DAC4ACA06060AA0E734015995DE04C84B5625E54536B22A291B1828809ED30464557A13202F59959417D9C8AAA46C60A0007A4E139055E94D80BC6455525E6423AB92B2818102E8394D4056A53701F292554979918DAC4ACA06060AA0E734015995DE04C84B5625E54536B22A291B1828809ED30464557A13202F59959417D9C8AAA46C60A0007A4E139055E94D80BC6455525E6423AB92B2818102E8B923478E5CBE78F1E28ACD484DBF9AF7E1574D13F066FD1E2591979C4ACB8B6CE4545A363050003D77F4E8D15F9D3E7D7AC586A4A65FBFF8C52FEE6F9A8067EBF72889BCE4545A5E6423A7D2B2818102E8B9C71F7FFCE34F3EF9E48553A74E9DF1AF8BB3A9E6FFFBA9975F7EF95F9A06E0974D7DAC7E8F92C8CBEC2B352FB231FB4ACD06060A6013281B4FF9D7ACA6DE2A3F77DBB5BAEFBEFB0665B1AE6FEF5095FFEFE5FF7F271A80F23A975F6F27F3D2838ACD4B794DCBAF4D366653B1D9D8EC0C1400E19A85FA098B3500A9EC5100C19A45FA86B2502FD70DF5FD00306B060A8060C3AB13CBF5447D3F00CC9A810220547575C2550A0022192800425557275CA5002092810220D02A57275CA500208E810220D02A57275CA500208E8102204CB902D13244D47543FD3C009805030540987205A26580A8CB550A00221828003AC0620D402A7B14400758AC0148658F02E8008B3500A9EC51001D60B10620953D0AA0032CD600A4B247017480C51A8054F628800EB0580390CA1E05D001166B0052D9A3003AC0620D402A7B14400758AC0148658F02E8008B3500A9EC51001D60B10620953D0AA0032CD600A4B247017480C51A8054F628800EB0580390CA1E05D001166B0052D9A3003AC0620D402A7B14400758AC0148658F02E8008B3500A9EC51001D60B10620953D0AA0032CD600A4B247017480C51A8054F628800EB0580390CA1E05D001166B0052D9A3003AC0620D402A7B14400758AC0148658F02E8008B3500A9EC51001D60B10620953D0AA0032CD600A4B247017480C51A8054F628800EB0580390CA1E05D001166B0052D9A3003AC0620D402A7B14400758AC0148658F02E8008B3500A9EC51001D60B10620953D0AA0032CD600A4B247017480C51A8054F628800EB0580390CA1E05D001166B0052D9A3003AC0620D402A7B14400758AC0148658F02E8008B3500A9EC51001D60B10620953D0AA0032CD600A4B247017480C51A8054F628800EB0580390CA1E05D001166B0052D9A3003AC0620D402A7B14400758AC0148658F02E8008B3500A9EC51001D60B10620953D0AA0032CD600A4B247017480C51A8054F628800EB0580390CA1E05D001166B0052D9A3003AC0620D402A7B14400758AC0148658F02E8008B3500A9EC51001D60B10620953D0AA0032CD600A4B247017480C51A8054F628800EB0580390CA1E05D001166B0052D9A3003AC0620D402A7B14400758AC0148658F02E8008B3500A9EC51001D60B10620953D0AA0032CD600A4B247017480C51A8054F628800EB0580390CA1E05D001166B0052D9A3003AA02CD64A29A5546AD5FB16000000000000000000000000000000000000000000000000000000C0BBFC2FD19AE0C140CD5BE30000000049454E44AE426082, 1);
INSERT INTO `ACT_GE_BYTEARRAY` VALUES ('9b7c9c91-e6ec-11ef-9352-cc28aa504d95', 1, 'D:\\Code\\system2\\target\\classes\\processes\\.bpmn20.xml', '9b7c9c90-e6ec-11ef-9352-cc28aa504d95', 0x3C3F786D6C2076657273696F6E3D22312E302220656E636F64696E673D225554462D38223F3E0A3C646566696E6974696F6E7320786D6C6E733D22687474703A2F2F7777772E6F6D672E6F72672F737065632F42504D4E2F32303130303532342F4D4F44454C2220786D6C6E733A7873693D22687474703A2F2F7777772E77332E6F72672F323030312F584D4C536368656D612D696E7374616E63652220786D6C6E733A7873643D22687474703A2F2F7777772E77332E6F72672F323030312F584D4C536368656D612220786D6C6E733A666C6F7761626C653D22687474703A2F2F666C6F7761626C652E6F72672F62706D6E2220786D6C6E733A62706D6E64693D22687474703A2F2F7777772E6F6D672E6F72672F737065632F42504D4E2F32303130303532342F44492220786D6C6E733A6F6D6764633D22687474703A2F2F7777772E6F6D672E6F72672F737065632F44442F32303130303532342F44432220786D6C6E733A6F6D6764693D22687474703A2F2F7777772E6F6D672E6F72672F737065632F44442F32303130303532342F44492220747970654C616E67756167653D22687474703A2F2F7777772E77332E6F72672F323030312F584D4C536368656D61222065787072657373696F6E4C616E67756167653D22687474703A2F2F7777772E77332E6F72672F313939392F585061746822207461726765744E616D6573706163653D22687474703A2F2F7777772E666C6F7761626C652E6F72672F70726F6365737364656622206578706F727465723D22466C6F7761626C65204F70656E20536F75726365204D6F64656C657222206578706F7274657256657273696F6E3D22362E382E30223E0A20203C70726F636573732069643D22617373657443616C6C22206E616D653D22E8B584E4BAA7E8B083E794A8E6B581E7A88B2220697345786563757461626C653D2274727565223E0A202020203C646F63756D656E746174696F6E3EE8B584E4BAA7E8B083E794A8E6B581E7A88B3C2F646F63756D656E746174696F6E3E0A202020203C73746172744576656E742069643D2273746172744576656E74312220666C6F7761626C653A666F726D4669656C6456616C69646174696F6E3D2274727565222F3E0A202020203C757365725461736B2069643D227369642D32384634363439432D323739302D343536312D384137462D39413831423044373445384522206E616D653D22E794A8E688B7E794B3E8AFB72220666C6F7761626C653A61737369676E65653D22247B7573657249647D2220666C6F7761626C653A666F726D4669656C6456616C69646174696F6E3D2274727565223E0A2020202020203C657874656E73696F6E456C656D656E74733E0A20202020202020203C6D6F64656C65723A696E69746961746F722D63616E2D636F6D706C65746520786D6C6E733A6D6F64656C65723D22687474703A2F2F666C6F7761626C652E6F72672F6D6F64656C6572223E3C215B43444154415B66616C73655D5D3E3C2F6D6F64656C65723A696E69746961746F722D63616E2D636F6D706C6574653E0A2020202020203C2F657874656E73696F6E456C656D656E74733E0A202020203C2F757365725461736B3E0A202020203C73657175656E6365466C6F772069643D227369642D44373945383533322D373936462D343541332D393932412D3738454346313837323746302220736F757263655265663D2273746172744576656E743122207461726765745265663D227369642D32384634363439432D323739302D343536312D384137462D394138314230443734453845222F3E0A202020203C757365725461736B2069643D226C6561646572417070726F76616C22206E616D653D22E9A286E5AFBCE5AEA1E6A0B82220666C6F7761626C653A61737369676E65653D22247B6C656164657249647D2220666C6F7761626C653A666F726D4669656C6456616C69646174696F6E3D2274727565223E0A2020202020203C657874656E73696F6E456C656D656E74733E0A20202020202020203C666C6F7761626C653A657865637574696F6E4C697374656E6572200A202020202020202020206576656E743D22737461727422200A20202020202020202020636C6173733D22636F6D2E70726F6A6563742E73797374656D322E6C697374656E65722E4C656164657256616C69646174696F6E4C697374656E6572222F3E0A2020202020203C2F657874656E73696F6E456C656D656E74733E0A202020203C2F757365725461736B3E0A202020203C73657175656E6365466C6F772069643D227369642D35443634344145412D394238452D344135342D423641312D3346333643453939354545422220736F757263655265663D227369642D32384634363439432D323739302D343536312D384137462D39413831423044373445384522207461726765745265663D226C6561646572417070726F76616C223E0A2020202020203C657874656E73696F6E456C656D656E74733E0A20202020202020203C666C6F7761626C653A657865637574696F6E4C697374656E657220636C6173733D22636F6D2E70726F6A6563742E73797374656D322E6C697374656E65722E50726F636573735374617475734C697374656E657222206576656E743D2274616B65222F3E0A2020202020203C2F657874656E73696F6E456C656D656E74733E0A202020203C2F73657175656E6365466C6F773E0A202020203C6578636C7573697665476174657761792069643D227369642D36354245334639392D384445442D343833462D393246332D413344333446353144414333222F3E0A202020203C73657175656E6365466C6F772069643D227369642D43313842354431352D373430432D343035382D383034452D3241383933373944394546352220736F757263655265663D227369642D44373643303439432D353341382D343446302D384131432D39333044394436383531333222207461726765745265663D227369642D36354245334639392D384445442D343833462D393246332D413344333446353144414333222F3E0A202020203C656E644576656E742069643D227369642D43333037363846432D343331452D343238422D383439392D463538343244354437333541223E0A2020202020203C657874656E73696F6E456C656D656E74733E0A20202020202020203C666C6F7761626C653A657865637574696F6E4C697374656E65722064656C656761746545787072657373696F6E3D22247B70726F636573735374617475734C697374656E65727D22206576656E743D22656E64222F3E0A2020202020203C2F657874656E73696F6E456C656D656E74733E0A202020203C2F656E644576656E743E0A202020203C73657175656E6365466C6F772069643D227369642D30414239423441322D433946302D344431372D384543462D3830373342373845413236442220736F757263655265663D227369642D36354245334639392D384445442D343833462D393246332D41334433344635314441433322207461726765745265663D227369642D32384634363439432D323739302D343536312D384137462D394138314230443734453845222F3E0A202020203C757365725461736B2069643D227369642D44373643303439432D353341382D343446302D384131432D39333044394436383531333222206E616D653D22E9A286E5AFBCE5AEA1E6A0B82220666C6F7761626C653A61737369676E65653D22247B6C656164657249647D2220666C6F7761626C653A666F726D4669656C6456616C69646174696F6E3D2274727565223E0A2020202020203C657874656E73696F6E456C656D656E74733E0A20202020202020203C6D6F64656C65723A696E69746961746F722D63616E2D636F6D706C65746520786D6C6E733A6D6F64656C65723D22687474703A2F2F666C6F7761626C652E6F72672F6D6F64656C6572223E3C215B43444154415B66616C73655D5D3E3C2F6D6F64656C65723A696E69746961746F722D63616E2D636F6D706C6574653E0A20202020202020203C666C6F7761626C653A666F726D50726F70657274792069643D22617070726F7665526573756C74222F3E0A2020202020203C2F657874656E73696F6E456C656D656E74733E0A202020203C2F757365725461736B3E0A202020203C73657175656E6365466C6F772069643D227369642D46303430313030312D454436322D344237322D393438372D4339443437313337373442452220736F757263655265663D226C6561646572417070726F76616C22207461726765745265663D227369642D44373643303439432D353341382D343446302D384131432D393330443944363835313332222F3E0A202020203C73657175656E6365466C6F772069643D227369642D43414146304339422D363639302D343636312D383431342D3431453231454338333241312220736F757263655265663D227369642D36354245334639392D384445442D343833462D393246332D41334433344635314441433322207461726765745265663D227369642D43333037363846432D343331452D343238422D383439392D463538343244354437333541222F3E0A202020203C73657175656E6365466C6F772069643D227369642D32323134313832332D323530612D346530332D613133302D6538376666316630663033392220736F757263655265663D227369642D32384634363439432D323739302D343536312D384137462D39413831423044373445384522207461726765745265663D226C6561646572417070726F76616C222F3E0A20203C2F70726F636573733E0A20203C62706D6E64693A42504D4E4469616772616D2069643D2242504D4E4469616772616D5F617373657443616C6C223E0A202020203C62706D6E64693A42504D4E506C616E652062706D6E456C656D656E743D22617373657443616C6C222069643D2242504D4E506C616E655F617373657443616C6C223E0A2020202020203C62706D6E64693A42504D4E53686170652062706D6E456C656D656E743D2273746172744576656E7431222069643D2242504D4E53686170655F73746172744576656E7431223E0A20202020202020203C6F6D6764633A426F756E6473206865696768743D2233302E30222077696474683D2233302E302220783D223130302E302220793D223136332E30222F3E0A2020202020203C2F62706D6E64693A42504D4E53686170653E0A2020202020203C62706D6E64693A42504D4E53686170652062706D6E456C656D656E743D227369642D32384634363439432D323739302D343536312D384137462D394138314230443734453845222069643D2242504D4E53686170655F7369642D32384634363439432D323739302D343536312D384137462D394138314230443734453845223E0A20202020202020203C6F6D6764633A426F756E6473206865696768743D2238302E30222077696474683D223130302E302220783D223137352E302220793D223133382E30222F3E0A2020202020203C2F62706D6E64693A42504D4E53686170653E0A2020202020203C62706D6E64693A42504D4E53686170652062706D6E456C656D656E743D226C6561646572417070726F76616C222069643D2242504D4E53686170655F6C6561646572417070726F76616C223E0A20202020202020203C6F6D6764633A426F756E6473206865696768743D2238302E30222077696474683D223130302E302220783D223331352E302220793D223133382E30222F3E0A2020202020203C2F62706D6E64693A42504D4E53686170653E0A2020202020203C62706D6E64693A42504D4E53686170652062706D6E456C656D656E743D227369642D36354245334639392D384445442D343833462D393246332D413344333446353144414333222069643D2242504D4E53686170655F7369642D36354245334639392D384445442D343833462D393246332D413344333446353144414333223E0A20202020202020203C6F6D6764633A426F756E6473206865696768743D2234302E30222077696474683D2234302E302220783D223633302E302220793D223135382E30222F3E0A2020202020203C2F62706D6E64693A42504D4E53686170653E0A2020202020203C62706D6E64693A42504D4E53686170652062706D6E456C656D656E743D227369642D43333037363846432D343331452D343238422D383439392D463538343244354437333541222069643D2242504D4E53686170655F7369642D43333037363846432D343331452D343238422D383439392D463538343244354437333541223E0A20202020202020203C6F6D6764633A426F756E6473206865696768743D2232382E30222077696474683D2232382E302220783D223735302E302220793D223130352E30222F3E0A2020202020203C2F62706D6E64693A42504D4E53686170653E0A2020202020203C62706D6E64693A42504D4E53686170652062706D6E456C656D656E743D227369642D44373643303439432D353341382D343446302D384131432D393330443944363835313332222069643D2242504D4E53686170655F7369642D44373643303439432D353341382D343446302D384131432D393330443944363835313332223E0A20202020202020203C6F6D6764633A426F756E6473206865696768743D2238302E30222077696474683D223130302E302220783D223435302E302220793D223133382E30222F3E0A2020202020203C2F62706D6E64693A42504D4E53686170653E0A2020202020203C62706D6E64693A42504D4E456467652062706D6E456C656D656E743D227369642D30414239423441322D433946302D344431372D384543462D383037334237384541323644222069643D2242504D4E456467655F7369642D30414239423441322D433946302D344431372D384543462D3830373342373845413236442220666C6F7761626C653A736F75726365446F636B6572583D2232302E352220666C6F7761626C653A736F75726365446F636B6572593D2232302E352220666C6F7761626C653A746172676574446F636B6572583D2235302E302220666C6F7761626C653A746172676574446F636B6572593D2237392E30223E0A20202020202020203C6F6D6764693A776179706F696E7420783D223635302E352220793D223139372E3434323230383035393231303537222F3E0A20202020202020203C6F6D6764693A776179706F696E7420783D223635302E352220793D223330302E30222F3E0A20202020202020203C6F6D6764693A776179706F696E7420783D223232352E302220793D223330302E30222F3E0A20202020202020203C6F6D6764693A776179706F696E7420783D223232352E302220793D223231372E3935303030303030303030303032222F3E0A2020202020203C2F62706D6E64693A42504D4E456467653E0A2020202020203C62706D6E64693A42504D4E456467652062706D6E456C656D656E743D227369642D43414146304339422D363639302D343636312D383431342D343145323145433833324131222069643D2242504D4E456467655F7369642D43414146304339422D363639302D343636312D383431342D3431453231454338333241312220666C6F7761626C653A736F75726365446F636B6572583D2232302E352220666C6F7761626C653A736F75726365446F636B6572593D2232302E352220666C6F7761626C653A746172676574446F636B6572583D2231342E302220666C6F7761626C653A746172676574446F636B6572593D2231342E30223E0A20202020202020203C6F6D6764693A776179706F696E7420783D223635302E352220793D223135382E35222F3E0A20202020202020203C6F6D6764693A776179706F696E7420783D223635302E352220793D223131392E30222F3E0A20202020202020203C6F6D6764693A776179706F696E7420783D223735302E302220793D223131392E30222F3E0A2020202020203C2F62706D6E64693A42504D4E456467653E0A2020202020203C62706D6E64693A42504D4E456467652062706D6E456C656D656E743D227369642D46303430313030312D454436322D344237322D393438372D433944343731333737344245222069643D2242504D4E456467655F7369642D46303430313030312D454436322D344237322D393438372D4339443437313337373442452220666C6F7761626C653A736F75726365446F636B6572583D2235302E302220666C6F7761626C653A736F75726365446F636B6572593D2234302E302220666C6F7761626C653A746172676574446F636B6572583D2235302E302220666C6F7761626C653A746172676574446F636B6572593D2234302E30223E0A20202020202020203C6F6D6764693A776179706F696E7420783D223431342E39353030303030303030303030352220793D223137382E30222F3E0A20202020202020203C6F6D6764693A776179706F696E7420783D223435302E302220793D223137382E30222F3E0A2020202020203C2F62706D6E64693A42504D4E456467653E0A2020202020203C62706D6E64693A42504D4E456467652062706D6E456C656D656E743D227369642D44373945383533322D373936462D343541332D393932412D373845434631383732374630222069643D2242504D4E456467655F7369642D44373945383533322D373936462D343541332D393932412D3738454346313837323746302220666C6F7761626C653A736F75726365446F636B6572583D2231352E302220666C6F7761626C653A736F75726365446F636B6572593D2231352E302220666C6F7761626C653A746172676574446F636B6572583D2235302E302220666C6F7761626C653A746172676574446F636B6572593D2234302E30223E0A20202020202020203C6F6D6764693A776179706F696E7420783D223132392E393439393938343839393537362220793D223137382E30222F3E0A20202020202020203C6F6D6764693A776179706F696E7420783D223137342E393939393939393939393931372220793D223137382E30222F3E0A2020202020203C2F62706D6E64693A42504D4E456467653E0A2020202020203C62706D6E64693A42504D4E456467652062706D6E456C656D656E743D227369642D43313842354431352D373430432D343035382D383034452D324138393337394439454635222069643D2242504D4E456467655F7369642D43313842354431352D373430432D343035382D383034452D3241383933373944394546352220666C6F7761626C653A736F75726365446F636B6572583D2239392E302220666C6F7761626C653A736F75726365446F636B6572593D2234302E302220666C6F7761626C653A746172676574446F636B6572583D2232302E352220666C6F7761626C653A746172676574446F636B6572593D2232302E35223E0A20202020202020203C6F6D6764693A776179706F696E7420783D223534392E39352220793D223137382E3030343638222F3E0A20202020202020203C6F6D6764693A776179706F696E7420783D223633302E34303039393030393930312220793D223137382E34303039393030393930303939222F3E0A2020202020203C2F62706D6E64693A42504D4E456467653E0A2020202020203C62706D6E64693A42504D4E456467652069643D22656467652D30336431353037342D306432352D346661632D383338632D336666336161363132306435222062706D6E456C656D656E743D227369642D32323134313832332D323530612D346530332D613133302D653837666631663066303339223E0A20202020202020203C6F6D6764693A776179706F696E7420783D223237352E302220793D223137382E30222F3E0A20202020202020203C6F6D6764693A776179706F696E7420783D223331352E302220793D223137382E30222F3E0A2020202020203C2F62706D6E64693A42504D4E456467653E0A202020203C2F62706D6E64693A42504D4E506C616E653E0A20203C2F62706D6E64693A42504D4E4469616772616D3E0A3C2F646566696E6974696F6E733E0A, 0);
INSERT INTO `ACT_GE_BYTEARRAY` VALUES ('9b97ecc2-e6ec-11ef-9352-cc28aa504d95', 1, 'D:\\Code\\system2\\target\\classes\\processes\\.assetCall.png', '9b7c9c90-e6ec-11ef-9352-cc28aa504d95', 0x89504E470D0A1A0A0000000D4948445200000314000001360806000000F878D4850000178749444154785EEDDDDF8F5C677907F0858B0AF55F405CC1FFE1200571C1056AA5DDB5D738E0C4566C624748A42025A0E21A291471D78AAA4D2B94A854512B0512543B2171129C10D380905A129A106C07D2604CFC2326082738F1F4BCEE0E9DBC7BD69E9D5DCF7CCFD9CF477AB4D9F971CE28F3D5FB3E8FCFEEECDC1C000000000000000000000000000000000000000000000000000000000000000000000000000000000000000000000000000000000000000000000000000000000000000000000000000000000000000000000000000000000000000000000000000000000000000000000000000000000000000000000000000000000000000000000000000000000000000000000000000000000000000000000000000000000000000000000000000000000000000000000000000000000000000000000000000000000000000000000000000000000000000000000000000000000000000000000000000000000000000000000000000000000000000000000000000000000000000000000000000000000000000000000000000000000000000000000000000000000000000000000000000000000000000000000000000000000000000074DCFCFCFCFBB76EDDBA677171F1A1E6EBB34DBDD2D460F9EBB3CBB7EF298FAB9F0B00006C520B0B0B1F6E0685A3CBC3C3B875B43CAF3E160000B0492C2E2E7EB0190C0EB70C0B6BA9C3E538F5B10100801E5B5858B871DBB66DAF8F0E073B76EC18DC7DF7DD8323478E0C8E1F3F3E387BF6ECA0285FCBF7E5F6727F795C35549C2BC7ABCF010000F4503300DCDC0C136F0F0782EDDBB70FEEB9E79EC1F9F3E7AF0C10D7521E571E5F9E3732545C2AC7ADCF050000F4C8F295893F0E13FBF6ED1B9C3C79B29E19C6529E579E3F3A54B8520100003D353F3FFFA1A5A5A5F3C301E0AEBBEE1A5CB870A19E13D6A43CBF1C6764A8385BCE539F1B0000E8B8A6D93F347A6562BDC3C450394E75A5E2507D6E0000A0C3963F1AF68FBF3331E98F39ADA61C6FF4772A7CA42C0000F448D3E43F356CF6CB2F545F0FE5B82357299EAA5F03000010A669DC9F68EA86FAF651CB7F01FB7269F4CB47BE8EFB694E6B558E3BF291B297FD456D00000837724560D5C162717171EFF0715FF9CA57EA39604395E30FCF55CE5BBF16000020C8C840B1EA60D17CFFC0F0FEC71E7BAC9E01365439FEC86B7960F475000000615A068A158345F3F587C3DB4F9C3851CF001BAA1C7FE435FCB07AB9000040929641A2AE32589C197E7FEEDCB97A06D850E5F823E77EB57EBD0000309696C65605D4A54B97EA19604395E38F9CEFCD3A1700003096D250D6B7B1F1EA8161A49ED8FAFF3FF2F4EAF07657280000E80403C5745C6D9018798CDFA10000A05B0C14D371B5416268AB4F790200A06B0C14D371B54162C8DFA10000A0730C1439A6F997B23FF1894F5C394F399FBF940D00C0C40C14599AF7E3A9E195837BEEB9A79E05364439EEF01CE57CF56B000080B11928B22C2C2C7C78D8EC6FDFBE7D70F2E4C97A1E589772BCA5A5A5E1D58941395FFD1A0000606C068A3CCD7B7268D8F0EFDBB76F70E1C2857A2E984839CE6DB7DDF6CEC8D58943F5B90100604D0C1479E6E7E73FD4BC2F67878DFF5D77DDB5EEA1A23CFFCE3BEFFCE3958972FC729EFADC0000B026068A4C0B0B0B3736EFCDA5D12B1593FEF853795E7565E252397E7D4E000058330345AEE6BDB97974A828BF53517EA17ADC4F7F2A8F2B8F1FFD9D89E5E3DD5C9F0B00002662A0C8B67CA5E2DCC84070E52365EFBEFBEEC191234706C78F1F1F9C3D7BF6CA0051BE96EFCBEDE5FE918F861DD63957260000D850068A7C8B8B8B1F6CDEA7C3D570B0D63A5C8E531F1B0000D6A5349BF56D645AFE48D9A32DC3C2D5EAA88F860500E0BA315074CFF25FD4DEB3B8B8F850F3F5D9A65E591E1ECAD767976FDFE32F60030070DD1928000080891928000080891928805E1B0C067F72E2C4897F3D76ECD81FCA47A03DFAE8A36ACAD5FC7FBF7CF4E8D15F3DFEF8E31FAFDF9F34F232FB4ACD8B6CCCBE52B3818102E8B9A601F8B766031A9C3E7D7A70F1E2C5C15B6FBDA5A65CE5FF7BF9FFFFE4934F5E689A828FD5EF511279997DA5E64536665FA9D9C04001F45CF9D7C4B201D51B939A7E9D3A75EA4CD3043C5BBF4749E425A7D2F2221B3995960D0C1440CF951F4DF0AF891955DE87A60978B37E8F92C84B4EA5E54536722A2D1B1828809E2B3F775B6F466A7655DE8FFA3D4A222F59959417D9C8AAA46C60A0007A6EDC26E077AF9F1A9CF8E13706CF3FF65757AAFC77B9AD7E9C5A5FA53701F292554979918DAC4ACA06060AA0E7C66902DE38FFEAE0B947BE38F8CF7FFF8B7755B9ADDC573F5E4D5EE94D80BC6455525E6423AB92B2818102E8B9719A80579E7F68450330ACFF79FE3B2B1EAF26AFF426405EB22A292FB2915549D9C04001F4DC384DC07F3FF1D72B36FF6195FBEAC7ABC92BBD099097AC4ACA8B6C645552363050003D374E13F0DCA35F5AB1F90FABDC573F5E4D5EE94D80BC6455525E6423AB92B2818102E8394D4056A53701F292554979918DAC4ACA06060AA0E7C66902CA27B1D49BFFB0CA7DF5E3D5E495DE04C84B5625E54536B22A291B1828809E1BA70978E9FB7FBB62F31F56B9AF7EBC9ABCD29B0079C9AAA4BCC846562565030305D073E33401675FFDAFC173DFFDCB150D40B9ADDC573F5E4D5EE94D80BC6455525E6423AB92B2818102E8B9719A8052277F74DF8A26A0DC563F4EADAFD29B0079C9AAA4BCC846562565030305D0736335016FBE3978E999BF5BD10494DBCA7D2B1EAF26AEF426405EB22A292FB2915549D9C04001F4DCB59A80F2D76B7FF6FDBF59D1000CABDCE72FDC6E5CA53701F292554979918DAC4ACA06060AA0E7566D02DE7C7370EAA5C7073F79F8CE151B7F5DE531E5B1FE8571FD95DE04C84B5625E54536B22A291B1828809E6B6B02AEF52F89AB957F615C7FA53701F292554979918DAC4ACA06060AA0E7DA9A8071FE2571B52ACFAD8FA7C6AFF426405EB22A292FB2915549D9C04001F45C5B13506FEC6BADFA786AFC4A6F02E425AB92F2221B5995940DE6B62C0F145BEA3B007AA1AD0950B3ABF426405EB22A292FB2915549D9D8E4CA1071BAA93B96BF1A2A80FED10464557A13202F59959417D9C8AAA46C6C62C361623844D4DF03F4832620ABD29B0079C9AAA4BCC84656256563935A6D7858ED7680EED20464557A13202F59959417D9C8AAA46C6C42D71A1AAE753FD01583C1E0BDC78E1DFBF3FBEEBBEFBB070E1C38F3F9CF7FFEE2DEBD7B2F975F9CDAB367CFA53BEEB8E3B7CD6D3F3F78F0E0D776EEDCF981FAF97DA109C8AAF426405EB22A292FB2915549D9D864C61D16C67D1C90A81924DEF7F0C30FFFC317BFF8C53FECDAB56BF0F5AF7F7DF0831FFC6070FCF8F1C1D9B3670745F95ABE2FB797FB6FB9E59677F6EFDF7F62F7EEDD1FAD8FD7759A80AC4A6F02E425AB92F2221B5995948D4D64AD43C25A1F0F24680684DB0E1E3C78F1339FF9CCE0D8B1638377DE79E7CA00712DE571E5F1B7DF7EFBA54F7FFAD33F5E5C5CFC607DECAED20464557A13202F59959417D9C8AAA46C6C12930E07933E0F98B6662678CF238F3CF2CD5B6FBD7570E8D0A1C1DB6FBF5DCF0C6329CF2BCFFFD4A73EF5BB6DDBB67DA43E4F176902B22ABD099097AC4ACA8B6C645552363681F50E05EB7D3E70BD3573C07B1E78E081FFD8BB77EFE085175EA867848994E3ECDAB5EBF74B4B4BB7D4E7EB1A4D4056A53701F292554979918DAC4ACA46CF6DD430B051C701AE87726562CF9E3D83D3A74FD773C1BA94E3EDDCB9F38D8585851BEB7376892620ABD29B0079C9AAA4BCC846562565A3C7367A08D8E8E3011BE199679EB9AD0C131B7565A2D61CF7F24D37DD747E7E7EFE43F5B9BB42139055E94D80BC6455525E6423AB92B2D15375F3FF9EA63EB9FC752DEAE7D5C70566A9E9F7DFF7E52F7FF962F99D87EBE9C1071F3CBFB4B4F4707DFEAED00464557A13202F59959417D9C8AAA46CF450DDF49761E09F9A2AFFCFCBD771878AD59E571F1F9895C3870FFF7DF934A7497F017B5CE5F8BB76ED7A6D6161E1C3F56BE8024D4056A53701F292554979918DAC4ACA46CFB435FB9F9CFBBFA16058E30C15A3C3C4B06E1AB9BFED3CC034357DFE7BBFF0852FFCA17CD4EB343CFDF4D3AF6FDDBAF5A9FA7574812620ABD29B0079C9AAA4BCC846562565A347566BF2DB8683AB0D156D8FFFC7E5DB47AD763E601A9E79E6993FDBBD7BF7D87F6762BDCA79B66FDFFEFAFCFCFCFBEBD7322BCD80F3445337D4B7D734015935AB26405EBA59D3C88B6C74B3A6918D2E1A37CF2DAED5DCB70D096D4345DBE3DA8689A16B9D17B85EEEBDF7DE47CB5FB89EA603070E3CB7B8B8B8B77E2DB3D22C9883E5BAEAE2A909C8AA593501F2D2CD9A465E64A39B358D6C74D1B879AE8CDBD4B70D0BA34345DBFD571B2686C63D3FB0910E1E3CF8DAB47EDC69E8B1C71E7BBE599C1EA85FCBAC8C2C9A575D3C35015935AB26405EBA59D3C88B6C74B3A6918D2E1A37CF23D6DACCB70D0DE5FBF7B6DC3ECE3031B4D6D701ACD7E73EF7B98B274E9CA87BFEEBEAC5175F7CB959947E58BF96596959345B174F4D4056CDAA0968C989BC74A0A69197964CC846076A1AD9E8A2961CB7E679D9A44D7CDB50F162F5FD5A8689A1495F0F30893D7BF65C3E77EE5CDDF35F5767CF9E7DA3598C5EAD5FCBACB42C96755D593C35015935AB26A0251F75C94B604D232F2D59A84B36026B1AD9E8A296FCD67525CF73EB6FDEDB868AF50C1343EB7D5DC0B876ECD831B874E952DDF35F57CDF97EDBB230C5972620ABEAF727ADE425ABEAF76796251B5955BF3F6AEDD5B41377D4FDC51A951F73AAAF4C94EFCBEDEB515E57192AFEB4BE03D840B7DE7AEBA5695FA178EDB5D77EBEB51B57289ED8EAC714626B56FFAAD8921379E9404D232F2D99908D0ED434B2D1452D396ECDF3DCFAAF045CED0A45DBA73F8D6BBDAF0B18D7673FFBD9DF4EFB77287EFAD39FFE686BF6EF50D48BE515694DC0DCCA85F74A4DEBFE59D7AC9A007999ECFE59D734F2221B93DD3FEB9A4636BA68DC3C2FDB323759F3DE364CD4572A26192A267D3DC024EEBCF3CE9F4DFB539EBEF5AD6F3DB435F3539EAEB65846360157BBED7ADF3FEB9A5513202F93DD3FEB9A465E6463B2FB675DD3C846178D9BE7115BE6D6D6C4B70D13E57726DA3EE5692D43C55A5F07B05E070E1CF8DAB4FF0EC5BE7DFB0E85FD1D8AB1164B4D40FB6DB3AA593501F232D9FDB3AE69E4453626BB7FD6358D6C74D1B879AE6C991BAF995F6D98B8DADFA11867A818F7FCC046DAB973E70776EDDAF5CE14FF52F6AF9B05EAB5A4BF943D2E4D40FB6DB3AAF426405EDA6F9B5525E54536DA6F9B552565A327B6CC5DBDA96F1B16DA3ECDA9ED71571B2AAE755EE07ADABF7FFFC969FDD8D3FDF7DFFFCFCD40F154FD1ABA4013D07EDBAC2ABD099097F6DB66554979918DF6DB665549D9E8912D73EDCD7DDB90D0364C0CB53DBE6DA858ED7CC0B4ECDEBDFBA3B7DF7EFBA5B7DF7EBBEEFF375473FC579A61E2A58585850FD7AFA10B3401EDB7CDAAD29B007969BF6D56959417D968BF6D5695948D9ED932B7B2C9FF645357DEFFE5BADA3031D43654DC34727FDB798059D8B76FDF8F0F1D3A74B91E0236D0E5AF7EF5ABDF68068A43F5B9BB4213D07EDBAC2ABD099097F6DB66554979918DF6DB665549D9E8A12D73EF6EF6478783718689A1D59E571F1F98A5F9F9F90FEDDCB9F38D175E78A11E0436C4F7BEF7BD7B9B61E254394F7DEEAE486C02DA6A5AF7CFBAD29B007979F7FDB3AEA4BCC8C6BBEF9F752565A3A7B6CCAD1C2ACA1586718789A1FA79F5718104DBB66DFBC8CD37DFFCFBD3A74FD7F3C0BABCFCF2CBDF6986895F2D2C2CDC589FB34BD29A80CD5EE94D80BC6455525E6423AB92B2D1631BDDFC6FF4F1808DB4B4B474CBCE9D3B7FBB51572A96AF4CBCDAD4CDF5B9BA46139055E94D80BC6455525E6423AB92B2D1731B35046CD47180EBA95C49D8B163C7F9071F7CF0FCA4BFA85D7E017BF977267EDDF52B13439A80AC4A6F02E425AB92F2221B5995948D4D60BDC3C07A9F0F4CD3E2E2E2079796961ED9B56BD76B4F3FFDF4EBE3FE9D8AE671A7EFBFFFFE6F964F736AEA70394E7DECAED20464557A13202F59959417D9C8AAA46C6C12930E05933E0F98B5F211AFCD607074FBF6ED17BEF4A52FFDE4C89123CFBDF8E28BBF3C73E6CCEF9AF9E18DDFFCE637279E7FFEF91F7DFBDBDF7E70FFFEFD879BC79E298FEFEA47C35E8D2620ABD29B0079C9AAA4BCC846562565631359EB70B0D6C70389CA5FB66E06853D8B8B8B0F355F9F6DAAFC4D89C1F2D767976FDFD3C5BF803D2E4D4056A53701F292554979918DAC4ACAC62633EE9030EEE300F26902B22ABD099097AC4ACA8B6C6455523636A16B0D0BD7BA1FA05B34015995DE04C84B5625E54536B22A291B9BD46A43C36AB70374972620ABD29B0079C9AAA4BCC8465625656313AB8787FA7B807ED00464557A13202F59959417D9C8AAA46C6C72C321E28EE5AF8609A07F34015995DE04C84B5625E54536B22A291BCC6D291FF852BED67700F4822620ABD29B0079C9AAA4BCC84656256583B9B9E58102A09F34015995DE04C84B5625E54536B22A291B1828809ED30464557A13202F59959417D9C8AAA46C60A0007A4E139055E94D80BC6455525E6423AB92B2818102E8394D4056A53701F292554979918DAC4ACA06060AA0E734015995DE04C84B5625E54536B22A291B1828809ED30464557A13202F59959417D9C8AAA46C60A0007A4E139055E94D80BC6455525E6423AB92B2818102E8394D4056A53701F292554979918DAC4ACA06060AA0E734015995DE04C84B5625E54536B22A291B1828809ED30464557A13202F59959417D9C8AAA46C60A0007A4E139055E94D80BC6455525E6423AB92B2818102E8394D4056A53701F292554979918DAC4ACA06060AA0E734015995DE04C84B5625E54536B22A291B1828809ED30464557A13202F59959417D9C8AAA46C60A0007A4E139055E94D80BC6455525E6423AB92B2818102E8B923478E5CBE78F1E28ACD484DBF9AF7E1574D13F066FD1E2591979C4ACB8B6CE4545A363050003D77F4E8D15F9D3E7D7AC586A4A65FBFF8C52FEE6F9A8067EBF72889BCE4545A5E6423A7D2B2818102E8B9C71F7FFCE34F3EF9E48553A74E9DF1AF8BB3A9E6FFFBA9975F7EF95F9A06E0974D7DAC7E8F92C8CBEC2B352FB231FB4ACD06060A6013281B4FF9D7ACA6DE2A3F77DBB5BAEFBEFB0665B1AE6FEF5095FFEFE5FF7F271A80F23A975F6F27F3D2838ACD4B794DCBAF4D366653B1D9D8EC0C1400E19A85FA098B3500A9EC5100C19A45FA86B2502FD70DF5FD00306B060A8060C3AB13CBF5447D3F00CC9A810220547575C2550A0022192800425557275CA5002092810220D02A57275CA500208E810220D02A57275CA500208E8102204CB902D13244D47543FD3C009805030540987205A26580A8CB550A00221828003AC0620D402A7B14400758AC0148658F02E8008B3500A9EC51001D60B10620953D0AA0032CD600A4B247017480C51A8054F628800EB0580390CA1E05D001166B0052D9A3003AC0620D402A7B14400758AC0148658F02E8008B3500A9EC51001D60B10620953D0AA0032CD600A4B247017480C51A8054F628800EB0580390CA1E05D001166B0052D9A3003AC0620D402A7B14400758AC0148658F02E8008B3500A9EC51001D60B10620953D0AA0032CD600A4B247017480C51A8054F628800EB0580390CA1E05D001166B0052D9A3003AC0620D402A7B14400758AC0148658F02E8008B3500A9EC51001D60B10620953D0AA0032CD600A4B247017480C51A8054F628800EB0580390CA1E05D001166B0052D9A3003AC0620D402A7B14400758AC0148658F02E8008B3500A9EC51001D60B10620953D0AA0032CD600A4B247017480C51A8054F628800EB0580390CA1E05D001166B0052D9A3003AC0620D402A7B14400758AC0148658F02E8008B3500A9EC51001D60B10620953D0AA0032CD600A4B247017480C51A8054F628800EB0580390CA1E05D001166B0052D9A3003AC0620D402A7B14400758AC0148658F02E8008B3500A9EC51001D60B10620953D0AA0032CD600A4B247017480C51A8054F628800EB0580390CA1E05D001166B0052D9A3003AC0620D402A7B14400758AC0148658F02E8008B3500A9EC51001D60B10620953D0AA0032CD600A4B247017480C51A8054F628800EB0580390CA1E05D001166B0052D9A3003AC0620D402A7B14400758AC0148658F02E8008B3500A9EC51001D60B10620953D0AA0032CD600A4B247017480C51A8054F628800EB0580390CA1E05D001166B0052D9A3003AA02CD64A29A5546AD5FB16000000000000000000000000000000000000000000000000000000C0BBFC2FD19AE0C140CD5BE30000000049454E44AE426082, 1);
INSERT INTO `ACT_GE_BYTEARRAY` VALUES ('a17e8dee-e883-11ef-a646-cc28aa504d95', 1, 'D:\\Code\\system2\\target\\classes\\processes\\.bpmn20.xml', 'a17e8ded-e883-11ef-a646-cc28aa504d95', 0x3C3F786D6C2076657273696F6E3D22312E302220656E636F64696E673D225554462D38223F3E0A3C646566696E6974696F6E7320786D6C6E733D22687474703A2F2F7777772E6F6D672E6F72672F737065632F42504D4E2F32303130303532342F4D4F44454C2220786D6C6E733A7873693D22687474703A2F2F7777772E77332E6F72672F323030312F584D4C536368656D612D696E7374616E63652220786D6C6E733A7873643D22687474703A2F2F7777772E77332E6F72672F323030312F584D4C536368656D612220786D6C6E733A666C6F7761626C653D22687474703A2F2F666C6F7761626C652E6F72672F62706D6E2220786D6C6E733A62706D6E64693D22687474703A2F2F7777772E6F6D672E6F72672F737065632F42504D4E2F32303130303532342F44492220786D6C6E733A6F6D6764633D22687474703A2F2F7777772E6F6D672E6F72672F737065632F44442F32303130303532342F44432220786D6C6E733A6F6D6764693D22687474703A2F2F7777772E6F6D672E6F72672F737065632F44442F32303130303532342F44492220747970654C616E67756167653D22687474703A2F2F7777772E77332E6F72672F323030312F584D4C536368656D61222065787072657373696F6E4C616E67756167653D22687474703A2F2F7777772E77332E6F72672F313939392F585061746822207461726765744E616D6573706163653D22687474703A2F2F7777772E666C6F7761626C652E6F72672F70726F6365737364656622206578706F727465723D22466C6F7761626C65204F70656E20536F75726365204D6F64656C657222206578706F7274657256657273696F6E3D22362E382E30223E0A20203C70726F636573732069643D22617373657443616C6C22206E616D653D22E8B584E4BAA7E8B083E794A8E6B581E7A88B2220697345786563757461626C653D2274727565223E0A202020203C646F63756D656E746174696F6E3EE8B584E4BAA7E8B083E794A8E6B581E7A88B3C2F646F63756D656E746174696F6E3E0A202020203C73746172744576656E742069643D2273746172744576656E74312220666C6F7761626C653A666F726D4669656C6456616C69646174696F6E3D2274727565222F3E0A202020203C757365725461736B2069643D227369642D32384634363439432D323739302D343536312D384137462D39413831423044373445384522206E616D653D22E794A8E688B7E794B3E8AFB72220666C6F7761626C653A61737369676E65653D22247B7573657249647D2220666C6F7761626C653A666F726D4669656C6456616C69646174696F6E3D2274727565223E0A2020202020203C657874656E73696F6E456C656D656E74733E0A20202020202020203C6D6F64656C65723A696E69746961746F722D63616E2D636F6D706C65746520786D6C6E733A6D6F64656C65723D22687474703A2F2F666C6F7761626C652E6F72672F6D6F64656C6572223E3C215B43444154415B66616C73655D5D3E3C2F6D6F64656C65723A696E69746961746F722D63616E2D636F6D706C6574653E0A2020202020203C2F657874656E73696F6E456C656D656E74733E0A202020203C2F757365725461736B3E0A202020203C73657175656E6365466C6F772069643D227369642D44373945383533322D373936462D343541332D393932412D3738454346313837323746302220736F757263655265663D2273746172744576656E743122207461726765745265663D227369642D32384634363439432D323739302D343536312D384137462D394138314230443734453845222F3E0A202020203C757365725461736B2069643D227369642D45334639343536372D364631442D343644422D384238382D43433139334231453334433022206E616D653D22E9A286E5AFBCE5AEA1E6A0B8312220666C6F7761626C653A61737369676E65653D22247B6C656164657249647D2220666C6F7761626C653A666F726D4669656C6456616C69646174696F6E3D2274727565223E0A2020202020203C657874656E73696F6E456C656D656E74733E0A20202020202020203C6D6F64656C65723A696E69746961746F722D63616E2D636F6D706C65746520786D6C6E733A6D6F64656C65723D22687474703A2F2F666C6F7761626C652E6F72672F6D6F64656C6572223E3C215B43444154415B66616C73655D5D3E3C2F6D6F64656C65723A696E69746961746F722D63616E2D636F6D706C6574653E0A2020202020203C2F657874656E73696F6E456C656D656E74733E0A202020203C2F757365725461736B3E0A202020203C73657175656E6365466C6F772069643D227369642D35443634344145412D394238452D344135342D423641312D3346333643453939354545422220736F757263655265663D227369642D32384634363439432D323739302D343536312D384137462D39413831423044373445384522207461726765745265663D227369642D45334639343536372D364631442D343644422D384238382D434331393342314533344330222F3E0A202020203C6578636C7573697665476174657761792069643D227369642D36354245334639392D384445442D343833462D393246332D413344333446353144414333222F3E0A202020203C73657175656E6365466C6F772069643D227369642D43313842354431352D373430432D343035382D383034452D3241383933373944394546352220736F757263655265663D227369642D44373643303439432D353341382D343446302D384131432D39333044394436383531333222207461726765745265663D227369642D36354245334639392D384445442D343833462D393246332D413344333446353144414333222F3E0A202020203C656E644576656E742069643D227369642D43333037363846432D343331452D343238422D383439392D463538343244354437333541222F3E0A202020203C73657175656E6365466C6F772069643D227369642D30414239423441322D433946302D344431372D384543462D3830373342373845413236442220736F757263655265663D227369642D36354245334639392D384445442D343833462D393246332D41334433344635314441433322207461726765745265663D227369642D32384634363439432D323739302D343536312D384137462D394138314230443734453845223E0A2020202020203C636F6E646974696F6E45787072657373696F6E207873693A747970653D2274466F726D616C45787072657373696F6E223E3C215B43444154415B247B21617070726F7665526573756C747D5D5D3E3C2F636F6E646974696F6E45787072657373696F6E3E0A202020203C2F73657175656E6365466C6F773E0A202020203C757365725461736B2069643D227369642D44373643303439432D353341382D343446302D384131432D39333044394436383531333222206E616D653D22E9A286E5AFBCE5AEA1E6A0B8322220666C6F7761626C653A61737369676E65653D22247B6C656164657249647D2220666C6F7761626C653A666F726D4669656C6456616C69646174696F6E3D2274727565223E0A2020202020203C657874656E73696F6E456C656D656E74733E0A20202020202020203C6D6F64656C65723A696E69746961746F722D63616E2D636F6D706C65746520786D6C6E733A6D6F64656C65723D22687474703A2F2F666C6F7761626C652E6F72672F6D6F64656C6572223E3C215B43444154415B66616C73655D5D3E3C2F6D6F64656C65723A696E69746961746F722D63616E2D636F6D706C6574653E0A2020202020203C2F657874656E73696F6E456C656D656E74733E0A202020203C2F757365725461736B3E0A202020203C73657175656E6365466C6F772069643D227369642D46303430313030312D454436322D344237322D393438372D4339443437313337373442452220736F757263655265663D227369642D45334639343536372D364631442D343644422D384238382D43433139334231453334433022207461726765745265663D227369642D44373643303439432D353341382D343446302D384131432D393330443944363835313332222F3E0A202020203C73657175656E6365466C6F772069643D227369642D43414146304339422D363639302D343636312D383431342D3431453231454338333241312220736F757263655265663D227369642D36354245334639392D384445442D343833462D393246332D41334433344635314441433322207461726765745265663D227369642D43333037363846432D343331452D343238422D383439392D463538343244354437333541223E0A2020202020203C636F6E646974696F6E45787072657373696F6E207873693A747970653D2274466F726D616C45787072657373696F6E223E3C215B43444154415B247B617070726F7665526573756C747D5D5D3E3C2F636F6E646974696F6E45787072657373696F6E3E0A202020203C2F73657175656E6365466C6F773E0A20203C2F70726F636573733E0A20203C62706D6E64693A42504D4E4469616772616D2069643D2242504D4E4469616772616D5F617373657443616C6C223E0A202020203C62706D6E64693A42504D4E506C616E652062706D6E456C656D656E743D22617373657443616C6C222069643D2242504D4E506C616E655F617373657443616C6C223E0A2020202020203C62706D6E64693A42504D4E53686170652062706D6E456C656D656E743D2273746172744576656E7431222069643D2242504D4E53686170655F73746172744576656E7431223E0A20202020202020203C6F6D6764633A426F756E6473206865696768743D2233302E30222077696474683D2233302E302220783D223130302E302220793D223136332E30222F3E0A2020202020203C2F62706D6E64693A42504D4E53686170653E0A2020202020203C62706D6E64693A42504D4E53686170652062706D6E456C656D656E743D227369642D32384634363439432D323739302D343536312D384137462D394138314230443734453845222069643D2242504D4E53686170655F7369642D32384634363439432D323739302D343536312D384137462D394138314230443734453845223E0A20202020202020203C6F6D6764633A426F756E6473206865696768743D2238302E30222077696474683D223130302E302220783D223137352E302220793D223133382E30222F3E0A2020202020203C2F62706D6E64693A42504D4E53686170653E0A2020202020203C62706D6E64693A42504D4E53686170652062706D6E456C656D656E743D227369642D45334639343536372D364631442D343644422D384238382D434331393342314533344330222069643D2242504D4E53686170655F7369642D45334639343536372D364631442D343644422D384238382D434331393342314533344330223E0A20202020202020203C6F6D6764633A426F756E6473206865696768743D2238302E30222077696474683D223130302E302220783D223331352E302220793D223133382E30222F3E0A2020202020203C2F62706D6E64693A42504D4E53686170653E0A2020202020203C62706D6E64693A42504D4E53686170652062706D6E456C656D656E743D227369642D36354245334639392D384445442D343833462D393246332D413344333446353144414333222069643D2242504D4E53686170655F7369642D36354245334639392D384445442D343833462D393246332D413344333446353144414333223E0A20202020202020203C6F6D6764633A426F756E6473206865696768743D2234302E30222077696474683D2234302E302220783D223633302E302220793D223135382E30222F3E0A2020202020203C2F62706D6E64693A42504D4E53686170653E0A2020202020203C62706D6E64693A42504D4E53686170652062706D6E456C656D656E743D227369642D43333037363846432D343331452D343238422D383439392D463538343244354437333541222069643D2242504D4E53686170655F7369642D43333037363846432D343331452D343238422D383439392D463538343244354437333541223E0A20202020202020203C6F6D6764633A426F756E6473206865696768743D2232382E30222077696474683D2232382E302220783D223735302E302220793D223130352E30222F3E0A2020202020203C2F62706D6E64693A42504D4E53686170653E0A2020202020203C62706D6E64693A42504D4E53686170652062706D6E456C656D656E743D227369642D44373643303439432D353341382D343446302D384131432D393330443944363835313332222069643D2242504D4E53686170655F7369642D44373643303439432D353341382D343446302D384131432D393330443944363835313332223E0A20202020202020203C6F6D6764633A426F756E6473206865696768743D2238302E30222077696474683D223130302E302220783D223435302E302220793D223133382E30222F3E0A2020202020203C2F62706D6E64693A42504D4E53686170653E0A2020202020203C62706D6E64693A42504D4E456467652062706D6E456C656D656E743D227369642D30414239423441322D433946302D344431372D384543462D383037334237384541323644222069643D2242504D4E456467655F7369642D30414239423441322D433946302D344431372D384543462D3830373342373845413236442220666C6F7761626C653A736F75726365446F636B6572583D2232302E352220666C6F7761626C653A736F75726365446F636B6572593D2232302E352220666C6F7761626C653A746172676574446F636B6572583D2235302E302220666C6F7761626C653A746172676574446F636B6572593D2237392E30223E0A20202020202020203C6F6D6764693A776179706F696E7420783D223635302E352220793D223139372E3434323230383035393231303537222F3E0A20202020202020203C6F6D6764693A776179706F696E7420783D223635302E302220793D223330302E30222F3E0A20202020202020203C6F6D6764693A776179706F696E7420783D223232352E302220793D223330302E30222F3E0A20202020202020203C6F6D6764693A776179706F696E7420783D223232352E302220793D223231372E3935303030303030303030303032222F3E0A2020202020203C2F62706D6E64693A42504D4E456467653E0A2020202020203C62706D6E64693A42504D4E456467652062706D6E456C656D656E743D227369642D43414146304339422D363639302D343636312D383431342D343145323145433833324131222069643D2242504D4E456467655F7369642D43414146304339422D363639302D343636312D383431342D3431453231454338333241312220666C6F7761626C653A736F75726365446F636B6572583D2232302E352220666C6F7761626C653A736F75726365446F636B6572593D2232302E352220666C6F7761626C653A746172676574446F636B6572583D2231342E302220666C6F7761626C653A746172676574446F636B6572593D2231342E30223E0A20202020202020203C6F6D6764693A776179706F696E7420783D223635302E352220793D223135382E35222F3E0A20202020202020203C6F6D6764693A776179706F696E7420783D223635302E352220793D223131392E30222F3E0A20202020202020203C6F6D6764693A776179706F696E7420783D223735302E302220793D223131392E30222F3E0A2020202020203C2F62706D6E64693A42504D4E456467653E0A2020202020203C62706D6E64693A42504D4E456467652062706D6E456C656D656E743D227369642D35443634344145412D394238452D344135342D423641312D334633364345393935454542222069643D2242504D4E456467655F7369642D35443634344145412D394238452D344135342D423641312D3346333643453939354545422220666C6F7761626C653A736F75726365446F636B6572583D2235302E302220666C6F7761626C653A736F75726365446F636B6572593D2234302E302220666C6F7761626C653A746172676574446F636B6572583D2235302E302220666C6F7761626C653A746172676574446F636B6572593D2234302E30223E0A20202020202020203C6F6D6764693A776179706F696E7420783D223237342E39353030303030303030303030352220793D223137382E30222F3E0A20202020202020203C6F6D6764693A776179706F696E7420783D223331342E393939393939393939393638322220793D223137382E30222F3E0A2020202020203C2F62706D6E64693A42504D4E456467653E0A2020202020203C62706D6E64693A42504D4E456467652062706D6E456C656D656E743D227369642D46303430313030312D454436322D344237322D393438372D433944343731333737344245222069643D2242504D4E456467655F7369642D46303430313030312D454436322D344237322D393438372D4339443437313337373442452220666C6F7761626C653A736F75726365446F636B6572583D2235302E302220666C6F7761626C653A736F75726365446F636B6572593D2234302E302220666C6F7761626C653A746172676574446F636B6572583D2235302E302220666C6F7761626C653A746172676574446F636B6572593D2234302E30223E0A20202020202020203C6F6D6764693A776179706F696E7420783D223431342E39353030303030303030303030352220793D223137382E30222F3E0A20202020202020203C6F6D6764693A776179706F696E7420783D223434392E39393939393939393939373230332220793D223137382E30222F3E0A2020202020203C2F62706D6E64693A42504D4E456467653E0A2020202020203C62706D6E64693A42504D4E456467652062706D6E456C656D656E743D227369642D44373945383533322D373936462D343541332D393932412D373845434631383732374630222069643D2242504D4E456467655F7369642D44373945383533322D373936462D343541332D393932412D3738454346313837323746302220666C6F7761626C653A736F75726365446F636B6572583D2231352E302220666C6F7761626C653A736F75726365446F636B6572593D2231352E302220666C6F7761626C653A746172676574446F636B6572583D2235302E302220666C6F7761626C653A746172676574446F636B6572593D2234302E30223E0A20202020202020203C6F6D6764693A776179706F696E7420783D223132392E393439393938343839393537362220793D223137382E30222F3E0A20202020202020203C6F6D6764693A776179706F696E7420783D223137342E393939393939393939393931372220793D223137382E30222F3E0A2020202020203C2F62706D6E64693A42504D4E456467653E0A2020202020203C62706D6E64693A42504D4E456467652062706D6E456C656D656E743D227369642D43313842354431352D373430432D343035382D383034452D324138393337394439454635222069643D2242504D4E456467655F7369642D43313842354431352D373430432D343035382D383034452D3241383933373944394546352220666C6F7761626C653A736F75726365446F636B6572583D2239392E302220666C6F7761626C653A736F75726365446F636B6572593D2234302E302220666C6F7761626C653A746172676574446F636B6572583D2232302E352220666C6F7761626C653A746172676574446F636B6572593D2232302E35223E0A20202020202020203C6F6D6764693A776179706F696E7420783D223534392E39352220793D223137382E3030343637393830323935353638222F3E0A20202020202020203C6F6D6764693A776179706F696E7420783D223633302E34303039393030393930312220793D223137382E34303039393030393930303939222F3E0A2020202020203C2F62706D6E64693A42504D4E456467653E0A202020203C2F62706D6E64693A42504D4E506C616E653E0A20203C2F62706D6E64693A42504D4E4469616772616D3E0A3C2F646566696E6974696F6E733E0A, 0);
INSERT INTO `ACT_GE_BYTEARRAY` VALUES ('a1991acf-e883-11ef-a646-cc28aa504d95', 1, 'D:\\Code\\system2\\target\\classes\\processes\\.assetCall.png', 'a17e8ded-e883-11ef-a646-cc28aa504d95', 0x89504E470D0A1A0A0000000D4948445200000314000001360806000000F878D4850000190949444154785EEDDD5D8C9CE57937F0090709EA41CE7292AA47C9614EF27516C9444A45941EA056DA5D7B1D93186C61828D22852612267AE3D79148A39EB54AD5D2AA0A6A1BD44A2450D5868281980FA7E4436A0B79A1D4C6695EE23A601B075493183C7D6E77271DEE7D763DFB35F37F667F3FE9D27A9FE7990F79FEBAEFEBF278677B3D0000000000000000000000000000000000000000000000000000000000000000000000000000000000000000000000000000000000000000000000000000000000000000000000000000000000000000000000000000000000000000000000000000000000000000000000000000000000000000000000000000000000000000000000000000000000000000000000000000000000000000000000000000000000000000000000000000000000000000000000000000000000000000000000000000000000000000000000000000000000000000000000000000000000000000000000000000000000000000000000000000000000000000000000000000000000000000000000000000000000000000000000000000000000000000000000000000000000000000000000000000000000000000000000000000000000000000E8B8999999DFDCBA75EB9EB9B9B9FB9BAF4F37F5D3A6FA0B5F9F5E38BEA75C57DF160000D8A46667673FDE0C0A4717868751EB68B95D7D5F0000C026313737F7BE663038DC322CACA40E97FBA9EF1B00009862B3B3B39FD8B66DDBABC3C3C18E1D3BFA77DE7967FFC89123FDE3C78FF7CF9C39D32FCAD7F27D395ECE97EBAAA1E26CB9BFFA3100008029D40C003734C3C49B838160FBF6EDFDBBEEBAAB7FEEDCB9CB03C49594EBCAF5E5764343C5C572BFF5630100005364E19D895F0F137BF7EEEDBFF8E28BF5CC309272BB72FBE1A1C23B15000030A5666666DE3F3F3F7F6E3000ECDFBFBF7FFEFCF97A4E589172FB723F4343C599F238F5630300001DD734FB8786DF9958EB303150EEA77AA7E250FDD8000040872D7C34ECAF7F6662B5FFCD6929E5FE867FA6C247CA0200C014699AFCC707CD7EF981EA8D50EE77E85D8AC7EBE700000084691AF7479BBAA63E3E6CE137605F2A8D7EF9C8D7513FCD69A5CAFD0E7DA4EC25BF511B0000C20DBD23B0E46031373777F3E0BAAF7DED6BF51CB0AECAFD0F1EAB3C6EFD5C000080204303C5928345F3FDBD83F30F3FFC703D03ACAB72FF43CFE5DEE1E701000084691928160D16CDD7EF0F8E9F3871A29E01D655B9FFA1E7F0FDEAE9020000495A0689BACA60F1CAE0FBB367CFD633C0BA2AF73FF4D82FD5CF17000046D2D2D8AA80BA78F1623D03ACAB72FF438FF7469D0B000018496928EB63ACBF7A6018AA47B7FEEF7F797A6970DC3B140000748281623C961B2486AEF133140000748B81623C961B2406B6FA94270000BAC640311ECB0D12037E0F0500009D63A0C831CEDF94FDE94F7FFAF2E394C7F39BB201005835034596E6F5787CF0CEC15D77DD55CF02EBA2DCEFE031CAE3D5CF0100004666A0C8323B3BFBF141B3BF7DFBF6FE8B2FBE58CF036B52EE6F7E7E7EF0EE44BF3C5EFD1C00006064068A3CCD6B7268D0F0EFDDBBB77FFEFCF97A2E5895723FB7DC72CB5B43EF4E1CAA1F1B000056C44091676666E6FDCDEB7266D0F8EFDFBF7FCD4345B9FDEDB7DFFEEB7726CAFD97C7A91F1B000056C44091697676F613CD6B7371F89D8AD5FEF7A772BBEA9D898BE5FEEBC7040080153350E46A5E9B1B86878AF23315E507AA47FDF4A7725DB97EF8672616EEEF86FAB1000060550C14D916DEA9383B34105CFE48D93BEFBCB37FE4C891FEF1E3C7FB67CE9CB93C4094AFE5FB72BC9C1FFA68D8419DF5CE040000EBCA40916F6E6EEE7DCDEB74B81A0E565A87CBFDD4F70D00006B529ACDFA1899163E52F668CBB0B05C1DF5D1B000006C180345F72CFC46ED3D737373F7375F9F6EEAA70BC343F9FAF4C2F13D7E033600001BCE40010000AC9A810200005835030530D5FAFDFE3B4F9C38F1B7C78E1DFB55F908B4871E7A488DB99ABFF74B478F1EFDD9238F3C725DFDFAA49197C9576A5E6463F2959A0D0C14C0946B1A80BF6B36A0FEE9D3A7FB172E5CE8FFF297BF5463AEF2F75EFEFE1F7BECB1F34D53F03BF56B94445E265FA979918DC9576A3630500053AEFC6B62D980EA8D498DBF4E9D3AF54AD3043C5DBF4649E425A7D2F2221B3995960D0C14C0942BFF35C1BF266654791D9A26E08DFA354A222F39959617D9C8A9B46C60A000A65CF97FB7F566A42657E5F5A85FA324F292554979918DAC4ACA06060A60CA8DDA04BCFEEAA9FE89EFFF65FFD987FFEFE52A7F2EC7EAEBD4DA2ABD099097AC4ACA8B6C64555236305000536E9426E0B5732FF59F79F0CBFD7FFE87DF7F5B9563E55C7DBD5A7DA53701F292554979918DAC4ACA06060A60CA8DD204FCF4D9FB17350083FAFFCFFEFDA2EBD5EA2BBD099097AC4ACA8B6C64555236305000536E9426E0FF3DFA078B36FF419573F5F56AF595DE04C84B5625E54536B22A291B18288029374A13F0CC435F59B4F90FAA9CABAF57ABAFF426405EB22A292FB2915549D9C040014C394D4056A53701F292554979918DAC4ACA06060A60CA8DD204944F62A937FF419573F5F56AF595DE04C84B5625E54536B22A291B18288029374A13F0C2937FBC68F31F5439575FAF565FE94D80BC6455525E6423AB92B28181029872A33401675EFA97FE33FFF87F163500E55839575FAF565FE94D80BC6455525E6423AB92B28181029872A33401A55EFCC1DD8B9A8072ACBE4EADADD29B0079C9AAA4BCC84656256503030530E5466A02DE78A3FFC2537FB2A80928C7CAB945D7AB55577A13202F59959417D9C8AAA46C60A000A6DC959A80F2DB6BFFEDC93F5AD4000CAA9CF31B6ED7AFD29B0079C9AAA4BCC84656256503030530E5966C02DE78A37FEA8547FAFFFAC0ED8B36FEBACA35E55AFFC2B8F64A6F02E425AB92F2221B5995940D0C14C0946B6B02AEF42F894B957F615C7BA53701F292554979918DAC4ACA06060A60CAB53501A3FC4BE252556E5BDF9F1ABDD29B0079C9AAA4BCC84656256503030530E5DA9A807A635F69D5F7A746AFF426405EB22A292FB2915549D9A0B76561A0D8529F00980A6D4D809A5CA53701F292554979918DAC4ACAC626578688D34DDDB6F0D550014C1F4D4056A53701F292554979918DAC4ACAC626361826064344FD3DC074D00464557A13202F59959417D9C8AAA46C6C524B0D0F4B1D07E82E4D4056A53701F292554979918DAC4ACAC62674A5A1E14AE781AEE8F7FB571D3B76ECF7EEBEFBEE7F3C70E0C02B5FFAD2972EDC7CF3CD97CA0F4EEDD9B3E7E26DB7DDF68BE6D8BF1F3C78F00F77EEDCF95BF5EDA7852620ABD29B0079C9AAA4BCC846562565639319755818F53A205133485CFDC0030FFCD997BFFCE55FEDDAB5ABFF8D6F7CA3FFBDEF7DAF7FFCF8F1FE993367FA45F95ABE2FC7CBF91B6FBCF1AD7DFBF69DD8BD7BF7B5F5FD759D2620ABD29B0079C9AAA4BCC846562565631359E990B0D2EB8104CD8070CBC183072F7CFEF39FEF1F3B76ACFFD65B6F5D1E20AEA45C57AEBFF5D65B2F7EEE739FFBD1DCDCDCFBEAFBEE2A4D4056A53701F292554979918DAC4ACAC626B1DAE160B5B703C6AD9909DEF1E0830FFEF54D37DDD43F74E850FFCD37DFAC67869194DB95DB7FF6B39F7D7DDBB66DBF5D3F4E176902B22ABD099097AC4ACA8B6C645552363681B50E056BBD3DB0D19A39E01DF7DE7BEF3FDD7CF3CDFDE79E7BAE9E1156A5DCCFAE5DBBFE6B7E7EFEC6FAF1BA46139055E94D80BC6455525E6423AB92B231E5D66B1858AFFB013642796762CF9E3DFDD3A74FD773C19A94FBDBB973E76BB3B3B39FA81FB34B34015995DE04C84B5625E54536B22A291B536CBD8780F5BE3F603D3CF5D453B7946162BDDE99A835F77BE9FAEBAF3F373333F3FEFAB1BB42139055E94D80BC6455525E6423AB92B231A5EAE6FF1D4D7D66E1EB4AD4B7ABEF1798A4A6DFBFFAAB5FFDEA85F2330F1BE9BEFBEE3B373F3FFF40FDF85DA109C8AAF426405EB22A292FB2915549D9984275D35F8681BF68AAFC9D97AFA30E154BDDAEBE7F60520E1F3EFCA7E5D39C56FB03D8A32AF7BF6BD7AE976767673F5E3F872ED00464557A13202F59959417D9C8AAA46C4C99B666FF33BDFF190A0635CA50313C4C0CEAFAA1F36D8F038C53D3E75F75C71D77FCAA7CD4EB383CF1C413AF6EDDBAF5F1FA7974812620ABD29B0079C9AAA4BCC846562565638A2CD5E4B70D07CB0D156DD7FFF9C2F1614B3D1E300E4F3DF5D4EFEEDEBD7BE4DF33B156E571B66FDFFEEACCCCCC6FD6CF65529A01E7D1A6AEA98FD734015935A926405EBA59E3C88B6C74B3C6918D2E1A35CF2DAED4DCB70D096D4345DB756DC3C4C0951E17D828DFFCE6371F2ABFE17A9C0E1C38F0CCDCDCDCCDF573999466C1EC2FD4B28BA72620AB26D504C84B376B1C79918D6ED638B2D145A3E6B9326A53DF362C0C0F156DE7971B2606467D7C603D1D3C78F0E571FD77A781871F7EF8D96671BAB77E2E9332B4682EBB786A02B26A524D80BC74B3C69117D9E8668D231B5D346A9E87ACB4996F1B1ACAF757B51C1F65981858E9F300D6EA8B5FFCE28513274ED43DFF867AFEF9E74F368BD2F7EBE732292D8B66EBE2A909C8AA4935012D3991970ED438F2D29209D9E8408D231B5DD492E3D63C2F586D13DF36543C5F7DBF92616260B5CF07588D3D7BF65C3A7BF66CDDF36FA83367CEBCD62C462FD5CF65525A16CBBA2E2F9E9A80AC9A5413D0928FBAE425B0C69197962CD4251B81358E6C74514B7EEBBA9CE7DEDA9BF7B6A1622DC3C4C05A9F1730AA1D3B76F42F5EBC58F7FC1BAA79BC5FB42C4CF1A509C8AAFAF5492B79C9AAFAF59964C94656D5AF8F5A7935EDC46D757FB142E5BF39D5EF4C94EFCBF1B528CFAB0C15BF519F00D6D14D37DD7471DCEF50BCFCF2CBFFBEB51BEF503CBAD57F5388AD49FDAB624B4EE4A503358EBCB46442363A50E3C84617B5E4B835CFBDB5BF13B0DC3B146D9FFE34AAB53E2F60545FF8C2177E31EE9FA1F8F18F7FFC83ADD93F43512F9697A53501BDC50BEFE51AD7F949D7A49A80AEE5A5D7F21A961AD7F9D75F7FBDBF65CB96B71D9B448D232F5DCA46AFE5352B358EF30F3CF040FF031FF840FFEAABAFEE7FF8C31FEEFFF0873F5CF4FCC659E3C846178D9AE7055B7AAB6BDEDB8689FA9D8AD50C15AB7D3EC06ADC7EFBEDFF36EE4F79FAF6B7BF7DFFD6CC4F795A6EB18C680286AB37B479B71DDBE8F393AE4935015DCB4BAFE5351B3EB691E7CBDAF2B18F7DECF2F76DD78DB3C691972E65A3D7F27A0C1FDBC8F31FF9C847FAEF7AD7BB06AF49FF431FFAD0A26BC759E3C846178D9AE7215B7A2B6BE2DB8689F233136D9FF2B492A162A5CF0358AB03070EFCE1B87F0FC5DEBD7B0F85FD1E8A9116CB842660B87ACB6CD8F59FDB8EADF5FCA46B524D40D7F2D26B79CD868F6DE4F9F2F5A31FFDE8E5AF6DD78DB3C691972E65A3D7F27A0C1FDBE8F3A54E9E3C79F9D8BBDFFDEE45D78EB3C6918D2E1A35CF952DBDD19AF9A58689E57E0FC52843C5A88F0FACA79D3B77FED6AE5DBBDE1AE36FCAFECF66817A39E937658F2AA10918AEDE1536EC8D3E3FE94A6F0252F2D26B79CD868F6DE4F9EBAEBBAE7FEAD4A9CBDFB75D37CE4ACA4B42367A2DAFC7F0B18D3E5F6AFFFEFD978F7DEA539F5A74ED382B291B53624B6FF9A6BE6D5868FB34A7B6EB961B2AAEF4B8C046DAB76FDF8BE3FA6F4FF7DC73CF5F3503C5E3F573E882842660B87A57D8B037FAFCA42BBD0948C94BAFE5351B3EB6D1E707DFD7C7C65D497949C846AFE5F5183EB6D1E7BFF5AD6FF5AFBAEAAAFE7BDFFBDEFE0B2FBCB0E8DA71565236A6C8965E7B73DF3624B40D13036DD7B70D154B3D1E302EBB77EFBEF6D65B6FBDF8E69B6FD6FDFFBA6AEEFFA7CD30F1C2ECECECC7EBE7D005094DC070F5AEB0616FF4F949577A139092975ECB6B367C6CA3CF0FBEAF8F8DBB92F292908D5ECBEB317C6C23CF3FF9E493FD77BEF39DFD0F7EF083FDF2A120F575E3AEA46C4C992DBDC54DFE677A0BEBC1422D374C0CB40D15D70F9D6F7B1C6012F6EEDDFBA343870E5DAA87807574E9EB5FFFFA5F3603C5A1FAB1BB22A10918AEDE321B76FDE7B6636B3D3FE94A6F0252F2D26B79CD868F6DF4F9C1F7F5B17157525E12B2D16B793D868F6DE4F96BAFBDB6FFC94F7EB2FFEAABAF2EBA661295948D29B4A5F7F6667F78381865981858EA76F5FD0393343333F3FE9D3B77BEF6DC73CFD583C0BAF8EE77BFFBCD669838551EA77EECAE48680286ABB7D0A4D535AEF393AEF42620252FBD96D7B0D4B8CE0F5F533FB77156525E12B2D16B79CD4A8DE3FC7BDEF39EB71DBBE38E3B163DBF71565236A6D496DEE2A1A2BCC330EA303150DFAEBE5F20C1B66DDB7EFB861B6EF8AFD3A74FD7F3C09A9C3C79F2EF9B61E267B3B3B39FA81FB34B129A00F5BF95DE04C84B5625E54536B22A291B536CBD9BFFF5BE3F603DCDCFCFDFB873E7CE5FACD73B150BEF4CBCD4D40DF563758D2620ABD29B0079C9AAA4BCC84656256563CAADD710B05EF7036CA4F24EC28E1D3BCEDD77DF7DE756FB83DAE507B0177E66E23FBBFECEC4802620ABD29B0079C9AAA4BCC846562565631358EB30B0D6DB03E3343737F7BEF9F9F90777EDDAF5F2134F3CF1EAA8BFA7A2B9EEF43DF7DCF3D7E5D39C9A3A5CEEA7BEEFAED20464557A13202F59959417D9C8AAA46C6C12AB1D0A567B3B60D2CA47BC3683C1D1EDDBB79FFFCA57BEF2AF478E1C79E6F9E79FFF8F575E79E5F5667E78EDE73FFFF989679F7DF607DFF9CE77EEDBB76FDFE1E6DA57CAF55DFD68D8E56802B22ABD099097AC4ACA8B6C645552363691950E072BBD1E48547EB3753328EC999B9BBBBFF9FA7453E5774AF417BE3EBD707C4F177F03F6A834015995DE04C84B5625E54536B22A291B9BCCA843C2A8D701E4D30464557A13202F59959417D9C8AAA46C6C42571A16AE741EA05B34015995DE04C84B5625E54536B22A291B9BD45243C352C701BA4B139055E94D80BC6455525E6423AB92B2B189D5C343FD3DC074D00464557A13202F59959417D9C8AAA46C6C728321E2B685AF860960FA6802B22ABD099097AC4ACA8B6C64555236E86D291FF852BED62700A6822620ABD29B0079C9AAA4BCC846562565835E6F61A000984E9A80AC4A6F02E425AB92F2221B5995940D0C14C094D30464557A13202F59959417D9C8AAA46C60A000A69C2620ABD29B0079C9AAA4BCC84656256503030530E534015995DE04C84B5625E54536B22A291B18288029A709C8AAF426405EB22A292FB2915549D9C040014C394D4056A53701F292554979918DAC4ACA06060A60CA6902B22ABD099097AC4ACA8B6C64555236305000534E139055E94D80BC6455525E6423AB92B281810298729A80AC4A6F02E425AB92F2221B5995940D0C14C094D30464557A13202F59959417D9C8AAA46C60A000A69C2620ABD29B0079C9AAA4BCC84656256503030530E534015995DE04C84B5625E54536B22A291B18288029A709C8AAF426405EB22A292FB2915549D9C040014C394D4056A53701F292554979918DAC4ACA06060A60CA6902B22ABD099097AC4ACA8B6C6455523630500053EEC89123972E5CB8B0683352E3AFE675F859D304BC51BF4649E425A7D2F2221B3995960D0C14C0943B7AF4E8CF4E9F3EBD684352E3AF9FFCE427F7344DC0D3F56B94445E722A2D2FB2915369D9C040014CB9471E79E4BAC71E7BECFCA953A75EF1AF8B93A9E6EFFDD4C99327FFA66900FEA3A9DFA95FA324F232F94ACD8B6C4CBE52B3818102D804CAC653FE35ABA95F96FF77DBB5BAFBEEBBFB65B1AE8F77A8CADF7BF9FBEF4403509EE7C2F3ED645EA6A062F3529ED3C273938DC9546C36363B030540B866A17ED4620D402A7B1440B06691BEA62CD40B754D7D1E0026CD4001106CF0EEC4423D5A9F07804933500084AADE9DF02E0500910C1400A1AA7727BC4B014024030540A025DE9DF02E0500710C140081967877C2BB1400C43150008429EF40B40C11755D53DF0E0026C1400110A6BC03D13240D4E55D0A00221828003AC0620D402A7B14400758AC0148658F02E8008B3500A9EC51001D60B10620953D0AA0032CD600A4B247017480C51A8054F628800EB0580390CA1E05D001166B0052D9A3003AC0620D402A7B14400758AC0148658F02E8008B3500A9EC51001D60B10620953D0AA0032CD600A4B247017480C51A8054F628800EB0580390CA1E05D001166B0052D9A3003AC0620D402A7B14400758AC0148658F02E8008B3500A9EC51001D60B10620953D0AA0032CD600A4B247017480C51A8054F628800EB0580390CA1E05D001166B0052D9A3003AC0620D402A7B14400758AC0148658F02E8008B3500A9EC51001D60B10620953D0AA0032CD600A4B247017480C51A8054F628800EB0580390CA1E05D001166B0052D9A3003AC0620D402A7B14400758AC0148658F02E8008B3500A9EC51001D60B10620953D0AA0032CD600A4B247017480C51A8054F628800EB0580390CA1E05D001166B0052D9A3003AC0620D402A7B14400758AC0148658F02E8008B3500A9EC51001D60B10620953D0AA0032CD600A4B247017480C51A8054F628800EB0580390CA1E05D001166B0052D9A3003AC0620D402A7B14400758AC0148658F02E8008B3500A9EC51001D60B10620953D0AA0032CD600A4B247017480C51A8054F628800EB0580390CA1E05D001166B0052D9A3003AC0620D402A7B14400758AC0148658F02E8008B3500A9EC51001D60B10620953D0AA0032CD600A4B247017480C51A8054F628800EB0580390CA1E05D001166B0052D9A3003AC0620D402A7B14400758AC0148658F02E8008B3500A9EC51001D60B10620953D0AA0032CD600A4B247017480C51A8054F628800EB0580390CA1E05D001166B0052D9A3003AA02CD64A29A5546AD5FB16000000000000000000000000000000000000000000000000000000C0DBFC37916F6A1483D4301A0000000049454E44AE426082, 1);
INSERT INTO `ACT_GE_BYTEARRAY` VALUES ('a5451594-e88f-11ef-89cd-cc28aa504d95', 1, 'D:\\Code\\system2\\target\\classes\\processes\\.bpmn20.xml', 'a5451593-e88f-11ef-89cd-cc28aa504d95', 0x3C3F786D6C2076657273696F6E3D22312E302220656E636F64696E673D225554462D38223F3E0A3C646566696E6974696F6E7320786D6C6E733D22687474703A2F2F7777772E6F6D672E6F72672F737065632F42504D4E2F32303130303532342F4D4F44454C2220786D6C6E733A7873693D22687474703A2F2F7777772E77332E6F72672F323030312F584D4C536368656D612D696E7374616E63652220786D6C6E733A7873643D22687474703A2F2F7777772E77332E6F72672F323030312F584D4C536368656D612220786D6C6E733A666C6F7761626C653D22687474703A2F2F666C6F7761626C652E6F72672F62706D6E2220786D6C6E733A62706D6E64693D22687474703A2F2F7777772E6F6D672E6F72672F737065632F42504D4E2F32303130303532342F44492220786D6C6E733A6F6D6764633D22687474703A2F2F7777772E6F6D672E6F72672F737065632F44442F32303130303532342F44432220786D6C6E733A6F6D6764693D22687474703A2F2F7777772E6F6D672E6F72672F737065632F44442F32303130303532342F44492220747970654C616E67756167653D22687474703A2F2F7777772E77332E6F72672F323030312F584D4C536368656D61222065787072657373696F6E4C616E67756167653D22687474703A2F2F7777772E77332E6F72672F313939392F585061746822207461726765744E616D6573706163653D22687474703A2F2F7777772E666C6F7761626C652E6F72672F70726F6365737364656622206578706F727465723D22466C6F7761626C65204F70656E20536F75726365204D6F64656C657222206578706F7274657256657273696F6E3D22362E382E30223E0A20203C70726F636573732069643D22617373657443616C6C22206E616D653D22E8B584E4BAA7E8B083E794A8E6B581E7A88B2220697345786563757461626C653D2274727565223E0A202020203C646F63756D656E746174696F6E3EE8B584E4BAA7E8B083E794A8E6B581E7A88B3C2F646F63756D656E746174696F6E3E0A202020203C657874656E73696F6E456C656D656E74733E0A2020202020203C666C6F7761626C653A7661726961626C65206E616D653D226C656164657249642220747970653D22737472696E6722202F3E0A2020202020203C666C6F7761626C653A7661726961626C65206E616D653D227573657249642220747970653D22737472696E6722202F3E0A202020203C2F657874656E73696F6E456C656D656E74733E0A202020203C73746172744576656E742069643D2273746172744576656E74312220666C6F7761626C653A666F726D4669656C6456616C69646174696F6E3D2274727565222F3E0A202020203C757365725461736B2069643D227369642D32384634363439432D323739302D343536312D384137462D39413831423044373445384522206E616D653D22E794A8E688B7E794B3E8AFB72220666C6F7761626C653A61737369676E65653D22247B7573657249647D2220666C6F7761626C653A666F726D4669656C6456616C69646174696F6E3D2274727565223E0A2020202020203C657874656E73696F6E456C656D656E74733E0A20202020202020203C6D6F64656C65723A696E69746961746F722D63616E2D636F6D706C65746520786D6C6E733A6D6F64656C65723D22687474703A2F2F666C6F7761626C652E6F72672F6D6F64656C6572223E3C215B43444154415B66616C73655D5D3E3C2F6D6F64656C65723A696E69746961746F722D63616E2D636F6D706C6574653E0A2020202020203C2F657874656E73696F6E456C656D656E74733E0A202020203C2F757365725461736B3E0A202020203C73657175656E6365466C6F772069643D227369642D44373945383533322D373936462D343541332D393932412D3738454346313837323746302220736F757263655265663D2273746172744576656E743122207461726765745265663D227369642D32384634363439432D323739302D343536312D384137462D394138314230443734453845222F3E0A202020203C757365725461736B2069643D227369642D45334639343536372D364631442D343644422D384238382D43433139334231453334433022206E616D653D22E9A286E5AFBCE5AEA1E6A0B8312220666C6F7761626C653A61737369676E65653D22247B657865637574696F6E2E6765745661726961626C6528276C6561646572496427297D2220666C6F7761626C653A666F726D4669656C6456616C69646174696F6E3D2274727565223E0A2020202020203C657874656E73696F6E456C656D656E74733E0A20202020202020203C6D6F64656C65723A696E69746961746F722D63616E2D636F6D706C65746520786D6C6E733A6D6F64656C65723D22687474703A2F2F666C6F7761626C652E6F72672F6D6F64656C6572223E3C215B43444154415B66616C73655D5D3E3C2F6D6F64656C65723A696E69746961746F722D63616E2D636F6D706C6574653E0A20202020202020203C666C6F7761626C653A7661726961626C65206E616D653D226C656164657249642220736F757263653D22247B6C656164657249647D22207461726765743D226C6561646572496422202F3E0A2020202020203C2F657874656E73696F6E456C656D656E74733E0A202020203C2F757365725461736B3E0A202020203C73657175656E6365466C6F772069643D227369642D35443634344145412D394238452D344135342D423641312D3346333643453939354545422220736F757263655265663D227369642D32384634363439432D323739302D343536312D384137462D39413831423044373445384522207461726765745265663D227369642D45334639343536372D364631442D343644422D384238382D434331393342314533344330222F3E0A202020203C6578636C7573697665476174657761792069643D227369642D36354245334639392D384445442D343833462D393246332D413344333446353144414333222F3E0A202020203C73657175656E6365466C6F772069643D227369642D43313842354431352D373430432D343035382D383034452D3241383933373944394546352220736F757263655265663D227369642D44373643303439432D353341382D343446302D384131432D39333044394436383531333222207461726765745265663D227369642D36354245334639392D384445442D343833462D393246332D413344333446353144414333222F3E0A202020203C656E644576656E742069643D227369642D43333037363846432D343331452D343238422D383439392D463538343244354437333541222F3E0A202020203C73657175656E6365466C6F772069643D227369642D30414239423441322D433946302D344431372D384543462D3830373342373845413236442220736F757263655265663D227369642D36354245334639392D384445442D343833462D393246332D41334433344635314441433322207461726765745265663D227369642D32384634363439432D323739302D343536312D384137462D394138314230443734453845223E0A2020202020203C636F6E646974696F6E45787072657373696F6E207873693A747970653D2274466F726D616C45787072657373696F6E223E3C215B43444154415B247B21617070726F7665526573756C747D5D5D3E3C2F636F6E646974696F6E45787072657373696F6E3E0A202020203C2F73657175656E6365466C6F773E0A202020203C757365725461736B2069643D227369642D44373643303439432D353341382D343446302D384131432D39333044394436383531333222206E616D653D22E9A286E5AFBCE5AEA1E6A0B8322220666C6F7761626C653A61737369676E65653D22247B6C656164657249647D2220666C6F7761626C653A666F726D4669656C6456616C69646174696F6E3D2274727565223E0A2020202020203C657874656E73696F6E456C656D656E74733E0A20202020202020203C6D6F64656C65723A696E69746961746F722D63616E2D636F6D706C65746520786D6C6E733A6D6F64656C65723D22687474703A2F2F666C6F7761626C652E6F72672F6D6F64656C6572223E3C215B43444154415B66616C73655D5D3E3C2F6D6F64656C65723A696E69746961746F722D63616E2D636F6D706C6574653E0A2020202020203C2F657874656E73696F6E456C656D656E74733E0A202020203C2F757365725461736B3E0A202020203C73657175656E6365466C6F772069643D227369642D46303430313030312D454436322D344237322D393438372D4339443437313337373442452220736F757263655265663D227369642D45334639343536372D364631442D343644422D384238382D43433139334231453334433022207461726765745265663D227369642D44373643303439432D353341382D343446302D384131432D393330443944363835313332222F3E0A202020203C73657175656E6365466C6F772069643D227369642D43414146304339422D363639302D343636312D383431342D3431453231454338333241312220736F757263655265663D227369642D36354245334639392D384445442D343833462D393246332D41334433344635314441433322207461726765745265663D227369642D43333037363846432D343331452D343238422D383439392D463538343244354437333541223E0A2020202020203C636F6E646974696F6E45787072657373696F6E207873693A747970653D2274466F726D616C45787072657373696F6E223E3C215B43444154415B247B617070726F7665526573756C747D5D5D3E3C2F636F6E646974696F6E45787072657373696F6E3E0A202020203C2F73657175656E6365466C6F773E0A20203C2F70726F636573733E0A20203C62706D6E64693A42504D4E4469616772616D2069643D2242504D4E4469616772616D5F617373657443616C6C223E0A202020203C62706D6E64693A42504D4E506C616E652062706D6E456C656D656E743D22617373657443616C6C222069643D2242504D4E506C616E655F617373657443616C6C223E0A2020202020203C62706D6E64693A42504D4E53686170652062706D6E456C656D656E743D2273746172744576656E7431222069643D2242504D4E53686170655F73746172744576656E7431223E0A20202020202020203C6F6D6764633A426F756E6473206865696768743D2233302E30222077696474683D2233302E302220783D223130302E302220793D223136332E30222F3E0A2020202020203C2F62706D6E64693A42504D4E53686170653E0A2020202020203C62706D6E64693A42504D4E53686170652062706D6E456C656D656E743D227369642D32384634363439432D323739302D343536312D384137462D394138314230443734453845222069643D2242504D4E53686170655F7369642D32384634363439432D323739302D343536312D384137462D394138314230443734453845223E0A20202020202020203C6F6D6764633A426F756E6473206865696768743D2238302E30222077696474683D223130302E302220783D223137352E302220793D223133382E30222F3E0A2020202020203C2F62706D6E64693A42504D4E53686170653E0A2020202020203C62706D6E64693A42504D4E53686170652062706D6E456C656D656E743D227369642D45334639343536372D364631442D343644422D384238382D434331393342314533344330222069643D2242504D4E53686170655F7369642D45334639343536372D364631442D343644422D384238382D434331393342314533344330223E0A20202020202020203C6F6D6764633A426F756E6473206865696768743D2238302E30222077696474683D223130302E302220783D223331352E302220793D223133382E30222F3E0A2020202020203C2F62706D6E64693A42504D4E53686170653E0A2020202020203C62706D6E64693A42504D4E53686170652062706D6E456C656D656E743D227369642D36354245334639392D384445442D343833462D393246332D413344333446353144414333222069643D2242504D4E53686170655F7369642D36354245334639392D384445442D343833462D393246332D413344333446353144414333223E0A20202020202020203C6F6D6764633A426F756E6473206865696768743D2234302E30222077696474683D2234302E302220783D223633302E302220793D223135382E30222F3E0A2020202020203C2F62706D6E64693A42504D4E53686170653E0A2020202020203C62706D6E64693A42504D4E53686170652062706D6E456C656D656E743D227369642D43333037363846432D343331452D343238422D383439392D463538343244354437333541222069643D2242504D4E53686170655F7369642D43333037363846432D343331452D343238422D383439392D463538343244354437333541223E0A20202020202020203C6F6D6764633A426F756E6473206865696768743D2232382E30222077696474683D2232382E302220783D223735302E302220793D223130352E30222F3E0A2020202020203C2F62706D6E64693A42504D4E53686170653E0A2020202020203C62706D6E64693A42504D4E53686170652062706D6E456C656D656E743D227369642D44373643303439432D353341382D343446302D384131432D393330443944363835313332222069643D2242504D4E53686170655F7369642D44373643303439432D353341382D343446302D384131432D393330443944363835313332223E0A20202020202020203C6F6D6764633A426F756E6473206865696768743D2238302E30222077696474683D223130302E302220783D223435302E302220793D223133382E30222F3E0A2020202020203C2F62706D6E64693A42504D4E53686170653E0A2020202020203C62706D6E64693A42504D4E456467652062706D6E456C656D656E743D227369642D30414239423441322D433946302D344431372D384543462D383037334237384541323644222069643D2242504D4E456467655F7369642D30414239423441322D433946302D344431372D384543462D3830373342373845413236442220666C6F7761626C653A736F75726365446F636B6572583D2232302E352220666C6F7761626C653A736F75726365446F636B6572593D2232302E352220666C6F7761626C653A746172676574446F636B6572583D2235302E302220666C6F7761626C653A746172676574446F636B6572593D2237392E30223E0A20202020202020203C6F6D6764693A776179706F696E7420783D223635302E352220793D223139372E3434323230383035393231303537222F3E0A20202020202020203C6F6D6764693A776179706F696E7420783D223635302E302220793D223330302E30222F3E0A20202020202020203C6F6D6764693A776179706F696E7420783D223232352E302220793D223330302E30222F3E0A20202020202020203C6F6D6764693A776179706F696E7420783D223232352E302220793D223231372E3935303030303030303030303032222F3E0A2020202020203C2F62706D6E64693A42504D4E456467653E0A2020202020203C62706D6E64693A42504D4E456467652062706D6E456C656D656E743D227369642D43414146304339422D363639302D343636312D383431342D343145323145433833324131222069643D2242504D4E456467655F7369642D43414146304339422D363639302D343636312D383431342D3431453231454338333241312220666C6F7761626C653A736F75726365446F636B6572583D2232302E352220666C6F7761626C653A736F75726365446F636B6572593D2232302E352220666C6F7761626C653A746172676574446F636B6572583D2231342E302220666C6F7761626C653A746172676574446F636B6572593D2231342E30223E0A20202020202020203C6F6D6764693A776179706F696E7420783D223635302E352220793D223135382E35222F3E0A20202020202020203C6F6D6764693A776179706F696E7420783D223635302E352220793D223131392E30222F3E0A20202020202020203C6F6D6764693A776179706F696E7420783D223735302E302220793D223131392E30222F3E0A2020202020203C2F62706D6E64693A42504D4E456467653E0A2020202020203C62706D6E64693A42504D4E456467652062706D6E456C656D656E743D227369642D35443634344145412D394238452D344135342D423641312D334633364345393935454542222069643D2242504D4E456467655F7369642D35443634344145412D394238452D344135342D423641312D3346333643453939354545422220666C6F7761626C653A736F75726365446F636B6572583D2235302E302220666C6F7761626C653A736F75726365446F636B6572593D2234302E302220666C6F7761626C653A746172676574446F636B6572583D2235302E302220666C6F7761626C653A746172676574446F636B6572593D2234302E30223E0A20202020202020203C6F6D6764693A776179706F696E7420783D223237342E39353030303030303030303030352220793D223137382E30222F3E0A20202020202020203C6F6D6764693A776179706F696E7420783D223331342E393939393939393939393638322220793D223137382E30222F3E0A2020202020203C2F62706D6E64693A42504D4E456467653E0A2020202020203C62706D6E64693A42504D4E456467652062706D6E456C656D656E743D227369642D46303430313030312D454436322D344237322D393438372D433944343731333737344245222069643D2242504D4E456467655F7369642D46303430313030312D454436322D344237322D393438372D4339443437313337373442452220666C6F7761626C653A736F75726365446F636B6572583D2235302E302220666C6F7761626C653A736F75726365446F636B6572593D2234302E302220666C6F7761626C653A746172676574446F636B6572583D2235302E302220666C6F7761626C653A746172676574446F636B6572593D2234302E30223E0A20202020202020203C6F6D6764693A776179706F696E7420783D223431342E39353030303030303030303030352220793D223137382E30222F3E0A20202020202020203C6F6D6764693A776179706F696E7420783D223434392E39393939393939393939373230332220793D223137382E30222F3E0A2020202020203C2F62706D6E64693A42504D4E456467653E0A2020202020203C62706D6E64693A42504D4E456467652062706D6E456C656D656E743D227369642D44373945383533322D373936462D343541332D393932412D373845434631383732374630222069643D2242504D4E456467655F7369642D44373945383533322D373936462D343541332D393932412D3738454346313837323746302220666C6F7761626C653A736F75726365446F636B6572583D2231352E302220666C6F7761626C653A736F75726365446F636B6572593D2231352E302220666C6F7761626C653A746172676574446F636B6572583D2235302E302220666C6F7761626C653A746172676574446F636B6572593D2234302E30223E0A20202020202020203C6F6D6764693A776179706F696E7420783D223132392E393439393938343839393537362220793D223137382E30222F3E0A20202020202020203C6F6D6764693A776179706F696E7420783D223137342E393939393939393939393931372220793D223137382E30222F3E0A2020202020203C2F62706D6E64693A42504D4E456467653E0A2020202020203C62706D6E64693A42504D4E456467652062706D6E456C656D656E743D227369642D43313842354431352D373430432D343035382D383034452D324138393337394439454635222069643D2242504D4E456467655F7369642D43313842354431352D373430432D343035382D383034452D3241383933373944394546352220666C6F7761626C653A736F75726365446F636B6572583D2239392E302220666C6F7761626C653A736F75726365446F636B6572593D2234302E302220666C6F7761626C653A746172676574446F636B6572583D2232302E352220666C6F7761626C653A746172676574446F636B6572593D2232302E35223E0A20202020202020203C6F6D6764693A776179706F696E7420783D223534392E39352220793D223137382E3030343637393830323935353638222F3E0A20202020202020203C6F6D6764693A776179706F696E7420783D223633302E34303039393030393930312220793D223137382E34303039393030393930303939222F3E0A2020202020203C2F62706D6E64693A42504D4E456467653E0A202020203C2F62706D6E64693A42504D4E506C616E653E0A20203C2F62706D6E64693A42504D4E4469616772616D3E0A3C2F646566696E6974696F6E733E0A, 0);
INSERT INTO `ACT_GE_BYTEARRAY` VALUES ('a55df4c5-e88f-11ef-89cd-cc28aa504d95', 1, 'D:\\Code\\system2\\target\\classes\\processes\\.assetCall.png', 'a5451593-e88f-11ef-89cd-cc28aa504d95', 0x89504E470D0A1A0A0000000D4948445200000314000001360806000000F878D4850000190949444154785EEDDD5D8C9CE57937F0090709EA41CE7292AA47C9614EF27516C9444A45941EA056DA5D7B1D93186C61828D22852612267AE3D79148A39EB54AD5D2AA0A6A1BD44A2450D5868281980FA7E4436A0B79A1D4C6695EE23A601B075493183C7D6E77271DEE7D763DFB35F37F667F3FE9D27A9FE7990F79FEBAEFEBF278677B3D0000000000000000000000000000000000000000000000000000000000000000000000000000000000000000000000000000000000000000000000000000000000000000000000000000000000000000000000000000000000000000000000000000000000000000000000000000000000000000000000000000000000000000000000000000000000000000000000000000000000000000000000000000000000000000000000000000000000000000000000000000000000000000000000000000000000000000000000000000000000000000000000000000000000000000000000000000000000000000000000000000000000000000000000000000000000000000000000000000000000000000000000000000000000000000000000000000000000000000000000000000000000000000000000000000000000000000E8B8999999DFDCBA75EB9EB9B9B9FB9BAF4F37F5D3A6FA0B5F9F5E38BEA75C57DF160000D8A46667673FDE0C0A4717868751EB68B95D7D5F0000C026313737F7BE663038DC322CACA40E97FBA9EF1B00009862B3B3B39FD8B66DDBABC3C3C18E1D3BFA77DE7967FFC89123FDE3C78FF7CF9C39D32FCAD7F27D395ECE97EBAAA1E26CB9BFFA3100008029D40C003734C3C49B838160FBF6EDFDBBEEBAAB7FEEDCB9CB03C49594EBCAF5E5764343C5C572BFF5630100005364E19D895F0F137BF7EEEDBFF8E28BF5CC309272BB72FBE1A1C23B15000030A5666666DE3F3F3F7F6E3000ECDFBFBF7FFEFCF97A4E589172FB723F4343C599F238F5630300001DD734FB8786DF9958EB303150EEA77AA7E250FDD8000040872D7C34ECAF7F6662B5FFCD6929E5FE867FA6C247CA0200C014699AFCC707CD7EF981EA8D50EE77E85D8AC7EBE700000084691AF7479BBAA63E3E6CE137605F2A8D7EF9C8D7513FCD69A5CAFD0E7DA4EC25BF511B0000C20DBD23B0E46031373777F3E0BAAF7DED6BF51CB0AECAFD0F1EAB3C6EFD5C000080204303C5928345F3FDBD83F30F3FFC703D03ACAB72FF43CFE5DEE1E701000084691928160D16CDD7EF0F8E9F3871A29E01D655B9FFA1E7F0FDEAE9020000495A0689BACA60F1CAE0FBB367CFD633C0BA2AF73FF4D82FD5CF17000046D2D2D8AA80BA78F1623D03ACAB72FF438FF7469D0B000018496928EB63ACBF7A6018AA47B7FEEF7F797A6970DC3B140000748281623C961B2486AEF133140000748B81623C961B2406B6FA94270000BAC640311ECB0D12037E0F0500009D63A0C831CEDF94FDE94F7FFAF2E394C7F39BB201005835034596E6F5787CF0CEC15D77DD55CF02EBA2DCEFE031CAE3D5CF0100004666A0C8323B3BFBF141B3BF7DFBF6FE8B2FBE58CF036B52EE6F7E7E7EF0EE44BF3C5EFD1C00006064068A3CCD6B7268D0F0EFDDBBB77FFEFCF97A2E5895723FB7DC72CB5B43EF4E1CAA1F1B000056C44091676666E6FDCDEB7266D0F8EFDFBF7FCD4345B9FDEDB7DFFEEB7726CAFD97C7A91F1B000056C44091697676F613CD6B7371F89D8AD5FEF7A772BBEA9D898BE5FEEBC7040080153350E46A5E9B1B86878AF23315E507AA47FDF4A7725DB97EF8672616EEEF86FAB1000060550C14D916DEA9383B34105CFE48D93BEFBCB37FE4C891FEF1E3C7FB67CE9CB93C4094AFE5FB72BC9C1FFA68D8419DF5CE040000EBCA40916F6E6EEE7DCDEB74B81A0E565A87CBFDD4F70D00006B529ACDFA1899163E52F668CBB0B05C1DF5D1B000006C180345F72CFC46ED3D737373F7375F9F6EEAA70BC343F9FAF4C2F13D7E033600001BCE40010000AC9A810200005835030530D5FAFDFE3B4F9C38F1B7C78E1DFB55F908B4871E7A488DB99ABFF74B478F1EFDD9238F3C725DFDFAA49197C9576A5E6463F2959A0D0C14C0946B1A80BF6B36A0FEE9D3A7FB172E5CE8FFF297BF5463AEF2F75EFEFE1F7BECB1F34D53F03BF56B94445E265FA979918DC9576A3630500053AEFC6B62D980EA8D498DBF4E9D3AF54AD3043C5DBF4649E425A7D2F2221B3995960D0C14C0942BFF35C1BF266654791D9A26E08DFA354A222F39959617D9C8A9B46C60A000A65CF97FB7F566A42657E5F5A85FA324F292554979918DAC4ACA06060A60CA8DDA04BCFEEAA9FE89EFFF65FFD987FFEFE52A7F2EC7EAEBD4DA2ABD099097AC4ACA8B6C64555236305000536E9426E0B5732FF59F79F0CBFD7FFE87DF7F5B9563E55C7DBD5A7DA53701F292554979918DAC4ACA06060A60CA8DD204FCF4D9FB17350083FAFFCFFEFDA2EBD5EA2BBD099097AC4ACA8B6C64555236305000536E9426E0FF3DFA078B36FF419573F5F56AF595DE04C84B5625E54536B22A291B18288029374A13F0CC435F59B4F90FAA9CABAF57ABAFF426405EB22A292FB2915549D9C040014C394D4056A53701F292554979918DAC4ACA06060A60CA8DD204944F62A937FF419573F5F56AF595DE04C84B5625E54536B22A291B18288029374A13F0C2937FBC68F31F5439575FAF565FE94D80BC6455525E6423AB92B28181029872A33401675EFA97FE33FFF87F163500E55839575FAF565FE94D80BC6455525E6423AB92B28181029872A33401A55EFCC1DD8B9A8072ACBE4EADADD29B0079C9AAA4BCC84656256503030530E5466A02DE78A3FFC2537FB2A80928C7CAB945D7AB55577A13202F59959417D9C8AAA46C60A000A6DC959A80F2DB6BFFEDC93F5AD4000CAA9CF31B6ED7AFD29B0079C9AAA4BCC84656256503030530E5966C02DE78A37FEA8547FAFFFAC0ED8B36FEBACA35E55AFFC2B8F64A6F02E425AB92F2221B5995940D0C14C0946B6B02AEF42F894B957F615C7BA53701F292554979918DAC4ACA06060A60CAB53501A3FC4BE252556E5BDF9F1ABDD29B0079C9AAA4BCC84656256503030530E5DA9A807A635F69D5F7A746AFF426405EB22A292FB2915549D9A0B76561A0D8529F00980A6D4D809A5CA53701F292554979918DAC4ACAC626578688D34DDDB6F0D550014C1F4D4056A53701F292554979918DAC4ACAC626361826064344FD3DC074D00464557A13202F59959417D9C8AAA46C6C524B0D0F4B1D07E82E4D4056A53701F292554979918DAC4ACAC62674A5A1E14AE781AEE8F7FB571D3B76ECF7EEBEFBEE7F3C70E0C02B5FFAD2972EDC7CF3CD97CA0F4EEDD9B3E7E26DB7DDF68BE6D8BF1F3C78F00F77EEDCF95BF5EDA7852620ABD29B0079C9AAA4BCC846562565639319755818F53A205133485CFDC0030FFCD997BFFCE55FEDDAB5ABFF8D6F7CA3FFBDEF7DAF7FFCF8F1FE993367FA45F95ABE2FC7CBF91B6FBCF1AD7DFBF69DD8BD7BF7B5F5FD759D2620ABD29B0079C9AAA4BCC846562565631359E990B0D2EB8104CD8070CBC183072F7CFEF39FEF1F3B76ACFFD65B6F5D1E20AEA45C57AEBFF5D65B2F7EEE739FFBD1DCDCDCFBEAFBEE2A4D4056A53701F292554979918DAC4ACAC626B1DAE160B5B703C6AD9909DEF1E0830FFEF54D37DDD43F74E850FFCD37DFAC67869194DB95DB7FF6B39F7D7DDBB66DBF5D3F4E176902B22ABD099097AC4ACA8B6C645552363681B50E056BBD3DB0D19A39E01DF7DE7BEF3FDD7CF3CDFDE79E7BAE9E1156A5DCCFAE5DBBFE6B7E7EFEC6FAF1BA46139055E94D80BC6455525E6423AB92B231E5D66B1858AFFB013642796762CF9E3DFDD3A74FD773C19A94FBDBB973E76BB3B3B39FA81FB34B34015995DE04C84B5625E54536B22A291B536CBD8780F5BE3F603D3CF5D453B7946162BDDE99A835F77BE9FAEBAF3F373333F3FEFAB1BB42139055E94D80BC6455525E6423AB92B231A5EAE6FF1D4D7D66E1EB4AD4B7ABEF1798A4A6DFBFFAAB5FFDEA85F2330F1BE9BEFBEE3B373F3FFF40FDF85DA109C8AAF426405EB22A292FB2915549D9984275D35F8681BF68AAFC9D97AFA30E154BDDAEBE7F60520E1F3EFCA7E5D39C56FB03D8A32AF7BF6BD7AE976767673F5E3F872ED00464557A13202F59959417D9C8AAA46C4C99B666FF33BDFF190A0635CA50313C4C0CEAFAA1F36D8F038C53D3E75F75C71D77FCAA7CD4EB383CF1C413AF6EDDBAF5F1FA7974812620ABD29B0079C9AAA4BCC846562565638A2CD5E4B70D07CB0D156DD7FFF9C2F1614B3D1E300E4F3DF5D4EFEEDEBD7BE4DF33B156E571B66FDFFEEACCCCCC6FD6CF65529A01E7D1A6AEA98FD734015935A926405EBA59E3C88B6C74B3C6918D2E1A35CF2DAED4DCB70D096D4345DB756DC3C4C0951E17D828DFFCE6371F2ABFE17A9C0E1C38F0CCDCDCDCCDF573999466C1EC2FD4B28BA72620AB26D504C84B376B1C79918D6ED638B2D145A3E6B9326A53DF362C0C0F156DE7971B2606467D7C603D1D3C78F0E571FD77A781871F7EF8D96671BAB77E2E9332B4682EBB786A02B26A524D80BC74B3C69117D9E8668D231B5D346A9E87ACB4996F1B1ACAF757B51C1F65981858E9F300D6EA8B5FFCE28513274ED43DFF867AFEF9E74F368BD2F7EBE732292D8B66EBE2A909C8AA4935012D3991970ED438F2D29209D9E8408D231B5DD492E3D63C2F586D13DF36543C5F7DBF92616260B5CF07588D3D7BF65C3A7BF66CDDF36FA83367CEBCD62C462FD5CF65525A16CBBA2E2F9E9A80AC9A5413D0928FBAE425B0C69197962CD4251B81358E6C74514B7EEBBA9CE7DEDA9BF7B6A1622DC3C4C05A9F1730AA1D3B76F42F5EBC58F7FC1BAA79BC5FB42C4CF1A509C8AAFAF5492B79C9AAFAF59964C94656D5AF8F5A7935EDC46D757FB142E5BF39D5EF4C94EFCBF1B528CFAB0C15BF519F00D6D14D37DD7471DCEF50BCFCF2CBFFBEB51BEF503CBAD57F5388AD49FDAB624B4EE4A503358EBCB46442363A50E3C84617B5E4B835CFBDB5BF13B0DC3B146D9FFE34AAB53E2F60545FF8C2177E31EE9FA1F8F18F7FFC83ADD93F43512F9697A53501BDC50BEFE51AD7F949D7A49A80AEE5A5D7F21A961AD7F9D75F7FBDBF65CB96B71D9B448D232F5DCA46AFE5352B358EF30F3CF040FF031FF840FFEAABAFEE7FF8C31FEEFFF0873F5CF4FCC659E3C846178D9AE7055B7AAB6BDEDB8689FA9D8AD50C15AB7D3EC06ADC7EFBEDFF36EE4F79FAF6B7BF7DFFD6CC4F795A6EB18C680286AB37B479B71DDBE8F393AE4935015DCB4BAFE5351B3EB691E7CBDAF2B18F7DECF2F76DD78DB3C691972E65A3D7F27A0C1FDBC8F31FF9C847FAEF7AD7BB06AF49FF431FFAD0A26BC759E3C846178D9AE7215B7A2B6BE2DB8689F233136D9FF2B492A162A5CF0358AB03070EFCE1B87F0FC5DEBD7B0F85FD1E8A9116CB842660B87ACB6CD8F59FDB8EADF5FCA46B524D40D7F2D26B79CD868F6DE4F9F2F5A31FFDE8E5AF6DD78DB3C691972E65A3D7F27A0C1FDBE8F3A54E9E3C79F9D8BBDFFDEE45D78EB3C6918D2E1A35CF952DBDD19AF9A58689E57E0FC52843C5A88F0FACA79D3B77FED6AE5DBBDE1AE36FCAFECF66817A39E937658F2AA10918AEDE1536EC8D3E3FE94A6F0252F2D26B79CD868F6DE4F9EBAEBBAE7FEAD4A9CBDFB75D37CE4ACA4B42367A2DAFC7F0B18D3E5F6AFFFEFD978F7DEA539F5A74ED382B291B53624B6FF9A6BE6D5868FB34A7B6EB961B2AAEF4B8C046DAB76FDF8BE3FA6F4FF7DC73CF5F3503C5E3F573E882842660B87A57D8B037FAFCA42BBD0948C94BAFE5351B3EB6D1E707DFD7C7C65D497949C846AFE5F5183EB6D1E7BFF5AD6FF5AFBAEAAAFE7BDFFBDEFE0B2FBCB0E8DA71565236A6C8965E7B73DF3624B40D13036DD7B70D154B3D1E302EBB77EFBEF6D65B6FBDF8E69B6FD6FDFFBA6AEEFFA7CD30F1C2ECECECC7EBE7D005094DC070F5AEB0616FF4F949577A139092975ECB6B367C6CA3CF0FBEAF8F8DBB92F292908D5ECBEB317C6C23CF3FF9E493FD77BEF39DFD0F7EF083FDF2A120F575E3AEA46C4C992DBDC54DFE677A0BEBC1422D374C0CB40D15D70F9D6F7B1C6012F6EEDDFBA343870E5DAA87807574E9EB5FFFFA5F3603C5A1FAB1BB22A10918AEDE321B76FDE7B6636B3D3FE94A6F0252F2D26B79CD868F6DF4F9C1F7F5B17157525E12B2D16B793D868F6DE4F96BAFBDB6FFC94F7EB2FFEAABAF2EBA661295948D29B4A5F7F6667F78381865981858EA76F5FD0393343333F3FE9D3B77BEF6DC73CFD583C0BAF8EE77BFFBCD669838551EA77EECAE48680286ABB7D0A4D535AEF393AEF42620252FBD96D7B0D4B8CE0F5F533FB77156525E12B2D16B79CD4A8DE3FC7BDEF39EB71DBBE38E3B163DBF71565236A6D496DEE2A1A2BCC330EA303150DFAEBE5F20C1B66DDB7EFB861B6EF8AFD3A74FD7F3C09A9C3C79F2EF9B61E267B3B3B39FA81FB34B129A00F5BF95DE04C84B5625E54536B22A291B536CBD9BFFF5BE3F603DCDCFCFDFB873E7CE5FACD73B150BEF4CBCD4D40DF563758D2620ABD29B0079C9AAA4BCC84656256563CAADD710B05EF7036CA4F24EC28E1D3BCEDD77DF7DE756FB83DAE507B0177E66E23FBBFECEC4802620ABD29B0079C9AAA4BCC846562565631358EB30B0D6DB03E3343737F7BEF9F9F90777EDDAF5F2134F3CF1EAA8BFA7A2B9EEF43DF7DCF3D7E5D39C9A3A5CEEA7BEEFAED20464557A13202F59959417D9C8AAA46C6C12AB1D0A567B3B60D2CA47BC3683C1D1EDDBB79FFFCA57BEF2AF478E1C79E6F9E79FFF8F575E79E5F5667E78EDE73FFFF989679F7DF607DFF9CE77EEDBB76FDFE1E6DA57CAF55DFD68D8E56802B22ABD099097AC4ACA8B6C645552363691950E072BBD1E48547EB3753328EC999B9BBBBFF9FA7453E5774AF417BE3EBD707C4F177F03F6A834015995DE04C84B5625E54536B22A291B9BCCA843C2A8D701E4D30464557A13202F59959417D9C8AAA46C6C42571A16AE741EA05B34015995DE04C84B5625E54536B22A291B9BD45243C352C701BA4B139055E94D80BC6455525E6423AB92B2B189D5C343FD3DC074D00464557A13202F59959417D9C8AAA46C6C728321E2B685AF860960FA6802B22ABD099097AC4ACA8B6C64555236E86D291FF852BED62700A6822620ABD29B0079C9AAA4BCC846562565835E6F61A000984E9A80AC4A6F02E425AB92F2221B5995940D0C14C094D30464557A13202F59959417D9C8AAA46C60A000A69C2620ABD29B0079C9AAA4BCC84656256503030530E534015995DE04C84B5625E54536B22A291B18288029A709C8AAF426405EB22A292FB2915549D9C040014C394D4056A53701F292554979918DAC4ACA06060A60CA6902B22ABD099097AC4ACA8B6C64555236305000534E139055E94D80BC6455525E6423AB92B281810298729A80AC4A6F02E425AB92F2221B5995940D0C14C094D30464557A13202F59959417D9C8AAA46C60A000A69C2620ABD29B0079C9AAA4BCC84656256503030530E534015995DE04C84B5625E54536B22A291B18288029A709C8AAF426405EB22A292FB2915549D9C040014C394D4056A53701F292554979918DAC4ACA06060A60CA6902B22ABD099097AC4ACA8B6C6455523630500053EEC89123972E5CB8B0683352E3AFE675F859D304BC51BF4649E425A7D2F2221B3995960D0C14C0943B7AF4E8CF4E9F3EBD684352E3AF9FFCE427F7344DC0D3F56B94445E722A2D2FB2915369D9C040014CB9471E79E4BAC71E7BECFCA953A75EF1AF8B93A9E6EFFDD4C99327FFA66900FEA3A9DFA95FA324F232F94ACD8B6C4CBE52B3818102D804CAC653FE35ABA95F96FF77DBB5BAFBEEBBFB65B1AE8F77A8CADF7BF9FBEF4403509EE7C2F3ED645EA6A062F3529ED3C273938DC9546C36363B030540B866A17ED4620D402A7B1440B06691BEA62CD40B754D7D1E0026CD4001106CF0EEC4423D5A9F07804933500084AADE9DF02E0500910C1400A1AA7727BC4B014024030540A025DE9DF02E0500710C140081967877C2BB1400C43150008429EF40B40C11755D53DF0E0026C1400110A6BC03D13240D4E55D0A00221828003AC0620D402A7B14400758AC0148658F02E8008B3500A9EC51001D60B10620953D0AA0032CD600A4B247017480C51A8054F628800EB0580390CA1E05D001166B0052D9A3003AC0620D402A7B14400758AC0148658F02E8008B3500A9EC51001D60B10620953D0AA0032CD600A4B247017480C51A8054F628800EB0580390CA1E05D001166B0052D9A3003AC0620D402A7B14400758AC0148658F02E8008B3500A9EC51001D60B10620953D0AA0032CD600A4B247017480C51A8054F628800EB0580390CA1E05D001166B0052D9A3003AC0620D402A7B14400758AC0148658F02E8008B3500A9EC51001D60B10620953D0AA0032CD600A4B247017480C51A8054F628800EB0580390CA1E05D001166B0052D9A3003AC0620D402A7B14400758AC0148658F02E8008B3500A9EC51001D60B10620953D0AA0032CD600A4B247017480C51A8054F628800EB0580390CA1E05D001166B0052D9A3003AC0620D402A7B14400758AC0148658F02E8008B3500A9EC51001D60B10620953D0AA0032CD600A4B247017480C51A8054F628800EB0580390CA1E05D001166B0052D9A3003AC0620D402A7B14400758AC0148658F02E8008B3500A9EC51001D60B10620953D0AA0032CD600A4B247017480C51A8054F628800EB0580390CA1E05D001166B0052D9A3003AC0620D402A7B14400758AC0148658F02E8008B3500A9EC51001D60B10620953D0AA0032CD600A4B247017480C51A8054F628800EB0580390CA1E05D001166B0052D9A3003AC0620D402A7B14400758AC0148658F02E8008B3500A9EC51001D60B10620953D0AA0032CD600A4B247017480C51A8054F628800EB0580390CA1E05D001166B0052D9A3003AA02CD64A29A5546AD5FB16000000000000000000000000000000000000000000000000000000C0DBFC37916F6A1483D4301A0000000049454E44AE426082, 1);
INSERT INTO `ACT_GE_BYTEARRAY` VALUES ('bdf872fa-e621-11ef-a57b-cc28aa504d95', 1, 'D:\\Code\\system2\\target\\classes\\processes\\.bpmn20.xml', 'bdf872f9-e621-11ef-a57b-cc28aa504d95', 0x3C3F786D6C2076657273696F6E3D22312E302220656E636F64696E673D225554462D38223F3E0A3C646566696E6974696F6E7320786D6C6E733D22687474703A2F2F7777772E6F6D672E6F72672F737065632F42504D4E2F32303130303532342F4D4F44454C2220786D6C6E733A7873693D22687474703A2F2F7777772E77332E6F72672F323030312F584D4C536368656D612D696E7374616E63652220786D6C6E733A7873643D22687474703A2F2F7777772E77332E6F72672F323030312F584D4C536368656D612220786D6C6E733A666C6F7761626C653D22687474703A2F2F666C6F7761626C652E6F72672F62706D6E2220786D6C6E733A62706D6E64693D22687474703A2F2F7777772E6F6D672E6F72672F737065632F42504D4E2F32303130303532342F44492220786D6C6E733A6F6D6764633D22687474703A2F2F7777772E6F6D672E6F72672F737065632F44442F32303130303532342F44432220786D6C6E733A6F6D6764693D22687474703A2F2F7777772E6F6D672E6F72672F737065632F44442F32303130303532342F44492220747970654C616E67756167653D22687474703A2F2F7777772E77332E6F72672F323030312F584D4C536368656D61222065787072657373696F6E4C616E67756167653D22687474703A2F2F7777772E77332E6F72672F313939392F585061746822207461726765744E616D6573706163653D22687474703A2F2F7777772E666C6F7761626C652E6F72672F70726F6365737364656622206578706F727465723D22466C6F7761626C65204F70656E20536F75726365204D6F64656C657222206578706F7274657256657273696F6E3D22362E382E30223E0A20203C70726F636573732069643D22617373657443616C6C22206E616D653D22E8B584E4BAA7E8B083E794A8E6B581E7A88B2220697345786563757461626C653D2274727565223E0A202020203C646F63756D656E746174696F6E3EE8B584E4BAA7E8B083E794A8E6B581E7A88B3C2F646F63756D656E746174696F6E3E0A202020203C73746172744576656E742069643D2273746172744576656E74312220666C6F7761626C653A666F726D4669656C6456616C69646174696F6E3D2274727565223E3C2F73746172744576656E743E0A202020203C757365725461736B2069643D227369642D32384634363439432D323739302D343536312D384137462D39413831423044373445384522206E616D653D22E794A8E688B7E794B3E8AFB72220666C6F7761626C653A61737369676E65653D22247B7573657249647D2220666C6F7761626C653A666F726D4669656C6456616C69646174696F6E3D2274727565223E0A2020202020203C657874656E73696F6E456C656D656E74733E0A20202020202020203C6D6F64656C65723A696E69746961746F722D63616E2D636F6D706C65746520786D6C6E733A6D6F64656C65723D22687474703A2F2F666C6F7761626C652E6F72672F6D6F64656C6572223E3C215B43444154415B66616C73655D5D3E3C2F6D6F64656C65723A696E69746961746F722D63616E2D636F6D706C6574653E0A2020202020203C2F657874656E73696F6E456C656D656E74733E0A202020203C2F757365725461736B3E0A202020203C73657175656E6365466C6F772069643D227369642D44373945383533322D373936462D343541332D393932412D3738454346313837323746302220736F757263655265663D2273746172744576656E743122207461726765745265663D227369642D32384634363439432D323739302D343536312D384137462D394138314230443734453845223E3C2F73657175656E6365466C6F773E0A202020203C757365725461736B2069643D227369642D45334639343536372D364631442D343644422D384238382D43433139334231453334433022206E616D653D22E9A286E5AFBCE5AEA1E6A0B82220666C6F7761626C653A61737369676E65653D22247B6C656164657249647D2220666C6F7761626C653A666F726D4669656C6456616C69646174696F6E3D2274727565223E0A2020202020203C657874656E73696F6E456C656D656E74733E0A20202020202020203C666C6F7761626C653A7461736B4C697374656E6572206576656E743D22637265617465222064656C656761746545787072657373696F6E3D22247B7461736B41737369676E65654C697374656E65727D222F3E0A20202020202020203C6D6F64656C65723A696E69746961746F722D63616E2D636F6D706C65746520786D6C6E733A6D6F64656C65723D22687474703A2F2F666C6F7761626C652E6F72672F6D6F64656C6572223E3C215B43444154415B66616C73655D5D3E3C2F6D6F64656C65723A696E69746961746F722D63616E2D636F6D706C6574653E0A2020202020203C2F657874656E73696F6E456C656D656E74733E0A202020203C2F757365725461736B3E0A202020203C73657175656E6365466C6F772069643D227369642D35443634344145412D394238452D344135342D423641312D3346333643453939354545422220736F757263655265663D227369642D32384634363439432D323739302D343536312D384137462D39413831423044373445384522207461726765745265663D227369642D45334639343536372D364631442D343644422D384238382D434331393342314533344330223E0A2020202020203C657874656E73696F6E456C656D656E74733E0A20202020202020203C666C6F7761626C653A657865637574696F6E4C697374656E657220636C6173733D22636F6D2E70726F6A6563742E73797374656D322E6C697374656E65722E50726F636573735374617475734C697374656E657222206576656E743D2274616B65222F3E0A2020202020203C2F657874656E73696F6E456C656D656E74733E0A202020203C2F73657175656E6365466C6F773E0A202020203C6578636C7573697665476174657761792069643D227369642D36354245334639392D384445442D343833462D393246332D413344333446353144414333223E3C2F6578636C7573697665476174657761793E0A202020203C73657175656E6365466C6F772069643D227369642D43313842354431352D373430432D343035382D383034452D3241383933373944394546352220736F757263655265663D227369642D44373643303439432D353341382D343446302D384131432D39333044394436383531333222207461726765745265663D227369642D36354245334639392D384445442D343833462D393246332D413344333446353144414333223E3C2F73657175656E6365466C6F773E0A202020203C656E644576656E742069643D227369642D43333037363846432D343331452D343238422D383439392D463538343244354437333541223E0A2020202020203C657874656E73696F6E456C656D656E74733E0A20202020202020203C666C6F7761626C653A657865637574696F6E4C697374656E65722064656C656761746545787072657373696F6E3D22247B70726F636573735374617475734C697374656E65727D22206576656E743D22656E64222F3E0A2020202020203C2F657874656E73696F6E456C656D656E74733E0A202020203C2F656E644576656E743E0A202020203C73657175656E6365466C6F772069643D227369642D30414239423441322D433946302D344431372D384543462D3830373342373845413236442220736F757263655265663D227369642D36354245334639392D384445442D343833462D393246332D41334433344635314441433322207461726765745265663D227369642D32384634363439432D323739302D343536312D384137462D394138314230443734453845223E3C2F73657175656E6365466C6F773E0A202020203C757365725461736B2069643D227369642D44373643303439432D353341382D343446302D384131432D39333044394436383531333222206E616D653D22E9A286E5AFBCE5AEA1E6A0B82220666C6F7761626C653A61737369676E65653D22247B6C656164657249647D2220666C6F7761626C653A666F726D4669656C6456616C69646174696F6E3D2274727565223E0A2020202020203C657874656E73696F6E456C656D656E74733E0A20202020202020203C6D6F64656C65723A696E69746961746F722D63616E2D636F6D706C65746520786D6C6E733A6D6F64656C65723D22687474703A2F2F666C6F7761626C652E6F72672F6D6F64656C6572223E3C215B43444154415B66616C73655D5D3E3C2F6D6F64656C65723A696E69746961746F722D63616E2D636F6D706C6574653E0A2020202020203C2F657874656E73696F6E456C656D656E74733E0A202020203C2F757365725461736B3E0A202020203C73657175656E6365466C6F772069643D227369642D46303430313030312D454436322D344237322D393438372D4339443437313337373442452220736F757263655265663D227369642D45334639343536372D364631442D343644422D384238382D43433139334231453334433022207461726765745265663D227369642D44373643303439432D353341382D343446302D384131432D393330443944363835313332223E3C2F73657175656E6365466C6F773E0A202020203C73657175656E6365466C6F772069643D227369642D43414146304339422D363639302D343636312D383431342D3431453231454338333241312220736F757263655265663D227369642D36354245334639392D384445442D343833462D393246332D41334433344635314441433322207461726765745265663D227369642D43333037363846432D343331452D343238422D383439392D463538343244354437333541223E3C2F73657175656E6365466C6F773E0A20203C2F70726F636573733E0A20203C62706D6E64693A42504D4E4469616772616D2069643D2242504D4E4469616772616D5F617373657443616C6C223E0A202020203C62706D6E64693A42504D4E506C616E652062706D6E456C656D656E743D22617373657443616C6C222069643D2242504D4E506C616E655F617373657443616C6C223E0A2020202020203C62706D6E64693A42504D4E53686170652062706D6E456C656D656E743D2273746172744576656E7431222069643D2242504D4E53686170655F73746172744576656E7431223E0A20202020202020203C6F6D6764633A426F756E6473206865696768743D2233302E30222077696474683D2233302E302220783D223130302E302220793D223136332E30223E3C2F6F6D6764633A426F756E64733E0A2020202020203C2F62706D6E64693A42504D4E53686170653E0A2020202020203C62706D6E64693A42504D4E53686170652062706D6E456C656D656E743D227369642D32384634363439432D323739302D343536312D384137462D394138314230443734453845222069643D2242504D4E53686170655F7369642D32384634363439432D323739302D343536312D384137462D394138314230443734453845223E0A20202020202020203C6F6D6764633A426F756E6473206865696768743D2238302E30222077696474683D223130302E302220783D223137352E302220793D223133382E30223E3C2F6F6D6764633A426F756E64733E0A2020202020203C2F62706D6E64693A42504D4E53686170653E0A2020202020203C62706D6E64693A42504D4E53686170652062706D6E456C656D656E743D227369642D45334639343536372D364631442D343644422D384238382D434331393342314533344330222069643D2242504D4E53686170655F7369642D45334639343536372D364631442D343644422D384238382D434331393342314533344330223E0A20202020202020203C6F6D6764633A426F756E6473206865696768743D2238302E30222077696474683D223130302E302220783D223331352E302220793D223133382E30223E3C2F6F6D6764633A426F756E64733E0A2020202020203C2F62706D6E64693A42504D4E53686170653E0A2020202020203C62706D6E64693A42504D4E53686170652062706D6E456C656D656E743D227369642D36354245334639392D384445442D343833462D393246332D413344333446353144414333222069643D2242504D4E53686170655F7369642D36354245334639392D384445442D343833462D393246332D413344333446353144414333223E0A20202020202020203C6F6D6764633A426F756E6473206865696768743D2234302E30222077696474683D2234302E302220783D223633302E302220793D223135382E30223E3C2F6F6D6764633A426F756E64733E0A2020202020203C2F62706D6E64693A42504D4E53686170653E0A2020202020203C62706D6E64693A42504D4E53686170652062706D6E456C656D656E743D227369642D43333037363846432D343331452D343238422D383439392D463538343244354437333541222069643D2242504D4E53686170655F7369642D43333037363846432D343331452D343238422D383439392D463538343244354437333541223E0A20202020202020203C6F6D6764633A426F756E6473206865696768743D2232382E30222077696474683D2232382E302220783D223735302E302220793D223130352E30223E3C2F6F6D6764633A426F756E64733E0A2020202020203C2F62706D6E64693A42504D4E53686170653E0A2020202020203C62706D6E64693A42504D4E53686170652062706D6E456C656D656E743D227369642D44373643303439432D353341382D343446302D384131432D393330443944363835313332222069643D2242504D4E53686170655F7369642D44373643303439432D353341382D343446302D384131432D393330443944363835313332223E0A20202020202020203C6F6D6764633A426F756E6473206865696768743D2238302E30222077696474683D223130302E302220783D223435302E302220793D223133382E30223E3C2F6F6D6764633A426F756E64733E0A2020202020203C2F62706D6E64693A42504D4E53686170653E0A2020202020203C62706D6E64693A42504D4E456467652062706D6E456C656D656E743D227369642D30414239423441322D433946302D344431372D384543462D383037334237384541323644222069643D2242504D4E456467655F7369642D30414239423441322D433946302D344431372D384543462D3830373342373845413236442220666C6F7761626C653A736F75726365446F636B6572583D2232302E352220666C6F7761626C653A736F75726365446F636B6572593D2232302E352220666C6F7761626C653A746172676574446F636B6572583D2235302E302220666C6F7761626C653A746172676574446F636B6572593D2237392E30223E0A20202020202020203C6F6D6764693A776179706F696E7420783D223635302E352220793D223139372E3434323230383035393231303537223E3C2F6F6D6764693A776179706F696E743E0A20202020202020203C6F6D6764693A776179706F696E7420783D223635302E352220793D223330302E30223E3C2F6F6D6764693A776179706F696E743E0A20202020202020203C6F6D6764693A776179706F696E7420783D223232352E302220793D223330302E30223E3C2F6F6D6764693A776179706F696E743E0A20202020202020203C6F6D6764693A776179706F696E7420783D223232352E302220793D223231372E3935303030303030303030303032223E3C2F6F6D6764693A776179706F696E743E0A2020202020203C2F62706D6E64693A42504D4E456467653E0A2020202020203C62706D6E64693A42504D4E456467652062706D6E456C656D656E743D227369642D43414146304339422D363639302D343636312D383431342D343145323145433833324131222069643D2242504D4E456467655F7369642D43414146304339422D363639302D343636312D383431342D3431453231454338333241312220666C6F7761626C653A736F75726365446F636B6572583D2232302E352220666C6F7761626C653A736F75726365446F636B6572593D2232302E352220666C6F7761626C653A746172676574446F636B6572583D2231342E302220666C6F7761626C653A746172676574446F636B6572593D2231342E30223E0A20202020202020203C6F6D6764693A776179706F696E7420783D223635302E352220793D223135382E35223E3C2F6F6D6764693A776179706F696E743E0A20202020202020203C6F6D6764693A776179706F696E7420783D223635302E352220793D223131392E30223E3C2F6F6D6764693A776179706F696E743E0A20202020202020203C6F6D6764693A776179706F696E7420783D223735302E302220793D223131392E30223E3C2F6F6D6764693A776179706F696E743E0A2020202020203C2F62706D6E64693A42504D4E456467653E0A2020202020203C62706D6E64693A42504D4E456467652062706D6E456C656D656E743D227369642D46303430313030312D454436322D344237322D393438372D433944343731333737344245222069643D2242504D4E456467655F7369642D46303430313030312D454436322D344237322D393438372D4339443437313337373442452220666C6F7761626C653A736F75726365446F636B6572583D2235302E302220666C6F7761626C653A736F75726365446F636B6572593D2234302E302220666C6F7761626C653A746172676574446F636B6572583D2235302E302220666C6F7761626C653A746172676574446F636B6572593D2234302E30223E0A20202020202020203C6F6D6764693A776179706F696E7420783D223431342E39353030303030303030303030352220793D223137382E30223E3C2F6F6D6764693A776179706F696E743E0A20202020202020203C6F6D6764693A776179706F696E7420783D223434392E39393939393939393939373230332220793D223137382E30223E3C2F6F6D6764693A776179706F696E743E0A2020202020203C2F62706D6E64693A42504D4E456467653E0A2020202020203C62706D6E64693A42504D4E456467652062706D6E456C656D656E743D227369642D44373945383533322D373936462D343541332D393932412D373845434631383732374630222069643D2242504D4E456467655F7369642D44373945383533322D373936462D343541332D393932412D3738454346313837323746302220666C6F7761626C653A736F75726365446F636B6572583D2231352E302220666C6F7761626C653A736F75726365446F636B6572593D2231352E302220666C6F7761626C653A746172676574446F636B6572583D2235302E302220666C6F7761626C653A746172676574446F636B6572593D2234302E30223E0A20202020202020203C6F6D6764693A776179706F696E7420783D223132392E393439393938343839393537362220793D223137382E30223E3C2F6F6D6764693A776179706F696E743E0A20202020202020203C6F6D6764693A776179706F696E7420783D223137342E393939393939393939393931372220793D223137382E30223E3C2F6F6D6764693A776179706F696E743E0A2020202020203C2F62706D6E64693A42504D4E456467653E0A2020202020203C62706D6E64693A42504D4E456467652062706D6E456C656D656E743D227369642D43313842354431352D373430432D343035382D383034452D324138393337394439454635222069643D2242504D4E456467655F7369642D43313842354431352D373430432D343035382D383034452D3241383933373944394546352220666C6F7761626C653A736F75726365446F636B6572583D2239392E302220666C6F7761626C653A736F75726365446F636B6572593D2234302E302220666C6F7761626C653A746172676574446F636B6572583D2232302E352220666C6F7761626C653A746172676574446F636B6572593D2232302E35223E0A20202020202020203C6F6D6764693A776179706F696E7420783D223534392E39352220793D223137382E3030343637393830323935353638223E3C2F6F6D6764693A776179706F696E743E0A20202020202020203C6F6D6764693A776179706F696E7420783D223633302E34303039393030393930312220793D223137382E34303039393030393930303939223E3C2F6F6D6764693A776179706F696E743E0A2020202020203C2F62706D6E64693A42504D4E456467653E0A202020203C2F62706D6E64693A42504D4E506C616E653E0A20203C2F62706D6E64693A42504D4E4469616772616D3E0A3C2F646566696E6974696F6E733E, 0);
INSERT INTO `ACT_GE_BYTEARRAY` VALUES ('be11ee6b-e621-11ef-a57b-cc28aa504d95', 1, 'D:\\Code\\system2\\target\\classes\\processes\\.assetCall.png', 'bdf872f9-e621-11ef-a57b-cc28aa504d95', 0x89504E470D0A1A0A0000000D4948445200000314000001360806000000F878D4850000177B49444154785EEDDDDF8F5CE57907F04D2EAAA8FF42942BF83F0C12512E7211B5D2EEDAEB98C4600B3BD8285268224150711D8934CA5DAB542DAD225053A1562281A836040CC4109C4214A90DA410629B8482E3E01F18A21862F0F4BCEE4E3ABC7BD69EFDE199EF39FBF9488F367B66E6CC88FDE67D9FC7677766660600000000000000000000000000000000000000000000000000000000000000000000000000000000000000000000000000000000000000000000000000000000000000000000000000000000000000000000000000000000000000000000000000000000000000000000000000000000000000000000000000000000000000000000000000000000000000000000000000000000000000000000000000000000000000000000000000000000000000000000000000000000000000000000000000000000000000000000000000000000000000000000000000000000000000000000000000000000000000000000000000000000000000000000000000000000000000000000000000000000000000000000000000000000000000000000000000000000000000000000000000000000000000000000000000000000000000003A6E7676F6E39B376FDE353F3FFF70F3F5B9A65E6B6AB0F8F5B9C5E3BBCAFDEAC70200001BD4DCDCDCF5CDA07078717818B70E97C7D5E70200003688F9F9F96B9AC1E060CBB0B0923A58CE539F1B0000E8B1B9B9B91BB66CD9F2D6E870B06DDBB6C13DF7DC333874E8D0E0E8D1A383D3A74F0F8AF2B57C5F8E97DBCBFDAAA1E24C395FFD1C0000400F3503C04DCD30F1FE7020D8BA75EBE0DE7BEF1D9C3D7BF6D2007125E57EE5FEE5712343C58572DEFAB90000801E59BC32F1C76162CF9E3D83E3C78FD733C358CAE3CAE347870A572A0000A0A7666767AF5D5858383B1C00EEBCF3CEC1B973E7EA396145CAE3CB7946868AD3E579EAE70600003AAE69F60F8C5E9958EB303154CE535DA938503F370000D0618B6F0DFBC7BF9958EDAF392DA79C6FF46F2ABCA52C0000F448D3E43F3D6CF6CB1F545F0DE5BC2357299EAE5F03000010A669DC9F6CEABAFAF8A8C54FC0BE581AFDF296AFE3BE9BD34A95F38EBCA5EC459FA80D0000E146AE082C3B58CCCFCFEF1EDEEFEB5FFF7A3D07ACAB72FEE17395E7AD5F0B0000106464A05876B068BE7F7078FBE38F3F5ECF00EBAA9C7FE4B53C38FA3A000080302D03C592C1A2F9FAFCF0F8B163C7EA19605D95F38FBC86E7AB970B000024691924EA2A83C5A9E1F767CE9CA967807555CE3FF2DCAFD7AF170000C6D2D2D8AA80BA70E1423D03ACAB72FE91E77BB7CE0500008CA53494F531D65F3D308CD4939BFFFF579E5E1F1E77850200804E30504CC6E5068991FBF81B0A0000BAC5403119971B2486367B97270000BAC6403119971B24867C0E0500009D63A0C831C94FCAFEEC673F7BE979CAF3F9A46C000056CD4091A5F9793C3DBC7270EFBDF7D6B3C0BA28E71D3E4779BEFA350000C0D80C1459E6E6E6AE1F36FB5BB76E1D1C3F7EBC9E07D6A49C6F616161787562509EAF7E0D0000303603459EE6677260D8F0EFD9B36770EEDCB97A2E5895729E5B6FBDF58391AB1307EAE7060080153150E4999D9DBDB6F9B99C1E36FE77DE79E79A878AF2F83BEEB8E38F5726CAF9CBF3D4CF0D00002B62A0C83437377743F3B3B9307AA562B5BFFE541E575D99B850CE5F3F270000AC98812257F3B3B96974A8287F5351FEA07ADC777F2AF72BF71FFD9B89C5F3DD543F170000AC8A8122DBE2958A332303C1A5B794BDE79E7B06870E1D1A1C3D7A7470FAF4E94B0344F95ABE2FC7CBED236F0D3BAC33AE4C0000B0AE0C14F9E6E7E7AF697E4E07ABE160A575B09CA73E370000AC496936EB63645A7C4BD9C32DC3C2E5EAB0B7860500E0AA315074CFE2276AEF9A9F9F7FB8F9FA5C53AF2D0E0FE5EB738BC777F9046C0000AE3A03050000B06A060A000060D50C1440AF0D06833F3976ECD8BF1E3972E40FE52DD01E7BEC3135E16AFEBB5F3C7CF8F01B4F3CF1C467EA9F4F1A79997EA5E64536A65FA9D9C04001F45CD300FC5BB3010D4E9E3C39387FFEFCE0BDF7DE5313AEF2DFBDFCF77FEAA9A7CE354DC1A7EB9F511279997EA5E64536A65FA9D9C04001F45CF9D7C4B201D51B939A7C9D3871E254D3043C57FF8C92C84B4EA5E54536722A2D1B1828809E2BBF9AE05F1333AAFC1C9A26E0DDFA6794445E722A2D2FB2915369D9C04001F45CF9BDDB7A3352D3ABF2F3A87F4649E425AB92F2221B5995940D0C1440CF8DDB04FCEEAD138363CF7F7BF0E2E37F75A9CAFF2EC7EAFBA9B5557A13202F59959417D9C8AAA46C60A0007A6E9C26E09DB3AF0F5E78F4AEC17FFEFB5F7CA8CAB1725B7D7FB5FA4A6F02E425AB92F2221B5995940D0C1440CF8DD304BCF6E2C34B1A8061FDCF8BDF5F727FB5FA4A6F02E425AB92F2221B5995940D0C1440CF8DD304FCF7937FBD64F31F56B9ADBEBF5A7DA53701F292554979918DAC4ACA06060AA0E7C669025E78ECEE259BFFB0CA6DF5FDD5EA2BBD099097AC4ACA8B6C645552363050003DA709C8AAF426405EB22A292FB2915549D9C04001F4DC384D407927967AF31F56B9ADBEBF5A7DA53701F292554979918DAC4ACA06060AA0E7C669025EF9D1DF2ED9FC87556EABEFAF565FE94D80BC6455525E6423AB92B2818102E8B9719A80D3AFFFD7E0851FFCE59206A01C2BB7D5F757ABAFF426405EB22A292FB2915549D9C04001F4DC384D40A9E33FB97F4913508ED5F7536BABF426405EB22A292FB2915549D9C04001F4DC584DC0BBEF0E5E79F6EF963401E558B96DC9FDD5AA2BBD099097AC4ACA8B6C645552363050003D77A526A07C7AED2F7EF4374B1A806195DB7CC2EDFA557A13202F59959417D9C8AAA46C60A0007A6ED926E0DD7707275E7962F0B347EE58B2F1D755EE53EEEB5F18D75EE94D80BC6455525E6423AB92B2818102E8B9B626E04AFF92B85CF917C6B5577A13202F59959417D9C8AAA46C60A0007AAEAD0918E75F1297ABF2D8FA7C6AFC4A6F02E425AB92F2221B5995940D0C1440CFB53501F5C6BED2AACFA7C6AFF426405EB22A292FB2915549D96066D3E240B1A9BE01A017DA9A0035BD4A6F02E425AB92F2221B5995948D0DAE0C11279BBA7DF1ABA102E81F4D4056A53701F292554979918DAC4ACAC606361C26864344FD3D403F6802B22ABD099097AC4ACA8B6C6455523636A8E58687E58E0374972620ABD29B0079C9AAA4BCC8465625656303BAD2D070A5DB81AE180C061F3D72E4C89FDF7FFFFD3FD8B76FDFA9AF7CE52BE777EFDE7DB1FCE1D4AE5DBB2EDC7EFBED6F37C77EB97FFFFE6F6EDFBEFD13F5E3FB42139055E94D80BC6455525E6423AB92B2B1C18C3B2C8C7B3F205133487CEC91471EF987BBEEBAEB0F3B76EC187CEB5BDF1AFCF8C73F1E1C3D7A7470FAF4E94151BE96EFCBF172FBCD37DFFCC1DEBD7B8FEDDCB9F353F5F9BA4E139055E94D80BC6455525E6423AB92B2B181AC744858E9FD8104CD8070EBFEFDFBCF7FF18B5F1C1C397264F0C1071F5C1A20AEA4DCAFDCFFB6DB6EBBF0852F7CE1A7F3F3F3D7D4E7EE2A4D4056A53701F292554979918DAC4ACAC606B1DAE160B58F0326AD99093EF2E8A38F7EE7965B6E191C387060F0FEFBEFD733C358CAE3CAE33FFFF9CFFF6ECB962D9FAC9FA78B34015995DE04C84B5625E54536B22A291B1BC05A8782B53E1EB8DA9A39E0230F3EF8E07FECDEBD7BF0D24B2FD533C2AA94F3ECD8B1E3F70B0B0B37D7CFD7359A80AC4A6F02E425AB92F2221B5995948D9E5BAF6160BDCE035C0DE5CAC4AE5DBB06274F9EACE7823529E7DBBE7DFB3B73737337D4CFD9259A80AC4A6F02E425AB92F2221B5995948D1E5BEF2160BDCF07AC87679F7DF6D6324CACD795895A73DE8B37DE78E3D9D9D9D96BEBE7EE0A4D4056A53701F292554979918DAC4ACA464FD5CDFF479AFADCE2D795A81F579F1798A6A6DFFFD8D7BEF6B5F3E56F1EAEA6871E7AE8ECC2C2C223F5F377852620ABD29B0079C9AAA4BCC846562565A387EAA6BF0C03FFD454F96F5EBE8E3B542CF7B8FAFCC0B41C3C78F0EFCBBB39ADF60FB0C755CEBF63C78E37E7E6E6AEAF5F43176802B22ABD099097AC4ACA8B6C645552367AA6ADD9FFDCCCFF0D05C31A67A8181D268675E3C8ED6DCF034C52D3E77FF4AB5FFDEA1FCA5BBD4EC233CF3CF3D6E6CD9B9FAE5F47176802B22ABD099097AC4ACA8B6C645552367A64B926BF6D38B8DC50D176FF7F5C3C3E6AB9E70326E1D9679FFDB39D3B778EFD39136B559E67EBD6AD6FCDCECE7EBC7E2DD3D20C384F36755D7DBCA609C8AAF426405EB26A1279B19674B326918D2E1A37CF2DAED4DCB70D096D4345DBFDDA8689A12B3D2F70B5DC77DF7D8F954FB89EA47DFBF6BD303F3FBFBB7E2DD3D22C9883C5BAECE2A909C8AAF426405EB26A1279B19674B326918D2E1A37CF95719BFAB6616174A868BBFD72C3C4D0B8CF0FACA7FDFBF7BF39A95F771A7AFCF1C75F6C16A707EBD7322D238BE665174F4D4056A53701F2925593C88BB5A49B35896C74D1B8791EB1D266BE6D6828DF7FB4E5F838C3C4D04A5F07B0565FFEF297CF1F3B76ACEEF9AFAA975F7EF9D566517ABE7E2DD3D2B268B62E9E9A80AC4A6F02E425AB2691979635C45AD2819A4436BAA825C7AD795EB4DA26BE6DA878B9FA7E25C3C4D06A5F0FB01ABB76EDBA78E6CC99BAE7BFAA4E9F3EFD4EB318BD5EBF966969592CEBBAB4786A02B22ABD099097AC9A445E5AD68EBAAC258135896C74514B7EEBBA94E799B537EF6D43C55A8689A1B5BE2E605CDBB66D1B5CB870A1EEF9AFAAE6F9DE6E5998E24B139055E94D80BC6455FDFFE769966C6455FDF3512BAF66C9BBBD5E0357A8FC9A537D65A27C5F8EAF45795D65A8F8D3FA06601DDD72CB2D17267D85E2CD37DFFCE5E66E5CA17872B35F53882D03855A494D222F2D6B88B5A40335896C74514B8E5BF33CB3F62B0197BB42D1F6EE4FE35AEBEB02C6F5A52F7DE9ED49FF0DC5CF7FFEF39F6CCEFE1B8A7AB1BC24AD099859BAF05EAA49DD3EED4A6F02E4E5C3B74FBB2691176BC9EA6E9F764D221B5D346E9E176D9A595DF3DE364CD4572A563354ACF6F500AB71C71D77FC62D2EFF2F4DDEF7EF7E1CD99EFF274B9C532B209B8DCB1AB7DFBB42BBD099097F663D3AA49E4C55AB2BADBA75D93C846178D9BE7119B6656D6C4B70D13E56F26DADEE5692543C54A5F07B056FBF6EDFBE6A43F8762CF9E3D07C23E8762ACC55213D07E6C5A95DE04C84BFBB169D524F2622D59DDEDD3AE4964A38BC6CD7365D3CC78CDFC72C3C4E53E87629CA162DCE707D6D3F6EDDB3FB163C78E0F26F849D9BF6916A837933E297B5C9A80F663D3AAF426405EDA8F4DAB92F2221BEDC7A65549D9E8894D33976FEADB8685B677736ABBDFE5868A2B3D2F7035EDDDBBF7F8A47EEDE981071EF8E766A078BA7E0D5DA009683F36AD4A6F02E4A5FDD8B42A292FB2D17E6C5A95948D1ED934D3DEDCB70D096DC3C450DBFDDB868AE59E0F98949D3B777EEAB6DB6EBBF0FEFBEFD7FDFFBA6ACEFF5A334CBC323737777DFD1ABA4013D07E6C5A95DE04C84BFBB16955525E64A3FDD8B42A291B3DB369666993FFB9A62EFDFC17EB72C3C450DB5071E3C8ED6DCF034CC39E3D7B7E7AE0C0818BF510B08E2E7EE31BDFF87633501CA89FBB2B3401EDC7A655E94D80BCB41F9B5625E54536DA8F4DAB92B2D1439B663EDCEC8F0E07E30C1343CB3DAE3E3F304DB3B3B3D76EDFBEFD9D975E7AA91E04D6C50F7FF8C3FB9A61E244799EFAB9BB22B10968AB49DD3EED4A6F02E4E5C3B74FBB92F2221B1FBE7DDA95948D9EDA34B374A8285718C61D2686EAC7D5E705126CD9B2E59337DD74D3EF4F9E3C59CF036BF2EAABAF7EBF1926DE989B9BBBA17ECE2E496B02367AA53701F292554979918DAC4ACA468FAD77F3BFDEE703D6D3C2C2C2CDDBB76F7F7BBDAE542C5E9978BDA99BEAE7EA1A4D4056A53701F292554979918DAC4ACA46CFADD710B05EE701AEA6722561DBB66D671F7AE8A1B3ABFD43EDF207D88B7F33F19BAE5F9918D20464557A13202F59959417D9C8AAA46C6C006B1D06D6FA786092E6E7E7AF5958587874C78E1D6F3EF3CC336F8DFB3915CDFD4E3EF0C003DF29EFE6D4D4C1729EFADC5DA509C8AAF426405EB22A292FB2915549D9D820563B14ACF671C0B495B7786D0683C35BB76E3D77F7DD77FFECD0A1432FBCFCF2CBBF3E75EAD4EF9AF9E19DDFFEF6B7C75E7CF1C59F7CEF7BDF7B68EFDEBD079BFB9E2AF7EFEA5BC35E8E2620ABD29B0079C9AAA4BCC846562565630359E970B0D2FB0389CA275B3783C2AEF9F9F9879BAFCF35553E5362B0F8F5B9C5E3BBBAF809D8E3D20464557A13202F59959417D9C8AAA46C6C30E30E09E3DE0F209F2620ABD29B0079C9AAA4BCC8465625656303BAD2B070A5DB01BA45139055E94D80BC6455525E6423AB92B2B1412D37342C771CA0BB34015995DE04C84B5625E54536B22A291B1B583D3CD4DF03F4832620ABD29B0079C9AAA4BCC84656256563831B0E11B72F7E354C00FDA309C8AAF426405EB22A292FB2915549D960665379C397F2B5BE01A01734015995DE04C84B5625E54536B22A291BCCCC2C0E1400FDA409C8AAF426405EB22A292FB2915549D9C04001F49C2620ABD29B0079C9AAA4BCC846562565030305D0739A80AC4A6F02E425AB92F2221B5995940D0C1440CF6902B22ABD099097AC4ACA8B6C645552363050003DA709C8AAF426405EB22A292FB2915549D9C04001F49C2620ABD29B0079C9AAA4BCC846562565030305D0739A80AC4A6F02E425AB92F2221B5995940D0C1440CF6902B22ABD099097AC4ACA8B6C645552363050003DA709C8AAF426405EB22A292FB2915549D9C04001F49C2620ABD29B0079C9AAA4BCC846562565030305D0739A80AC4A6F02E425AB92F2221B5995940D0C1440CF6902B22ABD099097AC4ACA8B6C645552363050003DA709C8AAF426405EB22A292FB2915549D9C04001F49C2620ABD29B0079C9AAA4BCC846562565030305D0739A80AC4A6F02E425AB92F2221B5995940D0C1440CF1D3A74E8E2F9F3E7976C466AF2D5FC1CDE689A8077EB9F511279C9A9B4BCC8464EA565030305D073870F1F7EE3E4C9934B362435F9FAD5AF7EF540D3043C57FF8C92C84B4EA5E54536722A2D1B1828809E7BE289273EF3D4534F9D3B71E2C429FFBA389D6AFEBB9F78F5D557FFA569007EDDD4A7EB9F511279997EA5E64536A65FA9D9C040016C0065E329FF9AD5D47BE5F76EBB56F7DF7FFFA02CD6F5F10E55F9EF5EFEFB77A20128AF73F1F576322F3DA8D8BC94D7B4F8DA64633A159B8D8DCE400110AE59A89FB4580390CA1E0510AC59A4AF2B0BF5625D57DF0E00D366A0000836BC3AB1584FD6B703C0B4192800425557275CA5002092810220547575C2550A0022192800022D7375C2550A00E2182800022D7375C2550A00E2182800C2942B102D43445DD7D58F038069305000842957205A0688BA5CA50020828102A0032CD600A4B247017480C51A8054F628800EB0580390CA1E05D001166B0052D9A3003AC0620D402A7B14400758AC0148658F02E8008B3500A9EC51001D60B10620953D0AA0032CD600A4B247017480C51A8054F628800EB0580390CA1E05D001166B0052D9A3003AC0620D402A7B14400758AC0148658F02E8008B3500A9EC51001D60B10620953D0AA0032CD600A4B247017480C51A8054F628800EB0580390CA1E05D001166B0052D9A3003AC0620D402A7B14400758AC0148658F02E8008B3500A9EC51001D60B10620953D0AA0032CD600A4B247017480C51A8054F628800EB0580390CA1E05D001166B0052D9A3003AC0620D402A7B14400758AC0148658F02E8008B3500A9EC51001D60B10620953D0AA0032CD600A4B247017480C51A8054F628800EB0580390CA1E05D001166B0052D9A3003AC0620D402A7B14400758AC0148658F02E8008B3500A9EC51001D60B10620953D0AA0032CD600A4B247017480C51A8054F628800EB0580390CA1E05D001166B0052D9A3003AC0620D402A7B14400758AC0148658F02E8008B3500A9EC51001D60B10620953D0AA0032CD600A4B247017480C51A8054F628800EB0580390CA1E05D001166B0052D9A3003AC0620D402A7B14400758AC0148658F02E8008B3500A9EC51001D60B10620953D0AA0032CD600A4B247017480C51A8054F628800EB0580390CA1E05D001166B0052D9A3003AC0620D402A7B14400758AC0148658F02E8008B3500A9EC51001D60B10620953D0AA0032CD600A4B247017480C51A8054F628800EB0580390CA1E05D001166B0052D9A3003AC0620D402A7B14400758AC0148658F02E8008B3500A9EC51001D60B10620953D0AA003CA62AD94524AA556BD6F010000000000000000000000000000000000000000000000000000007CC8FF029D4C36724B46D2E80000000049454E44AE426082, 1);
INSERT INTO `ACT_GE_BYTEARRAY` VALUES ('cdcd9db3-e63e-11ef-8eea-cc28aa504d95', 1, 'D:\\Code\\system2\\target\\classes\\processes\\ExpenseProcess.bpmn20.xml', 'cdcd9db2-e63e-11ef-8eea-cc28aa504d95', 0x3C3F786D6C2076657273696F6E3D22312E302220656E636F64696E673D225554462D38223F3E0D0A3C646566696E6974696F6E7320786D6C6E733D22687474703A2F2F7777772E6F6D672E6F72672F737065632F42504D4E2F32303130303532342F4D4F44454C2220786D6C6E733A7873693D22687474703A2F2F7777772E77332E6F72672F323030312F584D4C536368656D612D696E7374616E6365220D0A20202020202020202020202020786D6C6E733A666C6F7761626C653D22687474703A2F2F666C6F7761626C652E6F72672F62706D6E2220786D6C6E733A62706D6E64693D22687474703A2F2F7777772E6F6D672E6F72672F737065632F42504D4E2F32303130303532342F4449220D0A20202020202020202020202020786D6C6E733A6F6D6764633D22687474703A2F2F7777772E6F6D672E6F72672F737065632F44442F32303130303532342F44432220786D6C6E733A6F6D6764693D22687474703A2F2F7777772E6F6D672E6F72672F737065632F44442F32303130303532342F4449220D0A20202020202020202020202020747970654C616E67756167653D22687474703A2F2F7777772E77332E6F72672F323030312F584D4C536368656D61222065787072657373696F6E4C616E67756167653D22687474703A2F2F7777772E77332E6F72672F313939392F5850617468220D0A202020202020202020202020207461726765744E616D6573706163653D22687474703A2F2F7777772E666C6F7761626C652E6F72672F70726F63657373646566223E0D0A202020203C70726F636573732069643D22457870656E736522206E616D653D22457870656E736550726F636573732220697345786563757461626C653D2274727565223E0D0A20202020202020203C646F63756D656E746174696F6E3EE68AA5E99480E6B581E7A88B3C2F646F63756D656E746174696F6E3E0D0A20202020202020203C73746172744576656E742069643D22737461727422206E616D653D22E5BC80E5A78B223E3C2F73746172744576656E743E0D0A20202020202020203C757365725461736B2069643D2266696C6C5461736B22206E616D653D22E587BAE5B7AEE68AA5E994802220666C6F7761626C653A61737369676E65653D22247B7461736B557365727D223E0D0A2020202020202020202020203C657874656E73696F6E456C656D656E74733E0D0A202020202020202020202020202020203C6D6F64656C65723A696E69746961746F722D63616E2D636F6D706C65746520786D6C6E733A6D6F64656C65723D22687474703A2F2F666C6F7761626C652E6F72672F6D6F64656C6572223E0D0A20202020202020202020202020202020202020203C215B43444154415B66616C73655D5D3E3C2F6D6F64656C65723A696E69746961746F722D63616E2D636F6D706C6574653E0D0A2020202020202020202020203C2F657874656E73696F6E456C656D656E74733E0D0A20202020202020203C2F757365725461736B3E0D0A20202020202020203C6578636C7573697665476174657761792069643D226A756467655461736B223E3C2F6578636C7573697665476174657761793E0D0A20202020202020203C757365725461736B2069643D226469726563746F7254616B22206E616D653D22E7BB8FE79086E5AEA1E689B9223E0D0A2020202020202020202020203C657874656E73696F6E456C656D656E74733E0D0A202020202020202020202020202020203C666C6F7761626C653A7461736B4C697374656E6572206576656E743D22637265617465220D0A202020202020202020202020202020202020202020202020202020202020202020202020202020636C6173733D22636E2E677A73656E64692E666C6F7761626C652E6C697374656E6572732E4D616E616765725461736B48616E646C6572223E3C2F666C6F7761626C653A7461736B4C697374656E65723E0D0A2020202020202020202020203C2F657874656E73696F6E456C656D656E74733E0D0A20202020202020203C2F757365725461736B3E0D0A20202020202020203C757365725461736B2069643D22626F73735461736B22206E616D653D22E88081E69DBFE5AEA1E689B9223E0D0A2020202020202020202020203C657874656E73696F6E456C656D656E74733E0D0A202020202020202020202020202020203C666C6F7761626C653A7461736B4C697374656E6572206576656E743D22637265617465220D0A202020202020202020202020202020202020202020202020202020202020202020202020202020636C6173733D22636E2E677A73656E64692E666C6F7761626C652E6C697374656E6572732E426F73735461736B48616E646C6572223E3C2F666C6F7761626C653A7461736B4C697374656E65723E0D0A2020202020202020202020203C2F657874656E73696F6E456C656D656E74733E0D0A20202020202020203C2F757365725461736B3E0D0A20202020202020203C656E644576656E742069643D22656E6422206E616D653D22E7BB93E69D9F223E3C2F656E644576656E743E0D0A20202020202020203C73657175656E6365466C6F772069643D226469726563746F724E6F7450617373466C6F7722206E616D653D22E9A9B3E59B9E2220736F757263655265663D226469726563746F7254616B22207461726765745265663D2266696C6C5461736B223E0D0A2020202020202020202020203C636F6E646974696F6E45787072657373696F6E207873693A747970653D2274466F726D616C45787072657373696F6E223E3C215B43444154415B247B6F7574636F6D653D3D27E9A9B3E59B9E277D5D5D3E3C2F636F6E646974696F6E45787072657373696F6E3E0D0A20202020202020203C2F73657175656E6365466C6F773E0D0A20202020202020203C73657175656E6365466C6F772069643D22626F73734E6F7450617373466C6F7722206E616D653D22E9A9B3E59B9E2220736F757263655265663D22626F73735461736B22207461726765745265663D2266696C6C5461736B223E0D0A2020202020202020202020203C636F6E646974696F6E45787072657373696F6E207873693A747970653D2274466F726D616C45787072657373696F6E223E3C215B43444154415B247B6F7574636F6D653D3D27E9A9B3E59B9E277D5D5D3E3C2F636F6E646974696F6E45787072657373696F6E3E0D0A20202020202020203C2F73657175656E6365466C6F773E0D0A20202020202020203C73657175656E6365466C6F772069643D22666C6F77312220736F757263655265663D22737461727422207461726765745265663D2266696C6C5461736B223E3C2F73657175656E6365466C6F773E0D0A20202020202020203C73657175656E6365466C6F772069643D22666C6F77322220736F757263655265663D2266696C6C5461736B22207461726765745265663D226A756467655461736B223E3C2F73657175656E6365466C6F773E0D0A20202020202020203C73657175656E6365466C6F772069643D226A756467654D6F726522206E616D653D22E5A4A7E4BA8E353030E585832220736F757263655265663D226A756467655461736B22207461726765745265663D22626F73735461736B223E0D0A2020202020202020202020203C636F6E646974696F6E45787072657373696F6E207873693A747970653D2274466F726D616C45787072657373696F6E223E3C215B43444154415B247B6D6F6E6579203E203530307D5D5D3E3C2F636F6E646974696F6E45787072657373696F6E3E0D0A20202020202020203C2F73657175656E6365466C6F773E0D0A20202020202020203C73657175656E6365466C6F772069643D22626F737350617373466C6F7722206E616D653D22E9809AE8BF872220736F757263655265663D22626F73735461736B22207461726765745265663D22656E64223E0D0A2020202020202020202020203C636F6E646974696F6E45787072657373696F6E207873693A747970653D2274466F726D616C45787072657373696F6E223E3C215B43444154415B247B6F7574636F6D653D3D27E9809AE8BF87277D5D5D3E3C2F636F6E646974696F6E45787072657373696F6E3E0D0A20202020202020203C2F73657175656E6365466C6F773E0D0A20202020202020203C73657175656E6365466C6F772069643D226469726563746F7250617373466C6F7722206E616D653D22E9809AE8BF872220736F757263655265663D226469726563746F7254616B22207461726765745265663D22656E64223E0D0A2020202020202020202020203C636F6E646974696F6E45787072657373696F6E207873693A747970653D2274466F726D616C45787072657373696F6E223E3C215B43444154415B247B6F7574636F6D653D3D27E9809AE8BF87277D5D5D3E3C2F636F6E646974696F6E45787072657373696F6E3E0D0A20202020202020203C2F73657175656E6365466C6F773E0D0A20202020202020203C73657175656E6365466C6F772069643D226A756467654C65737322206E616D653D22E5B08FE4BA8E353030E585832220736F757263655265663D226A756467655461736B22207461726765745265663D226469726563746F7254616B223E0D0A2020202020202020202020203C636F6E646974696F6E45787072657373696F6E207873693A747970653D2274466F726D616C45787072657373696F6E223E3C215B43444154415B247B6D6F6E6579203C3D203530307D5D5D3E3C2F636F6E646974696F6E45787072657373696F6E3E0D0A20202020202020203C2F73657175656E6365466C6F773E0D0A202020203C2F70726F636573733E0D0A202020203C62706D6E64693A42504D4E4469616772616D2069643D2242504D4E4469616772616D5F457870656E7365223E0D0A20202020202020203C62706D6E64693A42504D4E506C616E652062706D6E456C656D656E743D22457870656E7365222069643D2242504D4E506C616E655F457870656E7365223E0D0A2020202020202020202020203C62706D6E64693A42504D4E53686170652062706D6E456C656D656E743D227374617274222069643D2242504D4E53686170655F7374617274223E0D0A202020202020202020202020202020203C6F6D6764633A426F756E6473206865696768743D2233302E30222077696474683D2233302E302220783D223238352E302220793D223133352E30223E3C2F6F6D6764633A426F756E64733E0D0A2020202020202020202020203C2F62706D6E64693A42504D4E53686170653E0D0A2020202020202020202020203C62706D6E64693A42504D4E53686170652062706D6E456C656D656E743D2266696C6C5461736B222069643D2242504D4E53686170655F66696C6C5461736B223E0D0A202020202020202020202020202020203C6F6D6764633A426F756E6473206865696768743D2238302E30222077696474683D223130302E302220783D223430352E302220793D223131302E30223E3C2F6F6D6764633A426F756E64733E0D0A2020202020202020202020203C2F62706D6E64693A42504D4E53686170653E0D0A2020202020202020202020203C62706D6E64693A42504D4E53686170652062706D6E456C656D656E743D226A756467655461736B222069643D2242504D4E53686170655F6A756467655461736B223E0D0A202020202020202020202020202020203C6F6D6764633A426F756E6473206865696768743D2234302E30222077696474683D2234302E302220783D223538352E302220793D223133302E30223E3C2F6F6D6764633A426F756E64733E0D0A2020202020202020202020203C2F62706D6E64693A42504D4E53686170653E0D0A2020202020202020202020203C62706D6E64693A42504D4E53686170652062706D6E456C656D656E743D226469726563746F7254616B222069643D2242504D4E53686170655F6469726563746F7254616B223E0D0A202020202020202020202020202020203C6F6D6764633A426F756E6473206865696768743D2238302E30222077696474683D223130302E302220783D223733352E302220793D223131302E30223E3C2F6F6D6764633A426F756E64733E0D0A2020202020202020202020203C2F62706D6E64693A42504D4E53686170653E0D0A2020202020202020202020203C62706D6E64693A42504D4E53686170652062706D6E456C656D656E743D22626F73735461736B222069643D2242504D4E53686170655F626F73735461736B223E0D0A202020202020202020202020202020203C6F6D6764633A426F756E6473206865696768743D2238302E30222077696474683D223130302E302220783D223535352E302220793D223235352E30223E3C2F6F6D6764633A426F756E64733E0D0A2020202020202020202020203C2F62706D6E64693A42504D4E53686170653E0D0A2020202020202020202020203C62706D6E64693A42504D4E53686170652062706D6E456C656D656E743D22656E64222069643D2242504D4E53686170655F656E64223E0D0A202020202020202020202020202020203C6F6D6764633A426F756E6473206865696768743D2232382E30222077696474683D2232382E302220783D223737312E302220793D223238312E30223E3C2F6F6D6764633A426F756E64733E0D0A2020202020202020202020203C2F62706D6E64693A42504D4E53686170653E0D0A2020202020202020202020203C62706D6E64693A42504D4E456467652062706D6E456C656D656E743D22666C6F7731222069643D2242504D4E456467655F666C6F7731223E0D0A202020202020202020202020202020203C6F6D6764693A776179706F696E7420783D223331352E302220793D223135302E30223E3C2F6F6D6764693A776179706F696E743E0D0A202020202020202020202020202020203C6F6D6764693A776179706F696E7420783D223430352E302220793D223135302E30223E3C2F6F6D6764693A776179706F696E743E0D0A2020202020202020202020203C2F62706D6E64693A42504D4E456467653E0D0A2020202020202020202020203C62706D6E64693A42504D4E456467652062706D6E456C656D656E743D22666C6F7732222069643D2242504D4E456467655F666C6F7732223E0D0A202020202020202020202020202020203C6F6D6764693A776179706F696E7420783D223530352E302220793D223135302E3136363131323935363831303632223E3C2F6F6D6764693A776179706F696E743E0D0A202020202020202020202020202020203C6F6D6764693A776179706F696E7420783D223538352E343333333333333333333333332220793D223135302E3433333333333333333333333334223E3C2F6F6D6764693A776179706F696E743E0D0A2020202020202020202020203C2F62706D6E64693A42504D4E456467653E0D0A2020202020202020202020203C62706D6E64693A42504D4E456467652062706D6E456C656D656E743D226A756467654C657373222069643D2242504D4E456467655F6A756467654C657373223E0D0A202020202020202020202020202020203C6F6D6764693A776179706F696E7420783D223632342E353533303732363235363938332220793D223135302E3434363932373337343330313638223E3C2F6F6D6764693A776179706F696E743E0D0A202020202020202020202020202020203C6F6D6764693A776179706F696E7420783D223733352E302220793D223135302E31333932373537363630313637223E3C2F6F6D6764693A776179706F696E743E0D0A2020202020202020202020203C2F62706D6E64693A42504D4E456467653E0D0A2020202020202020202020203C62706D6E64693A42504D4E456467652062706D6E456C656D656E743D226469726563746F724E6F7450617373466C6F77222069643D2242504D4E456467655F6469726563746F724E6F7450617373466C6F77223E0D0A202020202020202020202020202020203C6F6D6764693A776179706F696E7420783D223738352E302220793D223131302E30223E3C2F6F6D6764693A776179706F696E743E0D0A202020202020202020202020202020203C6F6D6764693A776179706F696E7420783D223738352E302220793D2233372E30223E3C2F6F6D6764693A776179706F696E743E0D0A202020202020202020202020202020203C6F6D6764693A776179706F696E7420783D223435352E302220793D2233372E30223E3C2F6F6D6764693A776179706F696E743E0D0A202020202020202020202020202020203C6F6D6764693A776179706F696E7420783D223435352E302220793D223131302E30223E3C2F6F6D6764693A776179706F696E743E0D0A2020202020202020202020203C2F62706D6E64693A42504D4E456467653E0D0A2020202020202020202020203C62706D6E64693A42504D4E456467652062706D6E456C656D656E743D22626F737350617373466C6F77222069643D2242504D4E456467655F626F737350617373466C6F77223E0D0A202020202020202020202020202020203C6F6D6764693A776179706F696E7420783D223635352E302220793D223239352E30223E3C2F6F6D6764693A776179706F696E743E0D0A202020202020202020202020202020203C6F6D6764693A776179706F696E7420783D223737312E302220793D223239352E30223E3C2F6F6D6764693A776179706F696E743E0D0A2020202020202020202020203C2F62706D6E64693A42504D4E456467653E0D0A2020202020202020202020203C62706D6E64693A42504D4E456467652062706D6E456C656D656E743D226A756467654D6F7265222069643D2242504D4E456467655F6A756467654D6F7265223E0D0A202020202020202020202020202020203C6F6D6764693A776179706F696E7420783D223630352E343334303237373737373737382220793D223136392E3536353937323232323232323233223E3C2F6F6D6764693A776179706F696E743E0D0A202020202020202020202020202020203C6F6D6764693A776179706F696E7420783D223630352E313338343038333034343938332220793D223235352E30223E3C2F6F6D6764693A776179706F696E743E0D0A2020202020202020202020203C2F62706D6E64693A42504D4E456467653E0D0A2020202020202020202020203C62706D6E64693A42504D4E456467652062706D6E456C656D656E743D226469726563746F7250617373466C6F77222069643D2242504D4E456467655F6469726563746F7250617373466C6F77223E0D0A202020202020202020202020202020203C6F6D6764693A776179706F696E7420783D223738352E302220793D223139302E30223E3C2F6F6D6764693A776179706F696E743E0D0A202020202020202020202020202020203C6F6D6764693A776179706F696E7420783D223738352E302220793D223238312E30223E3C2F6F6D6764693A776179706F696E743E0D0A2020202020202020202020203C2F62706D6E64693A42504D4E456467653E0D0A2020202020202020202020203C62706D6E64693A42504D4E456467652062706D6E456C656D656E743D22626F73734E6F7450617373466C6F77222069643D2242504D4E456467655F626F73734E6F7450617373466C6F77223E0D0A202020202020202020202020202020203C6F6D6764693A776179706F696E7420783D223535352E302220793D223239352E30223E3C2F6F6D6764693A776179706F696E743E0D0A202020202020202020202020202020203C6F6D6764693A776179706F696E7420783D223435352E302220793D223239352E30223E3C2F6F6D6764693A776179706F696E743E0D0A202020202020202020202020202020203C6F6D6764693A776179706F696E7420783D223435352E302220793D223139302E30223E3C2F6F6D6764693A776179706F696E743E0D0A2020202020202020202020203C2F62706D6E64693A42504D4E456467653E0D0A20202020202020203C2F62706D6E64693A42504D4E506C616E653E0D0A202020203C2F62706D6E64693A42504D4E4469616772616D3E0D0A3C2F646566696E6974696F6E733E, 0);
INSERT INTO `ACT_GE_BYTEARRAY` VALUES ('cde6f214-e63e-11ef-8eea-cc28aa504d95', 1, 'D:\\Code\\system2\\target\\classes\\processes\\ExpenseProcess.Expense.png', 'cdcd9db2-e63e-11ef-8eea-cc28aa504d95', 0x89504E470D0A1A0A0000000D494844520000034D00000159080600000044DBC4880000215B49444154785EEDDDFF6F5CE59D2FF0F48B56D5D55EF50F402B6DD5FE11557F892B75B53FF487EA5E69EC386E681DC212DA104ACB52099A2E2CDD4BA922F5875D51EEE55EB54577A3B095D242D5000D71D2404917D2545D42160224212531264E42A06A12127BEE79723D74787C3C9ED89E33CF9CE7F5923E323EE7CC9991CFC3C79F778E3D5EB50A0000000000000000000000000000000000000000000000000000000000000000000000000000000000000000000000000000000000000000000000000000000000000000000000000000000000000000000000000000000000000000000000000000000000000000000000000000000000000000000000000000C8CB9A356B9A4A29A53A57DC3B01808C1806003AD327012073860180CEF44900C89C6100A0337D120032671800E84C9F0480CC1906003AD327012073860180CEF44900C89C6100A0337D120032671800E84C9F0480CC1906003AD327012073860180CEF44900C89C6100A0337D120032671800E84C9F0480CC1906003AD327012073860180CEF44900C89C6100A0337D120032671800E84C9F0480CC1906003AD327012073860180CEF44900C89C6100A0337D120032671800E84C9F0480CC1906003AD327012073860180CEF44900C89C6100A0337D120032671800E84C9F0480CC1906003AD327012073860180CEF44900C89C6100A0337D120032671800E84C9F0480CC1906003AD327012073860180CEF44900C89C6100A0337D120032671800E84C9F0480CC1906003AD327012073860180CEF44900C89C6100A0337D120032671800E84C9F0480CC1906003AD327012073860180CEF44900C89C6100A0337D120032671800E84C9F0480CC1906003AD327012073860180CEF44900C89C6100A0337D120032671800E84C9F0480CC1906003AD327012073860180CEF44900C89C6100A0337D120032671800E84C9F0480CC1906003AD327012073860180CEF44900C89C6100A0337D120032671800E84C9F0480CC1906003AD327012073860180CEF44900C89C6100A0337D120032671800E84C9F0480CC1906001676E4C891BFDBBA756BB3D1687C22DE07006442680228D76C36FFF2FCF9F317A6A7A79B37DC70C393F17E002013421340B9575F7DF517CD39131313A747474787E36300800C084D00F31D3B766CF5CCCC4C2B333567676767B66CD932D568343E1E1F0B00D49CD004F0414546FAC8D4D4D45BEF27A63961DBD8D8D80FE2E301809A139A003EE8C89123DF8F0353CBB66DDBDE1E1919F974FC1800A0268A80B42784A4456A4FFC38805C4C4E4EFEF5C58B17FFFC7379912B57AEFC69F3E6CD878786863E1A3F1600A88122100D9584A4B886E2C701E4E2C4891387E2A0143B7CF8F09BA3A3A377C48F05006A22DC492A094AEE3201D96B341A1F3978F0E0A53824C5CE9E3DFB74D12F4F87E3E37300003510EE249584257799000A5BB66CF9A74B972E5D8E83529B776EBBEDB609779A00A0E6C21DA592C0E42E1390BDF0BB4A8F3CF2C8C93829B51C3870E04745BFFCBDDF6902809A5BE06ED3507C1C408EC6C7C73F73FCF8F1F7E2C0343333F3BBB1B1B137BC7B1E006422BADBE42E13409BFBEFBFFF27B385B6CC74256C2BFAE503F1B100404D45779B86E2FD00396B341A1FDFB56BD7BBADC4343939B9BDE8956F84EDF1B100408DB5EE36C5DB0158B5EAD65B6FBDFEDCB973EF4D4F4F37D7AF5FFFC2E8E8E8707C0C005073ADBB4DF17600FEBF071F7CF0B75BB76E0D77E477C6FB008045349BCDBF387AF4E8BFEDDFBFFFBDDDBB773777EDDA3590154253BC6D50AAF8BACFEEDBB7EFD4C4C4C417E2EB03F45F1DFAE48E1D3BAEF6C9F031DE3708A54F02D057C520F093E21B51736A6AAA79E1C285E6A54B9754C515BEEEE1EBBF77EFDEF3C570F0F9F81A01FD55973E79EAD4A979DB06A5F44900FA2AFCCB69F846147F8352D5D7E4E4E474310C3C175F23A0BFF4C9744A9F04A02FC28F9A0CF2BF9CD6A9C2752886818BF13502FA4B9F4CA7F44900FA22FCAC78FC4D49F5AFC2F588AF11D05FFA645AA54F0250B96E87813FBE3DD93CFAFC0F9B2F3EF58F572BFC77D8161FA796578601488F3E9956E9930054AE9B61E0DD73279B879EDCD2FCFD2FFEFE0315B6857DF1F16AE9651880F4E89369953E0940E5BA1906FEF0E263F3068156BDF1E2CFE71DAF965E8601488F3E9956E9930054AE9B61E03FF7DC3F6F086855D8171FAF965E8601488F3E9956E9930054AE9B61E0D0AEBBE70D01AD0AFBE2E3D5D2CB3000E9D127D32A7D1280CA1906D22AC300A4479F4CABF449002AD7CD3010DE052A1E025A15F6C5C7ABA5976100D2A34FA655FA240095EB661878E5D7FF326F086855D8171FAF965E8601488F3E9956E9930054AE9B61E0CCC9FF681EFAE53FCC1B04C2B6B02F3E5E2DBD0C03901E7D32ADD22701A85C37C340A863071E9E370C846DF1716A79651880F4E89369953E0940E5BA1A062E5E6CBEF2EC0FE60D03615BD837EF78B5E4320C407AF4C9B44A9F04A0728B0D03E12FD91FF9F53FCF1B045A15F6F96BF72B578601488F3E9956E99300546EC161E0E2C5E6E42B13CD179EB873DE00105738261CEB5F53975F8601488F3E9956E9930054AE6C1858EC5F4D172AFF9ABAFC320C407AF4C9B44A9F04A07265C34037FF6ABA5085C7C6E753DD97612039FF25DE407EF4C9B44A9F04A07265C340FC0DFE5A2B3E9FEABE0C0349595DD4D4DC4732A64FA655FA2400952B1B0654FFCA30908C5660BA7DEEA3E094317D32ADD22701A89C6120AD320C2421BEC3147F4E66F4C9B44A9F04A0728681B4CA30D0770B05A485B693017D32ADD22701A89C6120AD320CF4D562C168B1FDD4943E9956E993C0C06A369B1FDEBF7FFF7F7FF8E1877F79CF3DF74C7FF39BDFBC70F3CD37CFAE59B3A6B971E3C6CBB7DF7EFB3BC5B657EFBDF7DEADE3E3E37F153F9EFE310CA4558681BEE93610757B1C35A24FA655FA2430708AB0F4B1279E78E27F6DD9B2E5BD0D1B36341F78E081E66F7EF39BE66BAFBDD63C73E64C33081FC3E7617BD87FC30D37CCDC72CB2D476FBCF1C6BF8DCF47F50C03699561A02FAE35085DEBF10C387D32ADD22781815284A0AFDE7BEFBD17BEF6B5AF35F7EFDFDF9C9999B91A9216138E0BC76FDEBCF9F257BEF295832323239F8CCF4D750C03699561A0724B0D404B7D1C03489F4CABF449602014B9E7434F3EF9E4BFDE74D34DCD9D3B7736AF5CB912E7A2AE84C785C77FF9CB5FFEE3E8E8E8DFC4CF43350C03699561A052CB0D3ECB7D3C03429F4CABF449207945D6F9D08E1D3BFEFDE69B6F6EBEF4D24B710E5A92709E0D1B36FC69EDDAB537C4CF47EF1906D22AC34065562AF0ACD47948983E9956E99340F2C21DA68D1B3736A7A6A6E2ECB32CE17CE3E3E3EF0E0F0F7F2E7E4E7ACB30905619062AB1D24167A5CF4762F4C9B44A9F0492F6ECB3CF7E3504A695BAC3142BCE3B7BFDF5D79F6B341A9F8A9F9BDE310CA45586819E8B03CE878AFAD2DCC76B113F2E3E2F35A24FA655FA2490AC22D37CEC3BDFF9CE85F03B48BDF4E8A38F9E5BBB76ED13F1F3D33B8681B4CA30D05371B00981E7FF1415BEE6E163B7C169A1C7C5E7A726F4C9B44A9F0492F5F8E38FFFCFF02E794B7DD3876E85F36FD8B0E1F4F0F0F067E3D7406F1806D22AC340CF94059A70A7287CBD5BD54D706A0F4CADBABE6D7FD9F330E0F4C9B44A9F04925464990F7FEB5BDF7A2FBC4D78159E79E699B7D7AC59F374FC3AE80DC3405A6518E88985824C5900EA149CCA8EFFDF73DBDB2DF47C0C287D32ADD22781243DFBECB3FFEDC61B6FECFAEF302D57789EB1B1B1B71B8DC675F16BA17B45F0DC53D450BC3D661848AB0C03E5BA5DCF25160B306541A82C38951D5716985A167B5E12D0EDBAD227D32A7D1248D28F7FFCE35D0F3CF0409C6D7AEA9E7BEE393432327273FC5AE85E310834E7AAE350601848AB0C03E5BA5DCF916E834B59206A0F4E65FB3B05A6966E9F9F3EE9765DE99369953E0924E9DE7BEF3D5DD58FE6B53CF5D4532F16DFC076C4AF85EEB50D031D8702C3405A651828D7ED7A6E73AD81A52C1885CF3F5CB2BD9BC0D472ADAF830A75BBAEF4C9B44A9F049274C71D775C387AF4689C6B7AEAE5975F3E5E7CE37A3E7E2D74AF6418281D0A0C03699561A05CC93A2E5DCF73961A54CA82D3CBD1E7D712985A96FA7AE8B192F554BAAEF4C9B44A9F0492B471E3C6D9B367CFC6B9A6A7CE9C39F36EF10DEB64FC5AE85EC91010D7D5A1C03090561906CA95ACDFB8AEAEE755CB0F2865C1693981A965B9AF8B1E285947715D5D57FA645AA54F02495AB76E5DF3F2E5CB71AEE9A9E2F9DE29F9E6A57A508681B42ABE3EAAFB6A341ACD8F7DEC636198BA3DEE63D728FC485E7C87297C1EB62FC7EDF16B568351FA645A25340149BAE9A69B2E577DA7E9F4E9D3AFAE71A76959E26FFA6DB5678D1F3B49B60C03E54AD671E97A5EB5FC3B3A9DEE3495BDAB5EB796FBBAE88192F554BAAEF4C9B44A9F0492F48D6F7CE39DAA7FA7E9F0E1C307D6F89DA665596C0868496D1858357F50BD5A55EDEF771906CA75BB9EE7AC5EB5B480521698E23B4E4B094E4B7D3DF458B7EB4A9FFCE0FE7E973E0924E9CE3BEF3C52F5BBE7FDF4A73F7D6C8D77CF5B96C58680961487814EDB7ABDBFDF651828D7ED7A6EB37AD5B50595B2C0147E87A9ECDDF3AE25385DEBEBA042DDAE2B7DB27C5BBF4A9F049274CF3DF76CADFAEF346DDAB469A7BFD3B43C8B0D012D8681F26DFD2AC340B96ED77364F5AAEE02CB4281A9D3DF69EA263875FBFCF449B7EB4A9F2CDFD6AFD22781248D8F8FFFD5860D1B660A71B6E989E279DE2CBE899D6E341AD7C5AF8595671828DFD6AF320CACB8D5AB3A0797B24054F62E7965C7750A4E8B3D2F03449F2CDFD6AFD2278164DD72CB2DC7AAFA11BDEDDBB7FFDF22343D1DBF067AC33050BEAD5F6518E889D5ABCA034C59102A0B4C2D65C79705A7859E8F01A54F966FEB57E99340B26EBCF1C6BFDDBC79F3E52B57AEC419674515E7FF4311985E191E1EFE6CFC1AE80DC340F9B67E9561A06756AF9A1F64BE54D4D5EB3F579D02534B5970BABE6D7FD9F330E0F4C9F26DFD2A7D1248DAA64D9B0EEEDCB973360E3A2B68F67BDFFBDE0F8BD0B4337E6E7AC73050BEAD5F6518E8A9D5AB3E1868DA03503781A965A1C7C5E7A726F4C9F26DFD2A7D12485AA3D1F8D4F8F8F8BB2FBDF4521C7656C4AF7EF5AB1F178169323C4FFCDCF44E8AC3405955B5BFDF6518E8B9D5ABE607A770A7A8DBC0D4123F2E3E2F35A24F7E707FBF4B9F0492373A3AFA37EBD7AFFFD3D4D4549C7996E5F8F1E33F2F02D3A9E1E1E1CFC5CF496FA5360CE45E86814AAC5EB5B20167A5CF4762F4C9B44A9F0406C2DAB56B6F181F1F7F67A5EE38CDDD613A59D4FAF8B9E83DC3405A6518A8CC4A059D953A0F09D327D32A7D121818E18ED0BA75EBCE3DFAE8A3E796FAE610E14D1FE67E87E94D7798FAC730905619062AB5DCC0B3DCC73320F4C9B44A9F0406CAC8C8C827D7AE5DFBE4860D1B4E3FF3CC336F77FB779C8AE3A6B66FDFFEAFE15DF28A7A3C9C273E37D5310CA4558681CA2D35F82CF5710C207D32ADD227818114DE1EBC083FFBC6C6C6CEDF7DF7DD2FECDEBDFBD0CB2FBF7C627A7AFA8F45467AF7ADB7DE3AFAE28B2F1EF8D9CF7EF6E82DB7DCF27871EC7438DEDB8AA7C13090561906FAE25A03D0B51ECF80D327D32A7D1218688D46E3BA220C6D1C191979ACF8F85C51E16F2E35E73E3E37B77D63382E7E2CFD631848AB0C037DD36D10EAF6386A449F4CABF449002A671848AB0C037DB558205A6C3F35A54FA655FA240095330CA4558681BE5B28182DB49D0CE89369953E0940E50C03699561200971408A3F2733FA645AA54F025039C3405A651848462B28DD3EF75160CA983E9956E9930054CE309056190692B23ABC994DF818EF202FFA645AA54F025039C3405A651848CB5C682273FA645AA54F025039C3405A6518488BD044A04FA655FA240095330CA4558681B4084D04FA645AA54F025039C3405A6518488BD044A04FA655FA240095330CA4558681B4084D04FA645AA54F025039C3405A6518488BD044A04FA655FA240095330CA4558681B4084D04FA645AA54F025039C3405A6518488BD044A04FA655FA240095330CA4558681B4084D04FA645AA54F025039C3405A6518488BD044A04FA655FA240095330CA4558681B4084D04FA645AA54F025039C3405A6518488BD044A04FA655FA240095330CA4558681B4084D04FA645AA54F025039C3405A6518488BD044A04FA655FA240095330CA4558681B4084D04FA645AA54F025039C3405A6518488BD044A04FA655FA240095DBBD7BF7EC850B17E67D5352D557711D4E15C3C0C5F81AD13F4213813E994EE99300F4C5BE7DFB4E4D4D4DCDFBC6A4AAAFD75F7F7D7B310C3C175F23FA476822D027D3297D1280BE989898F8C2DEBD7BCF4F4E4E4EFB97D4FE54F1759F3C7EFCF8B662103851D4E7E36B44FF084D0475E993A74E9D9AB76D504A9F04A0EFC237A0F02F77455D0A3F2B3E68F5F0C30F37C3701B6F1FA00A5FF7F0F53708244668A225FCFF39F7FFE940F6C9FDFBF737B76EDDDADCB163C7BC7D0352FA24002C4731D8EE31DCD20BD61575D06C36FFF2FCF9F317A6A7A79B37DC70C393F17E00A0E68AA176280CB6733514EF87E5109AA883575F7DF517CD39131313A747474787E36300801A6BDD659AAB3DF17E580EA1894177ECD8B1D5333333ADCCD49C9D9D9DD9B265CB54A3D1F8787C2C005043D15D26779B5871421383ACC8481F999A9A7AEBFDC434276C1B1B1BFB417C3C005043D15D26779B5871421383ECC89123DF8F0353CBB66DDBDE1E1919F974FC1800A04616B8CBE46E132B4A6862504D4E4EFEF5C58B17FFFC7379912B57AEFC69F3E6CD878786863E1A3F1600A88905EE32B9DBC48A129A1854274E9C381407A5D8E1C387DF1C1D1DBD237E2C005003E14E5249508A6B287E1C5C2BA18941D468343E72F0E0C14B71488A9D3D7BF6E9628D9F0EC7C7E70000065CB893541292E272B78965139A18545BB66CF9A74B972E5D8E83529B776EBBEDB609779A002023865B7AC1BA625085DF557AE491474EC649A9E5C081033F2AD6F7EFFD4E130064C4704B2F58570CB2F1F1F1CF1C3F7EFCBD3830CDCCCCFC6E6C6CEC0DEF9E07009931DCD20BD61583EEFEFBEFFFC96CA12D335D09DB8AB5FD407C2C005073865B7AC1BA62D0351A8D8FEFDAB5EBDD56629A9C9CDC5EACEB37C2F6F85800A0E60CB7F48275451DDC7AEBADD79F3B77EEBDE9E9E9E6FAF5EB5F181D1D1D8E8F01003260B8A517AC2BEAE2C1071FFCEDD6AD5BC33B8BEE8CF701009930DCD20BD61575D168343E11D673F818EF03003261B8A517AC2BEAC47A0680CC1906E805EB8A3AB19E01207386017AC1BAA24EAC6700C89C61805EB0AEA813EB1900326718A017AC2BEAC47A0680CC1906E805EB8A3AB19E01207386017AC1BAA24EAC6700C89C61805EB0AEA813EB1900326718A017AC2BEAC47A0680CC1906E805EB8A3AB19E01207386017AC1BAA24EAC6700C89C61805EB0AEA813EB1900326718A017AC2BEAC47A0680CC1906E805EB8A3AB19E01207386017AC1BAA24EAC6700C89C61805EB0AEA813EB1900326718A017AC2BEAC47A0680CC1906E805EB8A3AB19E01207386017AC1BAA24EAC6700C89C61805EB0AEA813EB1900326718A017AC2BEAC47A0680CC1906E805EB8A3AB19E01207386017AC1BAA24EAC6700C89C61805EB0AEA813EB1900326718A017AC2BEAC47A0680CC1906E805EB8A3AB19E01207386017AC1BAA24EAC6700C89C61805EB0AEA813EB1900326718A017AC2BEAC47A0680CC1906E805EB8A3AB19E01207386017AC1BAA24EAC6700C89C61805EB0AEA813EB1900326718A017AC2BEAC47A0680CC1906E805EB8A3AB19E01207386017AC1BAA24EAC6700C89C61805EB0AEA813EB1900326718A017AC2BEAC47A0680CC1906E805EB8A3AB19E012073860196AB58437BC23A5AA4F6C48F8341A14F0240E60C032C57B186864A42525C43F1E36050E893009039C3002B21DC492A094AEE32510BFA240064CE30C04A0877924AC292BB4CD4823E090099330CB052C21DA592C0E42E13034F9F0480CC19065829E18E5249681A8A8F8341A34F0240E60C03ACA4E86E93BB4CD4823E090099330CB092A2BB4D43F17E1844FA240064CE30C04A6BDD6D8AB7C3A0B29E0120738601565AEB6E53BC1D0695F50C0099330CA4A5D96CFEC5D1A347FF6DFFFEFDEFEDDEBDBBB96BD72E5571155FF7D97DFBF69D9A9898F8427C7DC8933E090099330CA4A5084C3F2906F6E6D4D454F3C2850BCD4B972EA98A2B7CDDC3D77FEFDEBDE78B10F5F9F81A911F7D1200326718484BB8C31406F6789057D5D7E4E4E474119A9E8BAF11F9D1270120738681B4841FC97387298D0AD7A1084D17E36B447EF44900C89C61202DE1776AE2E15DF5AFC2F588AF11F9D1270120738681B4741B9AFEF8F664F3E8F33F6CBEF8D43F5EADF0DF615B7C9C5A5E094D04FA240064CE3090966E42D3BBE74E360F3DB9A5F9FB5FFCFD072A6C0BFBE2E3D5D24B6822D0270120738681B474139AFEF0E263F30253ABDE78F1E7F38E574B2FA189409F0480CC1906D2D24D68FACF3DF7CF0B4BAD0AFBE2E3D5D24B6822D0270120738681B474139A0EEDBA7B5E586A55D8171FAF965E4213813E090099330CA445684AAB8426027D1200326718484B37A129BC5B5E1C965A15F6C5C7ABA597D044A04F0240E60C0369E92634BDF2EB7F9917965A15F6C5C7ABA597D044A04F0240E60C0369E926349D39F91FCD43BFFC877981296C0BFBE2E3D5D24B6822D0270120738681B474139A421D3BF0F0BCD014B6C5C7A9E595D044A04F0240E60C0369E92A345DBCD87CE5D91FCC0B4D615BD837EF78B5E4129A08F44900C89C61202D8B85A677CF9D6C1EF9F53FCF0B4CAD0AFBC231F1E3D4D24A68CA4FD113F784BEB848ED891F0700D498D094960543D3C58BCDC957269A2F3C71E7BCA0145738261CEBAED3F24B68CA4FD113874A42525C43F1E300801A139AD252169A16BBBBB450B9EBB4FC129AF214EE24950425779900205742535ACA425337779716AAF0D8F87CAAFB129AF214EE24958425779900205742535ACA42531C84AEB5E2F3A9EE4B68CA57B8A3541298DC6502801C094D69290B4DAA7F2534E56B81BB4D43F17100400684A6B4084D6995D094B7E86E93BB4C00902BA1292D42535A2534E52DBADB3414EF0700322134A545684AAB84265A779BE2ED0040460C0369119AD22AA1293F8D46E3BAA22F6E1C191979ACF8F85CF1F1ADB93B4D7F98FB3C6CDF188E8B1F0B00D494D09416A129AD129AF2313C3CFCD9A21FEE6BFB71BC6E6A5F785C7C2E00A06684A6B4084D6995D0547F2323239F2CFAE0E32581E85AEAF1709EF8DC00404D846FF8F136FA47684AAB84A67A1B1E1EFEDCE8E8E8DBED0168DDBA75CDFBEEBBAFB97BF7EEE66BAFBDD63C73E64C33081FC3E7617BD81F8E8B82D3D970BEF83900801A109AD22234A55542537D15BD6F7D1198AEB442CFD8D858F3A1871E6A9E3B77EE6A485A4C382E1C1F1ED7169C2E87F3C6CF05000C38A1292D42535A2534D5D3DC1DA6F703D3A64D9B9AC78E1D8B735157C2E3C2E3DB83933B4E00503342535A84A6B44A68AA9F46A3F1A9B56BD79E6B859CBBEEBAAB79FEFCF9380B5D93F0F8709EB6E074263C4FFCDC00C080129AD22234A5554253FD143D6F67FB1DA6E506A696709EE88ED3CEF8B90180012534A545684AAB84A67A997B5BF1F77F8769A93F92B79070BEF6DF71F276E40050134253B5EEBEFBEE0FC7DBDA094D69D562A169B1EB495A8A7EF7742BD0843771E88570DEB6BB4D4FC7AF01001840425335DE7CF3CD4F9C3871E2D0C183072F7DFBDBDFFE1F4343431F8D8F0984A6B46AA1D0D4EDF5A41A451FDB53D450BCBD5DA3D1B8AE386636F4BCF076E1DDBE4BDEB50AE76D7B3BF2D9F0BCF16B0100068CD0D45BC50CF59123478E7CFFE2C58B33ADA1AA18C62F3FF2C82327C7C7C73F131F2F34A5557168BAD6EB4935DAEEEC2C189E4646466E6E1DF7DDEF7EB775F97A229CBFF55CE179E3D702000C18A1A9778E1D3BB67A6A6AEAAD78A06A397EFCF87BF7DF7FFF4F1A8DC6C75B8F119AD2AAF6D0B494EB4935DA42D382E1A9F87C476BFF534F3D155FBE1515CEDFF65A76B4BF0E006000094D2BAF9899FEEBABAFBEFA8B9999F76F462C68B6500CE6EFDE76DB6D5F0A8F159AD2AA703D9ACBB89E54A32434CD0B4FC5C7E75BDB8F1E3D1A5FBA1515CEDFF61A9E8F5E2E00306884A69575E4C891BF3B7FFEFC8578885ACCB973E7DE7BF0C1077FBB63C78E7983BBEA5FEDDFBF3FBC95F492AF67A3D1F844BC465879256129AE109EA65B9F9F3D7B36BE642B2A9CBFEDB94FC6AF1700183025C3855A466DDDBAB5393D3D1DCF508B0A8F098F0DE73875EAD4BCE15D555FE13AACC4F554E9D5E5CB97E34BB6A2C2F9DB9EEF62DC770100B216EE2C6CD8B0E197131313A767676717FF79AE66F3CAE4E4E4F6F5EBD7BF500C573BDD694AABC2F558CEF574A7A91A71286AAB3D6BFEFCE379275BDBDD69020048C0E8E8E8F0962D5BA63ABD71C0CCCCCCEFC21B071443D51BE1F8F0B8D47EA7A97849A555D5FE7E57EB8D20967A3DA946A7B0D4768CDF690200484D7817B5B1B1B11F6CDBB6EDED2B57AEFCA96DA67AE7C081033F2AF6BD510C540FA4FCEE79AB4A024CFBB65EEFEF77B5BF7BDE52AE27D5E814965AD678F73C0080748D8C8C7CFAD65B6F3D5C78F3ECD9B34F7FFDEB5F9F2806A9DF87EDF1B14253F9B67E55FC779A826BB99E54A353586AF1779A000012373434F4D1D1D1D13B8A21EA74F8183E8F8F0984A6F26DFDAAB2D014747B3D4947A3D1B8AEB85EB321C8AC5BB72EBCC3619C75564438EF17BFF8C5ABCF139E2F3C6FFC5A0000E8E0EEBBEFFE70BCAD9DD054BEAD5FB550686A59EC7A929622C43CDDBA03F4D0430FC579674584F3B69E233C5FFC1A00005826A1A97C5BBF6AB1D0C460191E1EFE6C2BD08C8D8D358F1D3B16679E6509E75BBB766DEB2E53333C5FFC1A00005826A1A97C5BBF4A68AA9F22CCEC6C859A4D9B36853F5E1C679F2509E7F9EA57BF3AD376976967FCDC0000AC801443535955B5BFDF2534D54FA3D1F8541168CEB4C2CD5D77DDB5ECE0141E7FE79D77BE7F87299C3F3C4FFCDC0000AC80D44253EE2534D5D3F0F0F0E78A6073B9FD8ED3527F542F3C2EBAC374399C3F7E4E00005688D09456094DF555849BF5EDC129FC8E537813876EDF552F1C178E6FFF1DA6B9F3AD8F9F0B0080152434A5554253BDCDDD713ADB167AAEBE1DF97DF7DDD7DCBD7B77F3B5D75E6B9E3973E66A480A1FC3E7617BD8DFF6B6E2AD3AEB0E1300400584A6B44A68AABF9191914F1681E7F128005D6B3D1ECE139F1B00801E109AD22AA1291F736F47BEAF241075AA7DDE561C00A06242535A2534E5A7D1685C5784A18D2323238F151F9F2BEA0F7301297C7C6E6EFBC6705CFC5800002A2034A555421300002446684AAB84260000488CD09456094D00009018A129AD129A0000203142535A25340100406284A6B44A68020080C4084D6995D004000089119AD22AA1090000122334A555421300002446684AAB84260000488CD09456094D00009018A129AD129A0000203142535A25340100406284A6B44A68020080C4084D6995D004000089119AD22AA1090000122334A555421300002446684AAB84260000488CD09456094D00009018A129AD129A0000203142535A25340100406276EFDE3D7BE1C28579C3BBAABE8AEB70AA084D17E36B040000F4D1BE7DFB4E4D4D4DCD1BE055F5F5FAEBAF6F2F42D373F135020000FA686262E20B7BF7EE3D3F393939ED8E537FAAF8BA4F1E3F7E7C5B11984E14F5F9F81A0100007D1606F57087A3A84BE1776A54E515BEEEE1EB2F3001000000000000000000000000000000000000000000000000000000000079F87F438FA042B1627DF10000000049454E44AE426082, 1);
INSERT INTO `ACT_GE_BYTEARRAY` VALUES ('cde98a27-e63e-11ef-8eea-cc28aa504d95', 1, 'D:\\Code\\system2\\target\\classes\\processes\\.bpmn20.xml', 'cde98a26-e63e-11ef-8eea-cc28aa504d95', 0x3C3F786D6C2076657273696F6E3D22312E302220656E636F64696E673D225554462D38223F3E0A3C646566696E6974696F6E7320786D6C6E733D22687474703A2F2F7777772E6F6D672E6F72672F737065632F42504D4E2F32303130303532342F4D4F44454C2220786D6C6E733A7873693D22687474703A2F2F7777772E77332E6F72672F323030312F584D4C536368656D612D696E7374616E63652220786D6C6E733A7873643D22687474703A2F2F7777772E77332E6F72672F323030312F584D4C536368656D612220786D6C6E733A666C6F7761626C653D22687474703A2F2F666C6F7761626C652E6F72672F62706D6E2220786D6C6E733A62706D6E64693D22687474703A2F2F7777772E6F6D672E6F72672F737065632F42504D4E2F32303130303532342F44492220786D6C6E733A6F6D6764633D22687474703A2F2F7777772E6F6D672E6F72672F737065632F44442F32303130303532342F44432220786D6C6E733A6F6D6764693D22687474703A2F2F7777772E6F6D672E6F72672F737065632F44442F32303130303532342F44492220747970654C616E67756167653D22687474703A2F2F7777772E77332E6F72672F323030312F584D4C536368656D61222065787072657373696F6E4C616E67756167653D22687474703A2F2F7777772E77332E6F72672F313939392F585061746822207461726765744E616D6573706163653D22687474703A2F2F7777772E666C6F7761626C652E6F72672F70726F6365737364656622206578706F727465723D22466C6F7761626C65204F70656E20536F75726365204D6F64656C657222206578706F7274657256657273696F6E3D22362E382E30223E0A20203C70726F636573732069643D22617373657443616C6C22206E616D653D22E8B584E4BAA7E8B083E794A8E6B581E7A88B2220697345786563757461626C653D2274727565223E0A202020203C646F63756D656E746174696F6E3EE8B584E4BAA7E8B083E794A8E6B581E7A88B3C2F646F63756D656E746174696F6E3E0A202020203C73746172744576656E742069643D2273746172744576656E74312220666C6F7761626C653A666F726D4669656C6456616C69646174696F6E3D2274727565222F3E0A202020203C757365725461736B2069643D227369642D32384634363439432D323739302D343536312D384137462D39413831423044373445384522206E616D653D22E794A8E688B7E794B3E8AFB72220666C6F7761626C653A61737369676E65653D22247B7573657249647D2220666C6F7761626C653A666F726D4669656C6456616C69646174696F6E3D2274727565223E0A2020202020203C657874656E73696F6E456C656D656E74733E0A20202020202020203C6D6F64656C65723A696E69746961746F722D63616E2D636F6D706C65746520786D6C6E733A6D6F64656C65723D22687474703A2F2F666C6F7761626C652E6F72672F6D6F64656C6572223E3C215B43444154415B66616C73655D5D3E3C2F6D6F64656C65723A696E69746961746F722D63616E2D636F6D706C6574653E0A2020202020203C2F657874656E73696F6E456C656D656E74733E0A202020203C2F757365725461736B3E0A202020203C73657175656E6365466C6F772069643D227369642D44373945383533322D373936462D343541332D393932412D3738454346313837323746302220736F757263655265663D2273746172744576656E743122207461726765745265663D227369642D32384634363439432D323739302D343536312D384137462D394138314230443734453845222F3E0A202020203C757365725461736B2069643D226C6561646572417070726F76616C22206E616D653D22E9A286E5AFBCE5AEA1E6A0B82220666C6F7761626C653A61737369676E65653D22247B6C656164657249647D2220666C6F7761626C653A666F726D4669656C6456616C69646174696F6E3D2274727565223E0A2020202020203C657874656E73696F6E456C656D656E74733E0A20202020202020203C666C6F7761626C653A666F726D50726F70657274792069643D22617070726F7665526573756C7422206E616D653D22E5AEA1E689B9E7BB93E69E9C2220747970653D22626F6F6C65616E222072657175697265643D2274727565222F3E0A20202020202020203C666C6F7761626C653A7461736B4C697374656E6572206576656E743D22637265617465222064656C656761746545787072657373696F6E3D22247B7461736B41737369676E65654C697374656E65727D222F3E0A2020202020203C2F657874656E73696F6E456C656D656E74733E0A202020203C2F757365725461736B3E0A202020203C73657175656E6365466C6F772069643D227369642D35443634344145412D394238452D344135342D423641312D3346333643453939354545422220736F757263655265663D227369642D32384634363439432D323739302D343536312D384137462D39413831423044373445384522207461726765745265663D226C6561646572417070726F76616C223E0A2020202020203C657874656E73696F6E456C656D656E74733E0A20202020202020203C666C6F7761626C653A657865637574696F6E4C697374656E657220636C6173733D22636F6D2E70726F6A6563742E73797374656D322E6C697374656E65722E50726F636573735374617475734C697374656E657222206576656E743D2274616B65222F3E0A2020202020203C2F657874656E73696F6E456C656D656E74733E0A202020203C2F73657175656E6365466C6F773E0A202020203C6578636C7573697665476174657761792069643D227369642D36354245334639392D384445442D343833462D393246332D413344333446353144414333222F3E0A202020203C73657175656E6365466C6F772069643D227369642D43313842354431352D373430432D343035382D383034452D3241383933373944394546352220736F757263655265663D227369642D44373643303439432D353341382D343446302D384131432D39333044394436383531333222207461726765745265663D227369642D36354245334639392D384445442D343833462D393246332D413344333446353144414333222F3E0A202020203C656E644576656E742069643D227369642D43333037363846432D343331452D343238422D383439392D463538343244354437333541223E0A2020202020203C657874656E73696F6E456C656D656E74733E0A20202020202020203C666C6F7761626C653A657865637574696F6E4C697374656E65722064656C656761746545787072657373696F6E3D22247B70726F636573735374617475734C697374656E65727D22206576656E743D22656E64222F3E0A2020202020203C2F657874656E73696F6E456C656D656E74733E0A202020203C2F656E644576656E743E0A202020203C73657175656E6365466C6F772069643D227369642D30414239423441322D433946302D344431372D384543462D3830373342373845413236442220736F757263655265663D227369642D36354245334639392D384445442D343833462D393246332D41334433344635314441433322207461726765745265663D227369642D32384634363439432D323739302D343536312D384137462D394138314230443734453845222F3E0A202020203C757365725461736B2069643D227369642D44373643303439432D353341382D343446302D384131432D39333044394436383531333222206E616D653D22E9A286E5AFBCE5AEA1E6A0B82220666C6F7761626C653A61737369676E65653D22247B6C656164657249647D2220666C6F7761626C653A666F726D4669656C6456616C69646174696F6E3D2274727565223E0A2020202020203C657874656E73696F6E456C656D656E74733E0A20202020202020203C6D6F64656C65723A696E69746961746F722D63616E2D636F6D706C65746520786D6C6E733A6D6F64656C65723D22687474703A2F2F666C6F7761626C652E6F72672F6D6F64656C6572223E3C215B43444154415B66616C73655D5D3E3C2F6D6F64656C65723A696E69746961746F722D63616E2D636F6D706C6574653E0A20202020202020203C666C6F7761626C653A666F726D50726F70657274792069643D22617070726F7665526573756C74222F3E0A2020202020203C2F657874656E73696F6E456C656D656E74733E0A202020203C2F757365725461736B3E0A202020203C73657175656E6365466C6F772069643D227369642D46303430313030312D454436322D344237322D393438372D4339443437313337373442452220736F757263655265663D226C6561646572417070726F76616C22207461726765745265663D227369642D44373643303439432D353341382D343446302D384131432D393330443944363835313332222F3E0A202020203C73657175656E6365466C6F772069643D227369642D43414146304339422D363639302D343636312D383431342D3431453231454338333241312220736F757263655265663D227369642D36354245334639392D384445442D343833462D393246332D41334433344635314441433322207461726765745265663D227369642D43333037363846432D343331452D343238422D383439392D463538343244354437333541222F3E0A202020203C73657175656E6365466C6F772069643D227369642D32323134313832332D323530612D346530332D613133302D6538376666316630663033392220736F757263655265663D227369642D32384634363439432D323739302D343536312D384137462D39413831423044373445384522207461726765745265663D226C6561646572417070726F76616C222F3E0A20203C2F70726F636573733E0A20203C62706D6E64693A42504D4E4469616772616D2069643D2242504D4E4469616772616D5F617373657443616C6C223E0A202020203C62706D6E64693A42504D4E506C616E652062706D6E456C656D656E743D22617373657443616C6C222069643D2242504D4E506C616E655F617373657443616C6C223E0A2020202020203C62706D6E64693A42504D4E53686170652062706D6E456C656D656E743D2273746172744576656E7431222069643D2242504D4E53686170655F73746172744576656E7431223E0A20202020202020203C6F6D6764633A426F756E6473206865696768743D2233302E30222077696474683D2233302E302220783D223130302E302220793D223136332E30222F3E0A2020202020203C2F62706D6E64693A42504D4E53686170653E0A2020202020203C62706D6E64693A42504D4E53686170652062706D6E456C656D656E743D227369642D32384634363439432D323739302D343536312D384137462D394138314230443734453845222069643D2242504D4E53686170655F7369642D32384634363439432D323739302D343536312D384137462D394138314230443734453845223E0A20202020202020203C6F6D6764633A426F756E6473206865696768743D2238302E30222077696474683D223130302E302220783D223137352E302220793D223133382E30222F3E0A2020202020203C2F62706D6E64693A42504D4E53686170653E0A2020202020203C62706D6E64693A42504D4E53686170652062706D6E456C656D656E743D226C6561646572417070726F76616C222069643D2242504D4E53686170655F6C6561646572417070726F76616C223E0A20202020202020203C6F6D6764633A426F756E6473206865696768743D2238302E30222077696474683D223130302E302220783D223331352E302220793D223133382E30222F3E0A2020202020203C2F62706D6E64693A42504D4E53686170653E0A2020202020203C62706D6E64693A42504D4E53686170652062706D6E456C656D656E743D227369642D36354245334639392D384445442D343833462D393246332D413344333446353144414333222069643D2242504D4E53686170655F7369642D36354245334639392D384445442D343833462D393246332D413344333446353144414333223E0A20202020202020203C6F6D6764633A426F756E6473206865696768743D2234302E30222077696474683D2234302E302220783D223633302E302220793D223135382E30222F3E0A2020202020203C2F62706D6E64693A42504D4E53686170653E0A2020202020203C62706D6E64693A42504D4E53686170652062706D6E456C656D656E743D227369642D43333037363846432D343331452D343238422D383439392D463538343244354437333541222069643D2242504D4E53686170655F7369642D43333037363846432D343331452D343238422D383439392D463538343244354437333541223E0A20202020202020203C6F6D6764633A426F756E6473206865696768743D2232382E30222077696474683D2232382E302220783D223735302E302220793D223130352E30222F3E0A2020202020203C2F62706D6E64693A42504D4E53686170653E0A2020202020203C62706D6E64693A42504D4E53686170652062706D6E456C656D656E743D227369642D44373643303439432D353341382D343446302D384131432D393330443944363835313332222069643D2242504D4E53686170655F7369642D44373643303439432D353341382D343446302D384131432D393330443944363835313332223E0A20202020202020203C6F6D6764633A426F756E6473206865696768743D2238302E30222077696474683D223130302E302220783D223435302E302220793D223133382E30222F3E0A2020202020203C2F62706D6E64693A42504D4E53686170653E0A2020202020203C62706D6E64693A42504D4E456467652062706D6E456C656D656E743D227369642D30414239423441322D433946302D344431372D384543462D383037334237384541323644222069643D2242504D4E456467655F7369642D30414239423441322D433946302D344431372D384543462D3830373342373845413236442220666C6F7761626C653A736F75726365446F636B6572583D2232302E352220666C6F7761626C653A736F75726365446F636B6572593D2232302E352220666C6F7761626C653A746172676574446F636B6572583D2235302E302220666C6F7761626C653A746172676574446F636B6572593D2237392E30223E0A20202020202020203C6F6D6764693A776179706F696E7420783D223635302E352220793D223139372E3434323230383035393231303537222F3E0A20202020202020203C6F6D6764693A776179706F696E7420783D223635302E352220793D223330302E30222F3E0A20202020202020203C6F6D6764693A776179706F696E7420783D223232352E302220793D223330302E30222F3E0A20202020202020203C6F6D6764693A776179706F696E7420783D223232352E302220793D223231372E3935303030303030303030303032222F3E0A2020202020203C2F62706D6E64693A42504D4E456467653E0A2020202020203C62706D6E64693A42504D4E456467652062706D6E456C656D656E743D227369642D43414146304339422D363639302D343636312D383431342D343145323145433833324131222069643D2242504D4E456467655F7369642D43414146304339422D363639302D343636312D383431342D3431453231454338333241312220666C6F7761626C653A736F75726365446F636B6572583D2232302E352220666C6F7761626C653A736F75726365446F636B6572593D2232302E352220666C6F7761626C653A746172676574446F636B6572583D2231342E302220666C6F7761626C653A746172676574446F636B6572593D2231342E30223E0A20202020202020203C6F6D6764693A776179706F696E7420783D223635302E352220793D223135382E35222F3E0A20202020202020203C6F6D6764693A776179706F696E7420783D223635302E352220793D223131392E30222F3E0A20202020202020203C6F6D6764693A776179706F696E7420783D223735302E302220793D223131392E30222F3E0A2020202020203C2F62706D6E64693A42504D4E456467653E0A2020202020203C62706D6E64693A42504D4E456467652062706D6E456C656D656E743D227369642D46303430313030312D454436322D344237322D393438372D433944343731333737344245222069643D2242504D4E456467655F7369642D46303430313030312D454436322D344237322D393438372D4339443437313337373442452220666C6F7761626C653A736F75726365446F636B6572583D2235302E302220666C6F7761626C653A736F75726365446F636B6572593D2234302E302220666C6F7761626C653A746172676574446F636B6572583D2235302E302220666C6F7761626C653A746172676574446F636B6572593D2234302E30223E0A20202020202020203C6F6D6764693A776179706F696E7420783D223431342E39353030303030303030303030352220793D223137382E30222F3E0A20202020202020203C6F6D6764693A776179706F696E7420783D223435302E302220793D223137382E30222F3E0A2020202020203C2F62706D6E64693A42504D4E456467653E0A2020202020203C62706D6E64693A42504D4E456467652062706D6E456C656D656E743D227369642D44373945383533322D373936462D343541332D393932412D373845434631383732374630222069643D2242504D4E456467655F7369642D44373945383533322D373936462D343541332D393932412D3738454346313837323746302220666C6F7761626C653A736F75726365446F636B6572583D2231352E302220666C6F7761626C653A736F75726365446F636B6572593D2231352E302220666C6F7761626C653A746172676574446F636B6572583D2235302E302220666C6F7761626C653A746172676574446F636B6572593D2234302E30223E0A20202020202020203C6F6D6764693A776179706F696E7420783D223132392E393439393938343839393537362220793D223137382E30222F3E0A20202020202020203C6F6D6764693A776179706F696E7420783D223137342E393939393939393939393931372220793D223137382E30222F3E0A2020202020203C2F62706D6E64693A42504D4E456467653E0A2020202020203C62706D6E64693A42504D4E456467652062706D6E456C656D656E743D227369642D43313842354431352D373430432D343035382D383034452D324138393337394439454635222069643D2242504D4E456467655F7369642D43313842354431352D373430432D343035382D383034452D3241383933373944394546352220666C6F7761626C653A736F75726365446F636B6572583D2239392E302220666C6F7761626C653A736F75726365446F636B6572593D2234302E302220666C6F7761626C653A746172676574446F636B6572583D2232302E352220666C6F7761626C653A746172676574446F636B6572593D2232302E35223E0A20202020202020203C6F6D6764693A776179706F696E7420783D223534392E39352220793D223137382E3030343638222F3E0A20202020202020203C6F6D6764693A776179706F696E7420783D223633302E34303039393030393930312220793D223137382E34303039393030393930303939222F3E0A2020202020203C2F62706D6E64693A42504D4E456467653E0A2020202020203C62706D6E64693A42504D4E456467652069643D22656467652D30336431353037342D306432352D346661632D383338632D336666336161363132306435222062706D6E456C656D656E743D227369642D32323134313832332D323530612D346530332D613133302D653837666631663066303339223E0A20202020202020203C6F6D6764693A776179706F696E7420783D223237352E302220793D223137382E30222F3E0A20202020202020203C6F6D6764693A776179706F696E7420783D223331352E302220793D223137382E30222F3E0A2020202020203C2F62706D6E64693A42504D4E456467653E0A202020203C2F62706D6E64693A42504D4E506C616E653E0A20203C2F62706D6E64693A42504D4E4469616772616D3E0A3C2F646566696E6974696F6E733E0A, 0);
INSERT INTO `ACT_GE_BYTEARRAY` VALUES ('cdf0b618-e63e-11ef-8eea-cc28aa504d95', 1, 'D:\\Code\\system2\\target\\classes\\processes\\.assetCall.png', 'cde98a26-e63e-11ef-8eea-cc28aa504d95', 0x89504E470D0A1A0A0000000D4948445200000314000001360806000000F878D4850000178749444154785EEDDDDF8F5C677907F0858B0AF55F405CC1FFE1200571C1056AA5DDB5D738E0C4566C624748A42025A0E21A291471D78AAA4D2B94A854512B0512543B2171129C10D380905A129A106C07D2604CFC2326082738F1F4BCEE0E9DBC7BD69E9D5DCF7CCFD9CF477AB4D9F971CE28F3D5FB3E8FCFEEECDC1C000000000000000000000000000000000000000000000000000000000000000000000000000000000000000000000000000000000000000000000000000000000000000000000000000000000000000000000000000000000000000000000000000000000000000000000000000000000000000000000000000000000000000000000000000000000000000000000000000000000000000000000000000000000000000000000000000000000000000000000000000000000000000000000000000000000000000000000000000000000000000000000000000000000000000000000000000000000000000000000000000000000000000000000000000000000000000000000000000000000000000000000000000000000000000000000000000000000000000000000000000000000000000000000000000000000000000074DCFCFCFCFBB76EDDBA677171F1A1E6EBB34DBDD2D460F9EBB3CBB7EF298FAB9F0B00006C520B0B0B1F6E0685A3CBC3C3B875B43CAF3E160000B0492C2E2E7EB0190C0EB70C0B6BA9C3E538F5B10100801E5B5858B871DBB66DAF8F0E073B76EC18DC7DF7DD8323478E0C8E1F3F3E387BF6ECA0285FCBF7E5F6727F795C35549C2BC7ABCF010000F4503300DCDC0C136F0F0782EDDBB70FEEB9E79EC1F9F3E7AF0C10D7521E571E5F9E3732545C2AC7ADCF050000F4C8F295893F0E13FBF6ED1B9C3C79B29E19C6529E579E3F3A54B8520100003D353F3FFFA1A5A5A5F3C301E0AEBBEE1A5CB870A19E13D6A43CBF1C6764A8385BCE539F1B0000E8B8A6D93F347A6562BDC3C450394E75A5E2507D6E0000A0C3963F1AF68FBF3331E98F39ADA61C6FF4772A7CA42C0000F448D3E43F356CF6CB2F545F0FE5B82357299EAA5F03000010A669DC9F68EA86FAF651CB7F01FB7269F4CB47BE8EFB694E6B558E3BF291B297FD456D00000837724560D5C162717171EFF0715FF9CA57EA39604395E30FCF55CE5BBF16000020C8C840B1EA60D17CFFC0F0FEC71E7BAC9E01365439FEC86B7960F475000000615A068A158345F3F587C3DB4F9C3851CF001BAA1C7FE435FCB07AB9000040929641A2AE32589C197E7FEEDCB97A06D850E5F823E77EB57EBD0000309696C65605D4A54B97EA19604395E38F9CEFCD3A1700003096D250D6B7B1F1EA8161A49ED8FAFF3FF2F4EAF07657280000E80403C5745C6D9018798CDFA10000A05B0C14D371B5416268AB4F790200A06B0C14D371B54162C8DFA10000A0730C1439A6F997B23FF1894F5C394F399FBF940D00C0C40C14599AF7E3A9E195837BEEB9A79E05364439EEF01CE57CF56B000080B11928B22C2C2C7C78D8EC6FDFBE7D70F2E4C97A1E589772BCA5A5A5E1D58941395FFD1A0000606C068A3CCD7B7268D8F0EFDBB76F70E1C2857A2E984839CE6DB7DDF6CEC8D58943F5B90100604D0C1479E6E7E73FD4BC2F67878DFF5D77DDB5EEA1A23CFFCE3BEFFCE3958972FC729EFADC0000B026068A4C0B0B0B3736EFCDA5D12B1593FEF853795E7565E252397E7D4E000058330345AEE6BDB97974A828BF53517EA17ADC4F7F2A8F2B8F1FFD9D89E5E3DD5C9F0B00002662A0C8B67CA5E2DCC84070E52365EFBEFBEEC191234706C78F1F1F9C3D7BF6CA0051BE96EFCBEDE5FE918F861DD63957260000D850068A7C8B8B8B1F6CDEA7C3D570B0D63A5C8E531F1B0000D6A5349BF56D645AFE48D9A32DC3C2D5EAA88F860500E0BA315074CFF25FD4DEB3B8B8F850F3F5D9A65E591E1ECAD767976FDFE32F60030070DD1928000080891928000080891928805E1B0C067F72E2C4897F3D76ECD81FCA47A03DFAE8A36ACAD5FC7FBF7CF4E8D15F3DFEF8E31FAFDF9F34F232FB4ACD8B6CCCBE52B3818102E8B9A601F8B766031A9C3E7D7A70F1E2C5C15B6FBDA5A65CE5FF7BF9FFFFE4934F5E689A828FD5EF511279997DA5E64536665FA9D9C04001F45CF9D7C4B201D51B939A7E9D3A75EA4CD3043C5BBF4749E425A7D2F2221B3995960D0C1440CF951F4DF0AF891955DE87A60978B37E8F92C84B4EA5E54536722A2D1B1828809E2B3F775B6F466A7655DE8FFA3D4A222F59959417D9C8AAA46C60A0007A6EDC26E077AF9F1A9CF8E13706CF3FF65757AAFC77B9AD7E9C5A5FA53701F292554979918DAC4ACA06060AA0E7C66902DE38FFEAE0B947BE38F8CF7FFF8B7755B9ADDC573F5E4D5EE94D80BC6455525E6423AB92B2818102E8B9719A80579E7F68450330ACFF79FE3B2B1EAF26AFF426405EB22A292FB2915549D9C04001F4DC384DC07F3FF1D72B36FF6195FBEAC7ABC92BBD099097AC4ACA8B6C645552363050003D374E13F0DCA35F5AB1F90FABDC573F5E4D5EE94D80BC6455525E6423AB92B2818102E8394D4056A53701F292554979918DAC4ACA06060AA0E7C66902CA27B1D49BFFB0CA7DF5E3D5E495DE04C84B5625E54536B22A291B1828809E1BA70978E9FB7FBB62F31F56B9AF7EBC9ABCD29B0079C9AAA4BCC846562565030305D073E33401675FFDAFC173DFFDCB150D40B9ADDC573F5E4D5EE94D80BC6455525E6423AB92B2818102E8B9719A8052277F74DF8A26A0DC563F4EADAFD29B0079C9AAA4BCC846562565030305D0736335016FBE3978E999BF5BD10494DBCA7D2B1EAF26AEF426405EB22A292FB2915549D9C04001F4DCB59A80F2D76B7FF6FDBF59D1000CABDCE72FDC6E5CA53701F292554979918DAC4ACA06060AA0E7566D02DE7C7370EAA5C7073F79F8CE151B7F5DE531E5B1FE8571FD95DE04C84B5625E54536B22A291B1828809E6B6B02AEF52F89AB957F615C7FA53701F292554979918DAC4ACA06060AA0E7DA9A8071FE2571B52ACFAD8FA7C6AFF426405EB22A292FB2915549D9C04001F45C5B13506FEC6BADFA786AFC4A6F02E425AB92F2221B5995940DE6B62C0F145BEA3B007AA1AD0950B3ABF426405EB22A292FB2915549D9D8E4CA1071BAA93B96BF1A2A80FED10464557A13202F59959417D9C8AAA46C6C62C361623844D4DF03F4832620ABD29B0079C9AAA4BCC84656256563935A6D7858ED7680EED20464557A13202F59959417D9C8AAA46C6C42D71A1AAE753FD01583C1E0BDC78E1DFBF3FBEEBBEFBB070E1C38F3F9CF7FFEE2DEBD7B2F975F9CDAB367CFA53BEEB8E3B7CD6D3F3F78F0E0D776EEDCF981FAF97DA109C8AAF426405EB22A292FB2915549D9D864C61D16C67D1C90A81924DEF7F0C30FFFC317BFF8C53FECDAB56BF0F5AF7F7DF0831FFC6070FCF8F1C1D9B3670745F95ABE2FB797FB6FB9E59677F6EFDF7F62F7EEDD1FAD8FD7759A80AC4A6F02E425AB92F2221B5995948D4D64AD43C25A1F0F24680684DB0E1E3C78F1339FF9CCE0D8B1638377DE79E7CA00712DE571E5F1B7DF7EFBA54F7FFAD33F5E5C5CFC607DECAED20464557A13202F59959417D9C8AAA46C6C12930E07933E0F98B6662678CF238F3CF2CD5B6FBD7570E8D0A1C1DB6FBF5DCF0C6329CF2BCFFFD4A73EF5BB6DDBB67DA43E4F176902B22ABD099097AC4ACA8B6C645552363681F50E05EB7D3E70BD3573C07B1E78E081FFD8BB77EFE085175EA867848994E3ECDAB5EBF74B4B4BB7D4E7EB1A4D4056A53701F292554979918DAC4ACA46CF6DD430B051C701AE87726562CF9E3D83D3A74FD773C1BA94E3EDDCB9F38D8585851BEB7376892620ABD29B0079C9AAA4BCC846562565A3C7367A08D8E8E3011BE199679EB9AD0C131B7565A2D61CF7F24D37DD747E7E7EFE43F5B9BB42139055E94D80BC6455525E6423AB92B2D15375F3FF9EA63EB9FC752DEAE7D5C70566A9E9F7DFF7E52F7FF962F99D87EBE9C1071F3CBFB4B4F4707DFEAED00464557A13202F59959417D9C8AAA46CF450DDF49761E09F9A2AFFCFCBD771878AD59E571F1F9895C3870FFF7DF934A7497F017B5CE5F8BB76ED7A6D6161E1C3F56BE8024D4056A53701F292554979918DAC4ACA46CFB435FB9F9CFBBFA16058E30C15A3C3C4B06E1AB9BFED3CC034357DFE7BBFF0852FFCA17CD4EB343CFDF4D3AF6FDDBAF5A9FA7574812620ABD29B0079C9AAA4BCC846562565A347566BF2DB8683AB0D156D8FFFC7E5DB47AD763E601A9E79E6993FDBBD7BF7D87F6762BDCA79B66FDFFEFAFCFCFCFBEBD7322BCD80F3445337D4B7D734015935AB26405EBA59D3C88B6C74B3A6918D2E1A37CF2DAED5DCB70D096D4345DBE3DA8689A16B9D17B85EEEBDF7DE47CB5FB89EA603070E3CB7B8B8B8B77E2DB3D22C9883E5BAEAE2A909C8AA593501F2D2CD9A465E64A39B358D6C74D1B879AE8CDBD4B70D0BA34345DBFD571B2686C63D3FB0910E1E3CF8DAB47EDC69E8B1C71E7BBE599C1EA85FCBAC8C2C9A575D3C35015935AB26405EBA59D3C88B6C74B3A6918D2E1A37CF23D6DACCB70D0DE5FBF7B6DC3ECE3031B4D6D701ACD7E73EF7B98B274E9CA87BFEEBEAC5175F7CB959947E58BF96596959345B174F4D4056CDAA0968C989BC74A0A69197964CC846076A1AD9E8A2961CB7E679D9A44D7CDB50F162F5FD5A8689A1495F0F30893D7BF65C3E77EE5CDDF35F5767CF9E7DA3598C5EAD5FCBACB42C96755D593C35015935AB26A0251F75C94B604D232F2D59A84B36026B1AD9E8A296FCD67525CF73EB6FDEDB868AF50C1343EB7D5DC0B876ECD831B874E952DDF35F57CDF97EDBB230C5972620ABEAF727ADE425ABEAF76796251B5955BF3F6AEDD5B41377D4FDC51A951F73AAAF4C94EFCBEDEB515E57192AFEB4BE03D840B7DE7AEBA5695FA178EDB5D77EBEB51B57289ED8EAC714626B56FFAAD8921379E9404D232F2D99908D0ED434B2D1452D396ECDF3DCFAAF045CED0A45DBA73F8D6BBDAF0B18D7673FFBD9DF4EFB77287EFAD39FFE686BF6EF50D48BE515694DC0DCCA85F74A4DEBFE59D7AC9A007999ECFE59D734F2221B93DD3FEB9A4636BA68DC3C2FDB323759F3DE364CD4572A26192A267D3DC024EEBCF3CE9F4DFB539EBEF5AD6F3DB435F3539EAEB65846360157BBED7ADF3FEB9A5513202F93DD3FEB9A465E6463B2FB675DD3C846178D9BE7115BE6D6D6C4B70D13E57726DA3EE5692D43C55A5F07B05E070E1CF8DAB4FF0EC5BE7DFB0E85FD1D8AB1164B4D40FB6DB3AA593501F232D9FDB3AE69E4453626BB7FD6358D6C74D1B879AE6C991BAF995F6D98B8DADFA11867A818F7FCC046DAB973E70776EDDAF5CE14FF52F6AF9B05EAB5A4BF943D2E4D40FB6DB3AAF426405EDA6F9B5525E54536DA6F9B552565A327B6CC5DBDA96F1B16DA3ECDA9ED71571B2AAE755EE07ADABF7FFFC969FDD8D3FDF7DFFFCFCD40F154FD1ABA4013D07EDBAC2ABD099097F6DB66554979918DF6DB665549D9E8912D73EDCD7DDB90D0364C0CB53DBE6DA858ED7CC0B4ECDEBDFBA3B7DF7EFBA5B7DF7EBBEEFF375473FC579A61E2A58585850FD7AFA10B3401EDB7CDAAD29B007969BF6D56959417D968BF6D5695948D9ED932B7B2C9FF645357DEFFE5BADA3031D43654DC34727FDB798059D8B76FDF8F0F1D3A74B91E0236D0E5AF7EF5ABDF68068A43F5B9BB4213D07EDBAC2ABD099097F6DB66554979918DF6DB665549D9E8A12D73EF6EF6478783718689A1D59E571F1F98A5F9F9F90FEDDCB9F38D175E78A11E0436C4F7BEF7BD7B9B61E254394F7DEEAE486C02DA6A5AF7CFBAD29B007979F7FDB3AEA4BCC8C6BBEF9F752565A3A7B6CCAD1C2ACA1586718789A1FA79F5718104DBB66DFBC8CD37DFFCFBD3A74FD7F3C0BABCFCF2CBDF6986895F2D2C2CDC589FB34BD29A80CD5EE94D80BC6455525E6423AB92B2D1631BDDFC6FF4F1808DB4B4B474CBCE9D3B7FBB51572A96AF4CBCDAD4CDF5B9BA46139055E94D80BC6455525E6423AB92B2D1731B35046CD47180EBA95C49D8B163C7F9071F7CF0FCA4BFA85D7E017BF977267EDDF52B13439A80AC4A6F02E425AB92F2221B5995948D4D60BDC3C07A9F0F4CD3E2E2E2079796961ED9B56BD76B4F3FFDF4EBE3FE9D8AE671A7EFBFFFFE6F964F736AEA70394E7DECAED20464557A13202F59959417D9C8AAA46C6C12930E05933E0F98B5F211AFCD607074FBF6ED17BEF4A52FFDE4C89123CFBDF8E28BBF3C73E6CCEF9AF9E18DDFFCE637279E7FFEF91F7DFBDBDF7E70FFFEFD879BC79E298FEFEA47C35E8D2620ABD29B0079C9AAA4BCC846562565631359EB70B0D6C70389CA5FB66E06853D8B8B8B0F355F9F6DAAFC4D89C1F2D767976FDFD3C5BF803D2E4D4056A53701F292554979918DAC4ACAC62633EE9030EEE300F26902B22ABD099097AC4ACA8B6C6455523636A16B0D0BD7BA1FA05B34015995DE04C84B5625E54536B22A291B9BD46A43C36AB70374972620ABD29B0079C9AAA4BCC8465625656313AB8787FA7B807ED00464557A13202F59959417D9C8AAA46C6C72C321E28EE5AF8609A07F34015995DE04C84B5625E54536B22A291BCC6D291FF852BED67700F4822620ABD29B0079C9AAA4BCC84656256583B9B9E58102A09F34015995DE04C84B5625E54536B22A291B1828809ED30464557A13202F59959417D9C8AAA46C60A0007A4E139055E94D80BC6455525E6423AB92B2818102E8394D4056A53701F292554979918DAC4ACA06060AA0E734015995DE04C84B5625E54536B22A291B1828809ED30464557A13202F59959417D9C8AAA46C60A0007A4E139055E94D80BC6455525E6423AB92B2818102E8394D4056A53701F292554979918DAC4ACA06060AA0E734015995DE04C84B5625E54536B22A291B1828809ED30464557A13202F59959417D9C8AAA46C60A0007A4E139055E94D80BC6455525E6423AB92B2818102E8394D4056A53701F292554979918DAC4ACA06060AA0E734015995DE04C84B5625E54536B22A291B1828809ED30464557A13202F59959417D9C8AAA46C60A0007A4E139055E94D80BC6455525E6423AB92B2818102E8B923478E5CBE78F1E28ACD484DBF9AF7E1574D13F066FD1E2591979C4ACB8B6CE4545A363050003D77F4E8D15F9D3E7D7AC586A4A65FBFF8C52FEE6F9A8067EBF72889BCE4545A5E6423A7D2B2818102E8B9C71F7FFCE34F3EF9E48553A74E9DF1AF8BB3A9E6FFFBA9975F7EF95F9A06E0974D7DAC7E8F92C8CBEC2B352FB231FB4ACD06060A6013281B4FF9D7ACA6DE2A3F77DBB5BAEFBEFB0665B1AE6FEF5095FFEFE5FF7F271A80F23A975F6F27F3D2838ACD4B794DCBAF4D366653B1D9D8EC0C1400E19A85FA098B3500A9EC5100C19A45FA86B2502FD70DF5FD00306B060A8060C3AB13CBF5447D3F00CC9A810220547575C2550A0022192800425557275CA5002092810220D02A57275CA500208E810220D02A57275CA500208E8102204CB902D13244D47543FD3C009805030540987205A26580A8CB550A00221828003AC0620D402A7B14400758AC0148658F02E8008B3500A9EC51001D60B10620953D0AA0032CD600A4B247017480C51A8054F628800EB0580390CA1E05D001166B0052D9A3003AC0620D402A7B14400758AC0148658F02E8008B3500A9EC51001D60B10620953D0AA0032CD600A4B247017480C51A8054F628800EB0580390CA1E05D001166B0052D9A3003AC0620D402A7B14400758AC0148658F02E8008B3500A9EC51001D60B10620953D0AA0032CD600A4B247017480C51A8054F628800EB0580390CA1E05D001166B0052D9A3003AC0620D402A7B14400758AC0148658F02E8008B3500A9EC51001D60B10620953D0AA0032CD600A4B247017480C51A8054F628800EB0580390CA1E05D001166B0052D9A3003AC0620D402A7B14400758AC0148658F02E8008B3500A9EC51001D60B10620953D0AA0032CD600A4B247017480C51A8054F628800EB0580390CA1E05D001166B0052D9A3003AC0620D402A7B14400758AC0148658F02E8008B3500A9EC51001D60B10620953D0AA0032CD600A4B247017480C51A8054F628800EB0580390CA1E05D001166B0052D9A3003AC0620D402A7B14400758AC0148658F02E8008B3500A9EC51001D60B10620953D0AA0032CD600A4B247017480C51A8054F628800EB0580390CA1E05D001166B0052D9A3003AC0620D402A7B14400758AC0148658F02E8008B3500A9EC51001D60B10620953D0AA0032CD600A4B247017480C51A8054F628800EB0580390CA1E05D001166B0052D9A3003AC0620D402A7B14400758AC0148658F02E8008B3500A9EC51001D60B10620953D0AA0032CD600A4B247017480C51A8054F628800EB0580390CA1E05D001166B0052D9A3003AA02CD64A29A5546AD5FB16000000000000000000000000000000000000000000000000000000C0BBFC2FD19AE0C140CD5BE30000000049454E44AE426082, 1);
INSERT INTO `ACT_GE_BYTEARRAY` VALUES ('cff0dcde-e622-11ef-a57b-cc28aa504d95', 1, '.bpmn20.xml', 'cff0dcdd-e622-11ef-a57b-cc28aa504d95', 0x3C3F786D6C2076657273696F6E3D22312E302220656E636F64696E673D225554462D38223F3E0A3C646566696E6974696F6E7320786D6C6E733D22687474703A2F2F7777772E6F6D672E6F72672F737065632F42504D4E2F32303130303532342F4D4F44454C2220786D6C6E733A7873693D22687474703A2F2F7777772E77332E6F72672F323030312F584D4C536368656D612D696E7374616E63652220786D6C6E733A7873643D22687474703A2F2F7777772E77332E6F72672F323030312F584D4C536368656D612220786D6C6E733A666C6F7761626C653D22687474703A2F2F666C6F7761626C652E6F72672F62706D6E2220786D6C6E733A62706D6E64693D22687474703A2F2F7777772E6F6D672E6F72672F737065632F42504D4E2F32303130303532342F44492220786D6C6E733A6F6D6764633D22687474703A2F2F7777772E6F6D672E6F72672F737065632F44442F32303130303532342F44432220786D6C6E733A6F6D6764693D22687474703A2F2F7777772E6F6D672E6F72672F737065632F44442F32303130303532342F44492220747970654C616E67756167653D22687474703A2F2F7777772E77332E6F72672F323030312F584D4C536368656D61222065787072657373696F6E4C616E67756167653D22687474703A2F2F7777772E77332E6F72672F313939392F585061746822207461726765744E616D6573706163653D22687474703A2F2F7777772E666C6F7761626C652E6F72672F70726F6365737364656622206578706F727465723D22466C6F7761626C65204F70656E20536F75726365204D6F64656C657222206578706F7274657256657273696F6E3D22362E382E30223E0A20203C70726F636573732069643D22617373657443616C6C22206E616D653D22E8B584E4BAA7E8B083E794A8E6B581E7A88B2220697345786563757461626C653D2274727565223E0A202020203C646F63756D656E746174696F6E3EE8B584E4BAA7E8B083E794A8E6B581E7A88B3C2F646F63756D656E746174696F6E3E0A202020203C73746172744576656E742069643D2273746172744576656E74312220666C6F7761626C653A666F726D4669656C6456616C69646174696F6E3D2274727565223E3C2F73746172744576656E743E0A202020203C757365725461736B2069643D227369642D32384634363439432D323739302D343536312D384137462D39413831423044373445384522206E616D653D22E794A8E688B7E794B3E8AFB72220666C6F7761626C653A61737369676E65653D22247B7573657249647D2220666C6F7761626C653A666F726D4669656C6456616C69646174696F6E3D2274727565223E0A2020202020203C657874656E73696F6E456C656D656E74733E0A20202020202020203C6D6F64656C65723A696E69746961746F722D63616E2D636F6D706C65746520786D6C6E733A6D6F64656C65723D22687474703A2F2F666C6F7761626C652E6F72672F6D6F64656C6572223E3C215B43444154415B66616C73655D5D3E3C2F6D6F64656C65723A696E69746961746F722D63616E2D636F6D706C6574653E0A2020202020203C2F657874656E73696F6E456C656D656E74733E0A202020203C2F757365725461736B3E0A202020203C73657175656E6365466C6F772069643D227369642D44373945383533322D373936462D343541332D393932412D3738454346313837323746302220736F757263655265663D2273746172744576656E743122207461726765745265663D227369642D32384634363439432D323739302D343536312D384137462D394138314230443734453845223E3C2F73657175656E6365466C6F773E0A202020203C757365725461736B2069643D227369642D45334639343536372D364631442D343644422D384238382D43433139334231453334433022206E616D653D22E9A286E5AFBCE5AEA1E6A0B82220666C6F7761626C653A61737369676E65653D22247B6C656164657249647D2220666C6F7761626C653A666F726D4669656C6456616C69646174696F6E3D2274727565223E0A2020202020203C657874656E73696F6E456C656D656E74733E0A20202020202020203C666C6F7761626C653A7461736B4C697374656E6572206576656E743D22637265617465222064656C656761746545787072657373696F6E3D22247B7461736B41737369676E65654C697374656E65727D222F3E0A20202020202020203C6D6F64656C65723A696E69746961746F722D63616E2D636F6D706C65746520786D6C6E733A6D6F64656C65723D22687474703A2F2F666C6F7761626C652E6F72672F6D6F64656C6572223E3C215B43444154415B66616C73655D5D3E3C2F6D6F64656C65723A696E69746961746F722D63616E2D636F6D706C6574653E0A2020202020203C2F657874656E73696F6E456C656D656E74733E0A202020203C2F757365725461736B3E0A202020203C73657175656E6365466C6F772069643D227369642D35443634344145412D394238452D344135342D423641312D3346333643453939354545422220736F757263655265663D227369642D32384634363439432D323739302D343536312D384137462D39413831423044373445384522207461726765745265663D227369642D45334639343536372D364631442D343644422D384238382D434331393342314533344330223E0A2020202020203C657874656E73696F6E456C656D656E74733E0A20202020202020203C666C6F7761626C653A657865637574696F6E4C697374656E657220636C6173733D22636F6D2E70726F6A6563742E73797374656D322E6C697374656E65722E50726F636573735374617475734C697374656E657222206576656E743D2274616B65222F3E0A2020202020203C2F657874656E73696F6E456C656D656E74733E0A202020203C2F73657175656E6365466C6F773E0A202020203C6578636C7573697665476174657761792069643D227369642D36354245334639392D384445442D343833462D393246332D413344333446353144414333223E3C2F6578636C7573697665476174657761793E0A202020203C73657175656E6365466C6F772069643D227369642D43313842354431352D373430432D343035382D383034452D3241383933373944394546352220736F757263655265663D227369642D44373643303439432D353341382D343446302D384131432D39333044394436383531333222207461726765745265663D227369642D36354245334639392D384445442D343833462D393246332D413344333446353144414333223E3C2F73657175656E6365466C6F773E0A202020203C656E644576656E742069643D227369642D43333037363846432D343331452D343238422D383439392D463538343244354437333541223E0A2020202020203C657874656E73696F6E456C656D656E74733E0A20202020202020203C666C6F7761626C653A657865637574696F6E4C697374656E65722064656C656761746545787072657373696F6E3D22247B70726F636573735374617475734C697374656E65727D22206576656E743D22656E64222F3E0A2020202020203C2F657874656E73696F6E456C656D656E74733E0A202020203C2F656E644576656E743E0A202020203C73657175656E6365466C6F772069643D227369642D30414239423441322D433946302D344431372D384543462D3830373342373845413236442220736F757263655265663D227369642D36354245334639392D384445442D343833462D393246332D41334433344635314441433322207461726765745265663D227369642D32384634363439432D323739302D343536312D384137462D394138314230443734453845223E3C2F73657175656E6365466C6F773E0A202020203C757365725461736B2069643D227369642D44373643303439432D353341382D343446302D384131432D39333044394436383531333222206E616D653D22E9A286E5AFBCE5AEA1E6A0B82220666C6F7761626C653A61737369676E65653D22247B6C656164657249647D2220666C6F7761626C653A666F726D4669656C6456616C69646174696F6E3D2274727565223E0A2020202020203C657874656E73696F6E456C656D656E74733E0A20202020202020203C6D6F64656C65723A696E69746961746F722D63616E2D636F6D706C65746520786D6C6E733A6D6F64656C65723D22687474703A2F2F666C6F7761626C652E6F72672F6D6F64656C6572223E3C215B43444154415B66616C73655D5D3E3C2F6D6F64656C65723A696E69746961746F722D63616E2D636F6D706C6574653E0A2020202020203C2F657874656E73696F6E456C656D656E74733E0A202020203C2F757365725461736B3E0A202020203C73657175656E6365466C6F772069643D227369642D46303430313030312D454436322D344237322D393438372D4339443437313337373442452220736F757263655265663D227369642D45334639343536372D364631442D343644422D384238382D43433139334231453334433022207461726765745265663D227369642D44373643303439432D353341382D343446302D384131432D393330443944363835313332223E3C2F73657175656E6365466C6F773E0A202020203C73657175656E6365466C6F772069643D227369642D43414146304339422D363639302D343636312D383431342D3431453231454338333241312220736F757263655265663D227369642D36354245334639392D384445442D343833462D393246332D41334433344635314441433322207461726765745265663D227369642D43333037363846432D343331452D343238422D383439392D463538343244354437333541223E3C2F73657175656E6365466C6F773E0A20203C2F70726F636573733E0A20203C62706D6E64693A42504D4E4469616772616D2069643D2242504D4E4469616772616D5F617373657443616C6C223E0A202020203C62706D6E64693A42504D4E506C616E652062706D6E456C656D656E743D22617373657443616C6C222069643D2242504D4E506C616E655F617373657443616C6C223E0A2020202020203C62706D6E64693A42504D4E53686170652062706D6E456C656D656E743D2273746172744576656E7431222069643D2242504D4E53686170655F73746172744576656E7431223E0A20202020202020203C6F6D6764633A426F756E6473206865696768743D2233302E30222077696474683D2233302E302220783D223130302E302220793D223136332E30223E3C2F6F6D6764633A426F756E64733E0A2020202020203C2F62706D6E64693A42504D4E53686170653E0A2020202020203C62706D6E64693A42504D4E53686170652062706D6E456C656D656E743D227369642D32384634363439432D323739302D343536312D384137462D394138314230443734453845222069643D2242504D4E53686170655F7369642D32384634363439432D323739302D343536312D384137462D394138314230443734453845223E0A20202020202020203C6F6D6764633A426F756E6473206865696768743D2238302E30222077696474683D223130302E302220783D223137352E302220793D223133382E30223E3C2F6F6D6764633A426F756E64733E0A2020202020203C2F62706D6E64693A42504D4E53686170653E0A2020202020203C62706D6E64693A42504D4E53686170652062706D6E456C656D656E743D227369642D45334639343536372D364631442D343644422D384238382D434331393342314533344330222069643D2242504D4E53686170655F7369642D45334639343536372D364631442D343644422D384238382D434331393342314533344330223E0A20202020202020203C6F6D6764633A426F756E6473206865696768743D2238302E30222077696474683D223130302E302220783D223331352E302220793D223133382E30223E3C2F6F6D6764633A426F756E64733E0A2020202020203C2F62706D6E64693A42504D4E53686170653E0A2020202020203C62706D6E64693A42504D4E53686170652062706D6E456C656D656E743D227369642D36354245334639392D384445442D343833462D393246332D413344333446353144414333222069643D2242504D4E53686170655F7369642D36354245334639392D384445442D343833462D393246332D413344333446353144414333223E0A20202020202020203C6F6D6764633A426F756E6473206865696768743D2234302E30222077696474683D2234302E302220783D223633302E302220793D223135382E30223E3C2F6F6D6764633A426F756E64733E0A2020202020203C2F62706D6E64693A42504D4E53686170653E0A2020202020203C62706D6E64693A42504D4E53686170652062706D6E456C656D656E743D227369642D43333037363846432D343331452D343238422D383439392D463538343244354437333541222069643D2242504D4E53686170655F7369642D43333037363846432D343331452D343238422D383439392D463538343244354437333541223E0A20202020202020203C6F6D6764633A426F756E6473206865696768743D2232382E30222077696474683D2232382E302220783D223735302E302220793D223130352E30223E3C2F6F6D6764633A426F756E64733E0A2020202020203C2F62706D6E64693A42504D4E53686170653E0A2020202020203C62706D6E64693A42504D4E53686170652062706D6E456C656D656E743D227369642D44373643303439432D353341382D343446302D384131432D393330443944363835313332222069643D2242504D4E53686170655F7369642D44373643303439432D353341382D343446302D384131432D393330443944363835313332223E0A20202020202020203C6F6D6764633A426F756E6473206865696768743D2238302E30222077696474683D223130302E302220783D223435302E302220793D223133382E30223E3C2F6F6D6764633A426F756E64733E0A2020202020203C2F62706D6E64693A42504D4E53686170653E0A2020202020203C62706D6E64693A42504D4E456467652062706D6E456C656D656E743D227369642D30414239423441322D433946302D344431372D384543462D383037334237384541323644222069643D2242504D4E456467655F7369642D30414239423441322D433946302D344431372D384543462D3830373342373845413236442220666C6F7761626C653A736F75726365446F636B6572583D2232302E352220666C6F7761626C653A736F75726365446F636B6572593D2232302E352220666C6F7761626C653A746172676574446F636B6572583D2235302E302220666C6F7761626C653A746172676574446F636B6572593D2237392E30223E0A20202020202020203C6F6D6764693A776179706F696E7420783D223635302E352220793D223139372E3434323230383035393231303537223E3C2F6F6D6764693A776179706F696E743E0A20202020202020203C6F6D6764693A776179706F696E7420783D223635302E352220793D223330302E30223E3C2F6F6D6764693A776179706F696E743E0A20202020202020203C6F6D6764693A776179706F696E7420783D223232352E302220793D223330302E30223E3C2F6F6D6764693A776179706F696E743E0A20202020202020203C6F6D6764693A776179706F696E7420783D223232352E302220793D223231372E3935303030303030303030303032223E3C2F6F6D6764693A776179706F696E743E0A2020202020203C2F62706D6E64693A42504D4E456467653E0A2020202020203C62706D6E64693A42504D4E456467652062706D6E456C656D656E743D227369642D43414146304339422D363639302D343636312D383431342D343145323145433833324131222069643D2242504D4E456467655F7369642D43414146304339422D363639302D343636312D383431342D3431453231454338333241312220666C6F7761626C653A736F75726365446F636B6572583D2232302E352220666C6F7761626C653A736F75726365446F636B6572593D2232302E352220666C6F7761626C653A746172676574446F636B6572583D2231342E302220666C6F7761626C653A746172676574446F636B6572593D2231342E30223E0A20202020202020203C6F6D6764693A776179706F696E7420783D223635302E352220793D223135382E35223E3C2F6F6D6764693A776179706F696E743E0A20202020202020203C6F6D6764693A776179706F696E7420783D223635302E352220793D223131392E30223E3C2F6F6D6764693A776179706F696E743E0A20202020202020203C6F6D6764693A776179706F696E7420783D223735302E302220793D223131392E30223E3C2F6F6D6764693A776179706F696E743E0A2020202020203C2F62706D6E64693A42504D4E456467653E0A2020202020203C62706D6E64693A42504D4E456467652062706D6E456C656D656E743D227369642D46303430313030312D454436322D344237322D393438372D433944343731333737344245222069643D2242504D4E456467655F7369642D46303430313030312D454436322D344237322D393438372D4339443437313337373442452220666C6F7761626C653A736F75726365446F636B6572583D2235302E302220666C6F7761626C653A736F75726365446F636B6572593D2234302E302220666C6F7761626C653A746172676574446F636B6572583D2235302E302220666C6F7761626C653A746172676574446F636B6572593D2234302E30223E0A20202020202020203C6F6D6764693A776179706F696E7420783D223431342E39353030303030303030303030352220793D223137382E30223E3C2F6F6D6764693A776179706F696E743E0A20202020202020203C6F6D6764693A776179706F696E7420783D223434392E39393939393939393939373230332220793D223137382E30223E3C2F6F6D6764693A776179706F696E743E0A2020202020203C2F62706D6E64693A42504D4E456467653E0A2020202020203C62706D6E64693A42504D4E456467652062706D6E456C656D656E743D227369642D44373945383533322D373936462D343541332D393932412D373845434631383732374630222069643D2242504D4E456467655F7369642D44373945383533322D373936462D343541332D393932412D3738454346313837323746302220666C6F7761626C653A736F75726365446F636B6572583D2231352E302220666C6F7761626C653A736F75726365446F636B6572593D2231352E302220666C6F7761626C653A746172676574446F636B6572583D2235302E302220666C6F7761626C653A746172676574446F636B6572593D2234302E30223E0A20202020202020203C6F6D6764693A776179706F696E7420783D223132392E393439393938343839393537362220793D223137382E30223E3C2F6F6D6764693A776179706F696E743E0A20202020202020203C6F6D6764693A776179706F696E7420783D223137342E393939393939393939393931372220793D223137382E30223E3C2F6F6D6764693A776179706F696E743E0A2020202020203C2F62706D6E64693A42504D4E456467653E0A2020202020203C62706D6E64693A42504D4E456467652062706D6E456C656D656E743D227369642D43313842354431352D373430432D343035382D383034452D324138393337394439454635222069643D2242504D4E456467655F7369642D43313842354431352D373430432D343035382D383034452D3241383933373944394546352220666C6F7761626C653A736F75726365446F636B6572583D2239392E302220666C6F7761626C653A736F75726365446F636B6572593D2234302E302220666C6F7761626C653A746172676574446F636B6572583D2232302E352220666C6F7761626C653A746172676574446F636B6572593D2232302E35223E0A20202020202020203C6F6D6764693A776179706F696E7420783D223534392E39352220793D223137382E3030343637393830323935353638223E3C2F6F6D6764693A776179706F696E743E0A20202020202020203C6F6D6764693A776179706F696E7420783D223633302E34303039393030393930312220793D223137382E34303039393030393930303939223E3C2F6F6D6764693A776179706F696E743E0A2020202020203C2F62706D6E64693A42504D4E456467653E0A202020203C2F62706D6E64693A42504D4E506C616E653E0A20203C2F62706D6E64693A42504D4E4469616772616D3E0A3C2F646566696E6974696F6E733E, 0);
INSERT INTO `ACT_GE_BYTEARRAY` VALUES ('cff87dff-e622-11ef-a57b-cc28aa504d95', 1, '.assetCall.png', 'cff0dcdd-e622-11ef-a57b-cc28aa504d95', 0x89504E470D0A1A0A0000000D4948445200000314000001360806000000F878D4850000177B49444154785EEDDDDF8F5CE57907F04D2EAAA8FF42942BF83F0C12512E7211B5D2EEDAEB98C4600B3BD8285268224150711D8934CA5DAB542DAD225053A1562281A836040CC4109C4214A90DA410629B8482E3E01F18A21862F0F4BCEE4E3ABC7BD69EFDE199EF39FBF9488F367B66E6CC88FDE67D9FC7677766660600000000000000000000000000000000000000000000000000000000000000000000000000000000000000000000000000000000000000000000000000000000000000000000000000000000000000000000000000000000000000000000000000000000000000000000000000000000000000000000000000000000000000000000000000000000000000000000000000000000000000000000000000000000000000000000000000000000000000000000000000000000000000000000000000000000000000000000000000000000000000000000000000000000000000000000000000000000000000000000000000000000000000000000000000000000000000000000000000000000000000000000000000000000000000000000000000000000000000000000000000000000000000000000000000000000000000003A6E7676F6E39B376FDE353F3FFF70F3F5B9A65E6B6AB0F8F5B9C5E3BBCAFDEAC70200001BD4DCDCDCF5CDA07078717818B70E97C7D5E70200003688F9F9F96B9AC1E060CBB0B0923A58CE539F1B0000E8B1B9B9B91BB66CD9F2D6E870B06DDBB6C13DF7DC333874E8D0E0E8D1A383D3A74F0F8AF2B57C5F8E97DBCBFDAAA1E24C395FFD1C0000400F3503C04DCD30F1FE7020D8BA75EBE0DE7BEF1D9C3D7BF6D2007125E57EE5FEE5712343C58572DEFAB90000801E59BC32F1C76162CF9E3D83E3C78FD733C358CAE3CAE347870A572A0000A0A7666767AF5D5858383B1C00EEBCF3CEC1B973E7EA396145CAE3CB7946868AD3E579EAE70600003AAE69F60F8C5E9958EB303154CE535DA938503F370000D0618B6F0DFBC7BF9958EDAF392DA79C6FF46F2ABCA52C0000F448D3E43F3D6CF6CB1F545F0DE5BC2357299EAE5F03000010A669DC9F6CEABAFAF8A8C54FC0BE581AFDF296AFE3BE9BD34A95F38EBCA5EC459FA80D0000E146AE082C3B58CCCFCFEF1EDEEFEB5FFF7A3D07ACAB72FEE17395E7AD5F0B0000106464A05876B068BE7F7078FBE38F3F5ECF00EBAA9C7FE4B53C38FA3A000080302D03C592C1A2F9FAFCF0F8B163C7EA19605D95F38FBC86E7AB970B000024691924EA2A83C5A9E1F767CE9CA967807555CE3FF2DCAFD7AF170000C6D2D2D8AA80BA70E1423D03ACAB72FE91E77BB7CE0500008CA53494F531D65F3D308CD4939BFFFF579E5E1F1E77850200804E30504CC6E5068991FBF81B0A0000BAC5403119971B2486367B97270000BAC6403119971B24867C0E0500009D63A0C831C94FCAFEEC673F7BE979CAF3F9A46C000056CD4091A5F9793C3DBC7270EFBDF7D6B3C0BA28E71D3E4779BEFA350000C0D80C1459E6E6E6AE1F36FB5BB76E1D1C3F7EBC9E07D6A49C6F616161787562509EAF7E0D0000303603459EE6677260D8F0EFD9B36770EEDCB97A2E5895729E5B6FBDF58391AB1307EAE7060080153150E4999D9DBDB6F9B99C1E36FE77DE79E79A878AF2F83BEEB8E38F5726CAF9CBF3D4CF0D00002B62A0C83437377743F3B3B9307AA562B5BFFE541E575D99B850CE5F3F270000AC98812257F3B3B96974A8287F5351FEA07ADC777F2AF72BF71FFD9B89C5F3DD543F170000AC8A8122DBE2958A332303C1A5B794BDE79E7B06870E1D1A1C3D7A7470FAF4E94B0344F95ABE2FC7CBED236F0D3BAC33AE4C0000B0AE0C14F9E6E7E7AF697E4E07ABE160A575B09CA73E370000AC496936EB63645A7C4BD9C32DC3C2E5EAB0B7860500E0AA315074CFE2276AEF9A9F9F7FB8F9FA5C53AF2D0E0FE5EB738BC777F9046C0000AE3A03050000B06A060A000060D50C1440AF0D06833F3976ECD8BF1E3972E40FE52DD01E7BEC3135E16AFEBB5F3C7CF8F01B4F3CF1C467EA9F4F1A79997EA5E64536A65FA9D9C04001F45CD300FC5BB3010D4E9E3C39387FFEFCE0BDF7DE5313AEF2DFBDFCF77FEAA9A7CE354DC1A7EB9F511279997EA5E64536A65FA9D9C04001F45CF9D7C4B201D51B939A7C9D3871E254D3043C57FF8C92C84B4EA5E54536722A2D1B1828809E2BBF9AE05F1333AAFC1C9A26E0DDFA6794445E722A2D2FB2915369D9C04001F45CF9BDDB7A3352D3ABF2F3A87F4649E425AB92F2221B5995940D0C1440CF8DDB04FCEEAD138363CF7F7BF0E2E37F75A9CAFF2EC7EAFBA9B5557A13202F59959417D9C8AAA46C60A0007A6E9C26E09DB3AF0F5E78F4AEC17FFEFB5F7CA8CAB1725B7D7FB5FA4A6F02E425AB92F2221B5995940D0C1440CF8DD304BCF6E2C34B1A8061FDCF8BDF5F727FB5FA4A6F02E425AB92F2221B5995940D0C1440CF8DD304FCF7937FBD64F31F56B9ADBEBF5A7DA53701F292554979918DAC4ACA06060AA0E7C669025E78ECEE259BFFB0CA6DF5FDD5EA2BBD099097AC4ACA8B6C645552363050003DA709C8AAF426405EB22A292FB2915549D9C04001F4DC384D407927967AF31F56B9ADBEBF5A7DA53701F292554979918DAC4ACA06060AA0E7C669025EF9D1DF2ED9FC87556EABEFAF565FE94D80BC6455525E6423AB92B2818102E8B9719A80D3AFFFD7E0851FFCE59206A01C2BB7D5F757ABAFF426405EB22A292FB2915549D9C04001F4DC384D40A9E33FB97F4913508ED5F7536BABF426405EB22A292FB2915549D9C04001F4DC584DC0BBEF0E5E79F6EF963401E558B96DC9FDD5AA2BBD099097AC4ACA8B6C645552363050003D77A526A07C7AED2F7EF4374B1A806195DB7CC2EDFA557A13202F59959417D9C8AAA46C60A0007A6ED926E0DD7707275E7962F0B347EE58B2F1D755EE53EEEB5F18D75EE94D80BC6455525E6423AB92B2818102E8B9B626E04AFF92B85CF917C6B5577A13202F59959417D9C8AAA46C60A0007AAEAD0918E75F1297ABF2D8FA7C6AFC4A6F02E425AB92F2221B5995940D0C1440CFB53501F5C6BED2AACFA7C6AFF426405EB22A292FB2915549D96066D3E240B1A9BE01A017DA9A0035BD4A6F02E425AB92F2221B5995948D0DAE0C11279BBA7DF1ABA102E81F4D4056A53701F292554979918DAC4ACAC606361C26864344FD3D403F6802B22ABD099097AC4ACA8B6C6455523636A8E58687E58E0374972620ABD29B0079C9AAA4BCC8465625656303BAD2D070A5DB81AE180C061F3D72E4C89FDF7FFFFD3FD8B76FDFA9AF7CE52BE777EFDE7DB1FCE1D4AE5DBB2EDC7EFBED6F37C77EB97FFFFE6F6EDFBEFD13F5E3FB42139055E94D80BC6455525E6423AB92B2B1C18C3B2C8C7B3F205133487CEC91471EF987BBEEBAEB0F3B76EC187CEB5BDF1AFCF8C73F1E1C3D7A7470FAF4E94151BE96EFCBF172FBCD37DFFCC1DEBD7B8FEDDCB9F353F5F9BA4E139055E94D80BC6455525E6423AB92B2B181AC744858E9FD8104CD8070EBFEFDFBCF7FF18B5F1C1C397264F0C1071F5C1A20AEA4DCAFDCFFB6DB6EBBF0852F7CE1A7F3F3F3D7D4E7EE2A4D4056A53701F292554979918DAC4ACAC606B1DAE160B58F0326AD99093EF2E8A38F7EE7965B6E191C387060F0FEFBEFD733C358CAE3CAE33FFFF9CFFF6ECB962D9FAC9FA78B34015995DE04C84B5625E54536B22A291B1BC05A8782B53E1EB8DA9A39E0230F3EF8E07FECDEBD7BF0D24B2FD533C2AA94F3ECD8B1E3F70B0B0B37D7CFD7359A80AC4A6F02E425AB92F2221B5995948D9E5BAF6160BDCE035C0DE5CAC4AE5DBB06274F9EACE7823529E7DBBE7DFB3B73737337D4CFD9259A80AC4A6F02E425AB92F2221B5995948D1E5BEF2160BDCF07AC87679F7DF6D6324CACD795895A73DE8B37DE78E3D9D9D9D96BEBE7EE0A4D4056A53701F292554979918DAC4ACA464FD5CDFF479AFADCE2D795A81F579F1798A6A6DFFFD8D7BEF6B5F3E56F1EAEA6871E7AE8ECC2C2C223F5F377852620ABD29B0079C9AAA4BCC846562565A387EAA6BF0C03FFD454F96F5EBE8E3B542CF7B8FAFCC0B41C3C78F0EFCBBB39ADF60FB0C755CEBF63C78E37E7E6E6AEAF5F43176802B22ABD099097AC4ACA8B6C645552367AA6ADD9FFDCCCFF0D05C31A67A8181D268675E3C8ED6DCF034C52D3E77FF4AB5FFDEA1FCA5BBD4EC233CF3CF3D6E6CD9B9FAE5F47176802B22ABD099097AC4ACA8B6C645552367A64B926BF6D38B8DC50D176FF7F5C3C3E6AB9E70326E1D9679FFDB39D3B778EFD39136B559E67EBD6AD6FCDCECE7EBC7E2DD3D20C384F36755D7DBCA609C8AAF426405EB26A1279B19674B326918D2E1A37CF2DAED4DCB70D096D4345DBFDDA8689A12B3D2F70B5DC77DF7D8F954FB89EA47DFBF6BD303F3FBFBB7E2DD3D22C9883C5BAECE2A909C8AAF426405EB26A1279B19674B326918D2E1A37CF95719BFAB6616174A868BBFD72C3C4D0B8CF0FACA7FDFBF7BF39A95F771A7AFCF1C75F6C16A707EBD7322D238BE665174F4D4056A53701F2925593C88BB5A49B35896C74D1B8791EB1D266BE6D6828DF7FB4E5F838C3C4D04A5F07B0565FFEF297CF1F3B76ACEEF9AFAA975F7EF9D566517ABE7E2DD3D2B268B62E9E9A80AC4A6F02E425AB2691979635C45AD2819A4436BAA825C7AD795EB4DA26BE6DA878B9FA7E25C3C4D06A5F0FB01ABB76EDBA78E6CC99BAE7BFAA4E9F3EFD4EB318BD5EBF966969592CEBBAB4786A02B22ABD099097AC9A445E5AD68EBAAC258135896C74514B7EEBBA94E799B537EF6D43C55A8689A1B5BE2E605CDBB66D1B5CB870A1EEF9AFAAE6F9DE6E5998E24B139055E94D80BC6455FDFFE769966C6455FDF3512BAF66C9BBBD5E0357A8FC9A537D65A27C5F8EAF45795D65A8F8D3FA06601DDD72CB2D17267D85E2CD37DFFCE5E66E5CA17872B35F53882D03855A494D222F2D6B88B5A40335896C74514B8E5BF33CB3F62B0197BB42D1F6EE4FE35AEBEB02C6F5A52F7DE9ED49FF0DC5CF7FFEF39F6CCEFE1B8A7AB1BC24AD099859BAF05EAA49DD3EED4A6F02E4E5C3B74FBB2691176BC9EA6E9F764D221B5D346E9E176D9A595DF3DE364CD4572A563354ACF6F500AB71C71D77FC62D2EFF2F4DDEF7EF7E1CD99EFF274B9C532B209B8DCB1AB7DFBB42BBD099097F663D3AA49E4C55AB2BADBA75D93C846178D9BE7119B6656D6C4B70D13E56F26DADEE5692543C54A5F07B056FBF6EDFBE6A43F8762CF9E3D07C23E8762ACC55213D07E6C5A95DE04C84BFBB169D524F2622D59DDEDD3AE4964A38BC6CD7365D3CC78CDFC72C3C4E53E87629CA162DCE707D6D3F6EDDB3FB163C78E0F26F849D9BF6916A837933E297B5C9A80F663D3AAF426405EDA8F4DAB92F2221BEDC7A65549D9E8894D33976FEADB8685B677736ABBDFE5868A2B3D2F7035EDDDBBF7F8A47EEDE981071EF8E766A078BA7E0D5DA009683F36AD4A6F02E4A5FDD8B42A292FB2D17E6C5A95948D1ED934D3DEDCB70D096DC3C450DBFDDB868AE59E0F98949D3B777EEAB6DB6EBBF0FEFBEFD7FDFFBA6ACEFF5A334CBC323737777DFD1ABA4013D07E6C5A95DE04C84BFBB16955525E64A3FDD8B42A291B3DB369666993FFB9A62EFDFC17EB72C3C450DB5071E3C8ED6DCF034CC39E3D7B7E7AE0C0818BF510B08E2E7EE31BDFF87633501CA89FBB2B3401EDC7A655E94D80BCB41F9B5625E54536DA8F4DAB92B2D1439B663EDCEC8F0E07E30C1343CB3DAE3E3F304DB3B3B3D76EDFBEFD9D975E7AA91E04D6C50F7FF8C3FB9A61E244799EFAB9BB22B10968AB49DD3EED4A6F02E4E5C3B74FBB92F2221B1FBE7DDA95948D9EDA34B374A8285718C61D2686EAC7D5E705126CD9B2E59337DD74D3EF4F9E3C59CF036BF2EAABAF7EBF1926DE989B9BBBA17ECE2E496B02367AA53701F292554979918DAC4ACA468FAD77F3BFDEE703D6D3C2C2C2CDDBB76F7F7BBDAE542C5E9978BDA99BEAE7EA1A4D4056A53701F292554979918DAC4ACA46CFADD710B05EE701AEA6722561DBB66D671F7AE8A1B3ABFD43EDF207D88B7F33F19BAE5F9918D20464557A13202F59959417D9C8AAA46C6C006B1D06D6FA786092E6E7E7AF5958587874C78E1D6F3EF3CC336F8DFB3915CDFD4E3EF0C003DF29EFE6D4D4C1729EFADC5DA509C8AAF426405EB22A292FB2915549D9D820563B14ACF671C0B495B7786D0683C35BB76E3D77F7DD77FFECD0A1432FBCFCF2CBBF3E75EAD4EF9AF9E19DDFFEF6B7C75E7CF1C59F7CEF7BDF7B68EFDEBD079BFB9E2AF7EFEA5BC35E8E2620ABD29B0079C9AAA4BCC846562565630359E970B0D2FB0389CA275B3783C2AEF9F9F9879BAFCF35553E5362B0F8F5B9C5E3BBBAF809D8E3D20464557A13202F59959417D9C8AAA46C6C30E30E09E3DE0F209F2620ABD29B0079C9AAA4BCC8465625656303BAD2B070A5DB01BA45139055E94D80BC6455525E6423AB92B2B1412D37342C771CA0BB34015995DE04C84B5625E54536B22A291B1B583D3CD4DF03F4832620ABD29B0079C9AAA4BCC84656256563831B0E11B72F7E354C00FDA309C8AAF426405EB22A292FB2915549D960665379C397F2B5BE01A01734015995DE04C84B5625E54536B22A291BCCCC2C0E1400FDA409C8AAF426405EB22A292FB2915549D9C04001F49C2620ABD29B0079C9AAA4BCC846562565030305D0739A80AC4A6F02E425AB92F2221B5995940D0C1440CF6902B22ABD099097AC4ACA8B6C645552363050003DA709C8AAF426405EB22A292FB2915549D9C04001F49C2620ABD29B0079C9AAA4BCC846562565030305D0739A80AC4A6F02E425AB92F2221B5995940D0C1440CF6902B22ABD099097AC4ACA8B6C645552363050003DA709C8AAF426405EB22A292FB2915549D9C04001F49C2620ABD29B0079C9AAA4BCC846562565030305D0739A80AC4A6F02E425AB92F2221B5995940D0C1440CF6902B22ABD099097AC4ACA8B6C645552363050003DA709C8AAF426405EB22A292FB2915549D9C04001F49C2620ABD29B0079C9AAA4BCC846562565030305D0739A80AC4A6F02E425AB92F2221B5995940D0C1440CF1D3A74E8E2F9F3E7976C466AF2D5FC1CDE689A8077EB9F511279C9A9B4BCC8464EA565030305D073870F1F7EE3E4C9934B362435F9FAD5AF7EF540D3043C57FF8C92C84B4EA5E54536722A2D1B1828809E7BE289273EF3D4534F9D3B71E2C429FFBA389D6AFEBB9F78F5D557FFA569007EDDD4A7EB9F511279997EA5E64536A65FA9D9C040016C0065E329FF9AD5D47BE5F76EBB56F7DF7FFFA02CD6F5F10E55F9EF5EFEFB77A20128AF73F1F576322F3DA8D8BC94D7B4F8DA64633A159B8D8DCE400110AE59A89FB4580390CA1E0510AC59A4AF2B0BF5625D57DF0E00D366A0000836BC3AB1584FD6B703C0B4192800425557275CA5002092810220547575C2550A0022192800022D7375C2550A00E2182800022D7375C2550A00E2182800C2942B102D43445DD7D58F038069305000842957205A0688BA5CA50020828102A0032CD600A4B247017480C51A8054F628800EB0580390CA1E05D001166B0052D9A3003AC0620D402A7B14400758AC0148658F02E8008B3500A9EC51001D60B10620953D0AA0032CD600A4B247017480C51A8054F628800EB0580390CA1E05D001166B0052D9A3003AC0620D402A7B14400758AC0148658F02E8008B3500A9EC51001D60B10620953D0AA0032CD600A4B247017480C51A8054F628800EB0580390CA1E05D001166B0052D9A3003AC0620D402A7B14400758AC0148658F02E8008B3500A9EC51001D60B10620953D0AA0032CD600A4B247017480C51A8054F628800EB0580390CA1E05D001166B0052D9A3003AC0620D402A7B14400758AC0148658F02E8008B3500A9EC51001D60B10620953D0AA0032CD600A4B247017480C51A8054F628800EB0580390CA1E05D001166B0052D9A3003AC0620D402A7B14400758AC0148658F02E8008B3500A9EC51001D60B10620953D0AA0032CD600A4B247017480C51A8054F628800EB0580390CA1E05D001166B0052D9A3003AC0620D402A7B14400758AC0148658F02E8008B3500A9EC51001D60B10620953D0AA0032CD600A4B247017480C51A8054F628800EB0580390CA1E05D001166B0052D9A3003AC0620D402A7B14400758AC0148658F02E8008B3500A9EC51001D60B10620953D0AA0032CD600A4B247017480C51A8054F628800EB0580390CA1E05D001166B0052D9A3003AC0620D402A7B14400758AC0148658F02E8008B3500A9EC51001D60B10620953D0AA0032CD600A4B247017480C51A8054F628800EB0580390CA1E05D001166B0052D9A3003AC0620D402A7B14400758AC0148658F02E8008B3500A9EC51001D60B10620953D0AA003CA62AD94524AA556BD6F010000000000000000000000000000000000000000000000000000007CC8FF029D4C36724B46D2E80000000049454E44AE426082, 1);
INSERT INTO `ACT_GE_BYTEARRAY` VALUES ('da55d3b6-e6ed-11ef-92dc-cc28aa504d95', 1, 'D:\\Code\\system2\\target\\classes\\processes\\.bpmn20.xml', 'da55d3b5-e6ed-11ef-92dc-cc28aa504d95', 0x3C3F786D6C2076657273696F6E3D22312E302220656E636F64696E673D225554462D38223F3E0A3C646566696E6974696F6E7320786D6C6E733D22687474703A2F2F7777772E6F6D672E6F72672F737065632F42504D4E2F32303130303532342F4D4F44454C2220786D6C6E733A7873693D22687474703A2F2F7777772E77332E6F72672F323030312F584D4C536368656D612D696E7374616E63652220786D6C6E733A7873643D22687474703A2F2F7777772E77332E6F72672F323030312F584D4C536368656D612220786D6C6E733A666C6F7761626C653D22687474703A2F2F666C6F7761626C652E6F72672F62706D6E2220786D6C6E733A62706D6E64693D22687474703A2F2F7777772E6F6D672E6F72672F737065632F42504D4E2F32303130303532342F44492220786D6C6E733A6F6D6764633D22687474703A2F2F7777772E6F6D672E6F72672F737065632F44442F32303130303532342F44432220786D6C6E733A6F6D6764693D22687474703A2F2F7777772E6F6D672E6F72672F737065632F44442F32303130303532342F44492220747970654C616E67756167653D22687474703A2F2F7777772E77332E6F72672F323030312F584D4C536368656D61222065787072657373696F6E4C616E67756167653D22687474703A2F2F7777772E77332E6F72672F313939392F585061746822207461726765744E616D6573706163653D22687474703A2F2F7777772E666C6F7761626C652E6F72672F70726F6365737364656622206578706F727465723D22466C6F7761626C65204F70656E20536F75726365204D6F64656C657222206578706F7274657256657273696F6E3D22362E382E30223E0A20203C70726F636573732069643D22617373657443616C6C22206E616D653D22E8B584E4BAA7E8B083E794A8E6B581E7A88B2220697345786563757461626C653D2274727565223E0A202020203C646F63756D656E746174696F6E3EE8B584E4BAA7E8B083E794A8E6B581E7A88B3C2F646F63756D656E746174696F6E3E0A202020203C73746172744576656E742069643D2273746172744576656E74312220666C6F7761626C653A666F726D4669656C6456616C69646174696F6E3D2274727565222F3E0A202020203C757365725461736B2069643D227369642D32384634363439432D323739302D343536312D384137462D39413831423044373445384522206E616D653D22E794A8E688B7E794B3E8AFB72220666C6F7761626C653A61737369676E65653D22247B7573657249647D2220666C6F7761626C653A666F726D4669656C6456616C69646174696F6E3D2274727565223E0A2020202020203C657874656E73696F6E456C656D656E74733E0A20202020202020203C6D6F64656C65723A696E69746961746F722D63616E2D636F6D706C65746520786D6C6E733A6D6F64656C65723D22687474703A2F2F666C6F7761626C652E6F72672F6D6F64656C6572223E3C215B43444154415B66616C73655D5D3E3C2F6D6F64656C65723A696E69746961746F722D63616E2D636F6D706C6574653E0A2020202020203C2F657874656E73696F6E456C656D656E74733E0A202020203C2F757365725461736B3E0A202020203C73657175656E6365466C6F772069643D227369642D44373945383533322D373936462D343541332D393932412D3738454346313837323746302220736F757263655265663D2273746172744576656E743122207461726765745265663D227369642D32384634363439432D323739302D343536312D384137462D394138314230443734453845222F3E0A202020203C757365725461736B2069643D226C6561646572417070726F76616C22206E616D653D22E9A286E5AFBCE5AEA1E6A0B82220666C6F7761626C653A61737369676E65653D22247B6C656164657249647D2220666C6F7761626C653A666F726D4669656C6456616C69646174696F6E3D2274727565223E0A2020202020203C657874656E73696F6E456C656D656E74733E0A20202020202020203C666C6F7761626C653A657865637574696F6E4C697374656E6572200A202020202020202020206576656E743D22737461727422200A20202020202020202020636C6173733D22636F6D2E70726F6A6563742E73797374656D322E6C697374656E65722E4C656164657256616C69646174696F6E4C697374656E6572222F3E0A20202020202020203C666C6F7761626C653A7661726961626C65206E616D653D226C65616465724964222073636F70653D22676C6F62616C222F3E0A2020202020203C2F657874656E73696F6E456C656D656E74733E0A202020203C2F757365725461736B3E0A202020203C73657175656E6365466C6F772069643D227369642D35443634344145412D394238452D344135342D423641312D3346333643453939354545422220736F757263655265663D227369642D32384634363439432D323739302D343536312D384137462D39413831423044373445384522207461726765745265663D226C6561646572417070726F76616C223E0A2020202020203C657874656E73696F6E456C656D656E74733E0A20202020202020203C666C6F7761626C653A657865637574696F6E4C697374656E657220636C6173733D22636F6D2E70726F6A6563742E73797374656D322E6C697374656E65722E50726F636573735374617475734C697374656E657222206576656E743D2274616B65222F3E0A2020202020203C2F657874656E73696F6E456C656D656E74733E0A202020203C2F73657175656E6365466C6F773E0A202020203C6578636C7573697665476174657761792069643D227369642D36354245334639392D384445442D343833462D393246332D413344333446353144414333222F3E0A202020203C73657175656E6365466C6F772069643D227369642D43313842354431352D373430432D343035382D383034452D3241383933373944394546352220736F757263655265663D227369642D44373643303439432D353341382D343446302D384131432D39333044394436383531333222207461726765745265663D227369642D36354245334639392D384445442D343833462D393246332D413344333446353144414333222F3E0A202020203C656E644576656E742069643D227369642D43333037363846432D343331452D343238422D383439392D463538343244354437333541223E0A2020202020203C657874656E73696F6E456C656D656E74733E0A20202020202020203C666C6F7761626C653A657865637574696F6E4C697374656E65722064656C656761746545787072657373696F6E3D22247B70726F636573735374617475734C697374656E65727D22206576656E743D22656E64222F3E0A2020202020203C2F657874656E73696F6E456C656D656E74733E0A202020203C2F656E644576656E743E0A202020203C73657175656E6365466C6F772069643D227369642D30414239423441322D433946302D344431372D384543462D3830373342373845413236442220736F757263655265663D227369642D36354245334639392D384445442D343833462D393246332D41334433344635314441433322207461726765745265663D227369642D32384634363439432D323739302D343536312D384137462D394138314230443734453845222F3E0A202020203C757365725461736B2069643D227369642D44373643303439432D353341382D343446302D384131432D39333044394436383531333222206E616D653D22E9A286E5AFBCE5AEA1E6A0B82220666C6F7761626C653A61737369676E65653D22247B6C656164657249647D2220666C6F7761626C653A666F726D4669656C6456616C69646174696F6E3D2274727565223E0A2020202020203C657874656E73696F6E456C656D656E74733E0A20202020202020203C6D6F64656C65723A696E69746961746F722D63616E2D636F6D706C65746520786D6C6E733A6D6F64656C65723D22687474703A2F2F666C6F7761626C652E6F72672F6D6F64656C6572223E3C215B43444154415B66616C73655D5D3E3C2F6D6F64656C65723A696E69746961746F722D63616E2D636F6D706C6574653E0A20202020202020203C666C6F7761626C653A666F726D50726F70657274792069643D22617070726F7665526573756C74222F3E0A2020202020203C2F657874656E73696F6E456C656D656E74733E0A202020203C2F757365725461736B3E0A202020203C73657175656E6365466C6F772069643D227369642D46303430313030312D454436322D344237322D393438372D4339443437313337373442452220736F757263655265663D226C6561646572417070726F76616C22207461726765745265663D227369642D44373643303439432D353341382D343446302D384131432D393330443944363835313332222F3E0A202020203C73657175656E6365466C6F772069643D227369642D43414146304339422D363639302D343636312D383431342D3431453231454338333241312220736F757263655265663D227369642D36354245334639392D384445442D343833462D393246332D41334433344635314441433322207461726765745265663D227369642D43333037363846432D343331452D343238422D383439392D463538343244354437333541222F3E0A202020203C73657175656E6365466C6F772069643D227369642D32323134313832332D323530612D346530332D613133302D6538376666316630663033392220736F757263655265663D227369642D32384634363439432D323739302D343536312D384137462D39413831423044373445384522207461726765745265663D226C6561646572417070726F76616C222F3E0A20203C2F70726F636573733E0A20203C62706D6E64693A42504D4E4469616772616D2069643D2242504D4E4469616772616D5F617373657443616C6C223E0A202020203C62706D6E64693A42504D4E506C616E652062706D6E456C656D656E743D22617373657443616C6C222069643D2242504D4E506C616E655F617373657443616C6C223E0A2020202020203C62706D6E64693A42504D4E53686170652062706D6E456C656D656E743D2273746172744576656E7431222069643D2242504D4E53686170655F73746172744576656E7431223E0A20202020202020203C6F6D6764633A426F756E6473206865696768743D2233302E30222077696474683D2233302E302220783D223130302E302220793D223136332E30222F3E0A2020202020203C2F62706D6E64693A42504D4E53686170653E0A2020202020203C62706D6E64693A42504D4E53686170652062706D6E456C656D656E743D227369642D32384634363439432D323739302D343536312D384137462D394138314230443734453845222069643D2242504D4E53686170655F7369642D32384634363439432D323739302D343536312D384137462D394138314230443734453845223E0A20202020202020203C6F6D6764633A426F756E6473206865696768743D2238302E30222077696474683D223130302E302220783D223137352E302220793D223133382E30222F3E0A2020202020203C2F62706D6E64693A42504D4E53686170653E0A2020202020203C62706D6E64693A42504D4E53686170652062706D6E456C656D656E743D226C6561646572417070726F76616C222069643D2242504D4E53686170655F6C6561646572417070726F76616C223E0A20202020202020203C6F6D6764633A426F756E6473206865696768743D2238302E30222077696474683D223130302E302220783D223331352E302220793D223133382E30222F3E0A2020202020203C2F62706D6E64693A42504D4E53686170653E0A2020202020203C62706D6E64693A42504D4E53686170652062706D6E456C656D656E743D227369642D36354245334639392D384445442D343833462D393246332D413344333446353144414333222069643D2242504D4E53686170655F7369642D36354245334639392D384445442D343833462D393246332D413344333446353144414333223E0A20202020202020203C6F6D6764633A426F756E6473206865696768743D2234302E30222077696474683D2234302E302220783D223633302E302220793D223135382E30222F3E0A2020202020203C2F62706D6E64693A42504D4E53686170653E0A2020202020203C62706D6E64693A42504D4E53686170652062706D6E456C656D656E743D227369642D43333037363846432D343331452D343238422D383439392D463538343244354437333541222069643D2242504D4E53686170655F7369642D43333037363846432D343331452D343238422D383439392D463538343244354437333541223E0A20202020202020203C6F6D6764633A426F756E6473206865696768743D2232382E30222077696474683D2232382E302220783D223735302E302220793D223130352E30222F3E0A2020202020203C2F62706D6E64693A42504D4E53686170653E0A2020202020203C62706D6E64693A42504D4E53686170652062706D6E456C656D656E743D227369642D44373643303439432D353341382D343446302D384131432D393330443944363835313332222069643D2242504D4E53686170655F7369642D44373643303439432D353341382D343446302D384131432D393330443944363835313332223E0A20202020202020203C6F6D6764633A426F756E6473206865696768743D2238302E30222077696474683D223130302E302220783D223435302E302220793D223133382E30222F3E0A2020202020203C2F62706D6E64693A42504D4E53686170653E0A2020202020203C62706D6E64693A42504D4E456467652062706D6E456C656D656E743D227369642D30414239423441322D433946302D344431372D384543462D383037334237384541323644222069643D2242504D4E456467655F7369642D30414239423441322D433946302D344431372D384543462D3830373342373845413236442220666C6F7761626C653A736F75726365446F636B6572583D2232302E352220666C6F7761626C653A736F75726365446F636B6572593D2232302E352220666C6F7761626C653A746172676574446F636B6572583D2235302E302220666C6F7761626C653A746172676574446F636B6572593D2237392E30223E0A20202020202020203C6F6D6764693A776179706F696E7420783D223635302E352220793D223139372E3434323230383035393231303537222F3E0A20202020202020203C6F6D6764693A776179706F696E7420783D223635302E352220793D223330302E30222F3E0A20202020202020203C6F6D6764693A776179706F696E7420783D223232352E302220793D223330302E30222F3E0A20202020202020203C6F6D6764693A776179706F696E7420783D223232352E302220793D223231372E3935303030303030303030303032222F3E0A2020202020203C2F62706D6E64693A42504D4E456467653E0A2020202020203C62706D6E64693A42504D4E456467652062706D6E456C656D656E743D227369642D43414146304339422D363639302D343636312D383431342D343145323145433833324131222069643D2242504D4E456467655F7369642D43414146304339422D363639302D343636312D383431342D3431453231454338333241312220666C6F7761626C653A736F75726365446F636B6572583D2232302E352220666C6F7761626C653A736F75726365446F636B6572593D2232302E352220666C6F7761626C653A746172676574446F636B6572583D2231342E302220666C6F7761626C653A746172676574446F636B6572593D2231342E30223E0A20202020202020203C6F6D6764693A776179706F696E7420783D223635302E352220793D223135382E35222F3E0A20202020202020203C6F6D6764693A776179706F696E7420783D223635302E352220793D223131392E30222F3E0A20202020202020203C6F6D6764693A776179706F696E7420783D223735302E302220793D223131392E30222F3E0A2020202020203C2F62706D6E64693A42504D4E456467653E0A2020202020203C62706D6E64693A42504D4E456467652062706D6E456C656D656E743D227369642D46303430313030312D454436322D344237322D393438372D433944343731333737344245222069643D2242504D4E456467655F7369642D46303430313030312D454436322D344237322D393438372D4339443437313337373442452220666C6F7761626C653A736F75726365446F636B6572583D2235302E302220666C6F7761626C653A736F75726365446F636B6572593D2234302E302220666C6F7761626C653A746172676574446F636B6572583D2235302E302220666C6F7761626C653A746172676574446F636B6572593D2234302E30223E0A20202020202020203C6F6D6764693A776179706F696E7420783D223431342E39353030303030303030303030352220793D223137382E30222F3E0A20202020202020203C6F6D6764693A776179706F696E7420783D223435302E302220793D223137382E30222F3E0A2020202020203C2F62706D6E64693A42504D4E456467653E0A2020202020203C62706D6E64693A42504D4E456467652062706D6E456C656D656E743D227369642D44373945383533322D373936462D343541332D393932412D373845434631383732374630222069643D2242504D4E456467655F7369642D44373945383533322D373936462D343541332D393932412D3738454346313837323746302220666C6F7761626C653A736F75726365446F636B6572583D2231352E302220666C6F7761626C653A736F75726365446F636B6572593D2231352E302220666C6F7761626C653A746172676574446F636B6572583D2235302E302220666C6F7761626C653A746172676574446F636B6572593D2234302E30223E0A20202020202020203C6F6D6764693A776179706F696E7420783D223132392E393439393938343839393537362220793D223137382E30222F3E0A20202020202020203C6F6D6764693A776179706F696E7420783D223137342E393939393939393939393931372220793D223137382E30222F3E0A2020202020203C2F62706D6E64693A42504D4E456467653E0A2020202020203C62706D6E64693A42504D4E456467652062706D6E456C656D656E743D227369642D43313842354431352D373430432D343035382D383034452D324138393337394439454635222069643D2242504D4E456467655F7369642D43313842354431352D373430432D343035382D383034452D3241383933373944394546352220666C6F7761626C653A736F75726365446F636B6572583D2239392E302220666C6F7761626C653A736F75726365446F636B6572593D2234302E302220666C6F7761626C653A746172676574446F636B6572583D2232302E352220666C6F7761626C653A746172676574446F636B6572593D2232302E35223E0A20202020202020203C6F6D6764693A776179706F696E7420783D223534392E39352220793D223137382E3030343638222F3E0A20202020202020203C6F6D6764693A776179706F696E7420783D223633302E34303039393030393930312220793D223137382E34303039393030393930303939222F3E0A2020202020203C2F62706D6E64693A42504D4E456467653E0A2020202020203C62706D6E64693A42504D4E456467652069643D22656467652D30336431353037342D306432352D346661632D383338632D336666336161363132306435222062706D6E456C656D656E743D227369642D32323134313832332D323530612D346530332D613133302D653837666631663066303339223E0A20202020202020203C6F6D6764693A776179706F696E7420783D223237352E302220793D223137382E30222F3E0A20202020202020203C6F6D6764693A776179706F696E7420783D223331352E302220793D223137382E30222F3E0A2020202020203C2F62706D6E64693A42504D4E456467653E0A202020203C2F62706D6E64693A42504D4E506C616E653E0A20203C2F62706D6E64693A42504D4E4469616772616D3E0A3C2F646566696E6974696F6E733E0A, 0);
INSERT INTO `ACT_GE_BYTEARRAY` VALUES ('da6ed9f7-e6ed-11ef-92dc-cc28aa504d95', 1, 'D:\\Code\\system2\\target\\classes\\processes\\.assetCall.png', 'da55d3b5-e6ed-11ef-92dc-cc28aa504d95', 0x89504E470D0A1A0A0000000D4948445200000314000001360806000000F878D4850000178749444154785EEDDDDF8F5C677907F0858B0AF55F405CC1FFE1200571C1056AA5DDB5D738E0C4566C624748A42025A0E21A291471D78AAA4D2B94A854512B0512543B2171129C10D380905A129A106C07D2604CFC2326082738F1F4BCEE0E9DBC7BD69E9D5DCF7CCFD9CF477AB4D9F971CE28F3D5FB3E8FCFEEECDC1C000000000000000000000000000000000000000000000000000000000000000000000000000000000000000000000000000000000000000000000000000000000000000000000000000000000000000000000000000000000000000000000000000000000000000000000000000000000000000000000000000000000000000000000000000000000000000000000000000000000000000000000000000000000000000000000000000000000000000000000000000000000000000000000000000000000000000000000000000000000000000000000000000000000000000000000000000000000000000000000000000000000000000000000000000000000000000000000000000000000000000000000000000000000000000000000000000000000000000000000000000000000000000000000000000000000000000074DCFCFCFCFBB76EDDBA677171F1A1E6EBB34DBDD2D460F9EBB3CBB7EF298FAB9F0B00006C520B0B0B1F6E0685A3CBC3C3B875B43CAF3E160000B0492C2E2E7EB0190C0EB70C0B6BA9C3E538F5B10100801E5B5858B871DBB66DAF8F0E073B76EC18DC7DF7DD8323478E0C8E1F3F3E387BF6ECA0285FCBF7E5F6727F795C35549C2BC7ABCF010000F4503300DCDC0C136F0F0782EDDBB70FEEB9E79EC1F9F3E7AF0C10D7521E571E5F9E3732545C2AC7ADCF050000F4C8F295893F0E13FBF6ED1B9C3C79B29E19C6529E579E3F3A54B8520100003D353F3FFFA1A5A5A5F3C301E0AEBBEE1A5CB870A19E13D6A43CBF1C6764A8385BCE539F1B0000E8B8A6D93F347A6562BDC3C450394E75A5E2507D6E0000A0C3963F1AF68FBF3331E98F39ADA61C6FF4772A7CA42C0000F448D3E43F356CF6CB2F545F0FE5B82357299EAA5F03000010A669DC9F68EA86FAF651CB7F01FB7269F4CB47BE8EFB694E6B558E3BF291B297FD456D00000837724560D5C162717171EFF0715FF9CA57EA39604395E30FCF55CE5BBF16000020C8C840B1EA60D17CFFC0F0FEC71E7BAC9E01365439FEC86B7960F475000000615A068A158345F3F587C3DB4F9C3851CF001BAA1C7FE435FCB07AB9000040929641A2AE32589C197E7FEEDCB97A06D850E5F823E77EB57EBD0000309696C65605D4A54B97EA19604395E38F9CEFCD3A1700003096D250D6B7B1F1EA8161A49ED8FAFF3FF2F4EAF07657280000E80403C5745C6D9018798CDFA10000A05B0C14D371B5416268AB4F790200A06B0C14D371B54162C8DFA10000A0730C1439A6F997B23FF1894F5C394F399FBF940D00C0C40C14599AF7E3A9E195837BEEB9A79E05364439EEF01CE57CF56B000080B11928B22C2C2C7C78D8EC6FDFBE7D70F2E4C97A1E589772BCA5A5A5E1D58941395FFD1A0000606C068A3CCD7B7268D8F0EFDBB76F70E1C2857A2E984839CE6DB7DDF6CEC8D58943F5B90100604D0C1479E6E7E73FD4BC2F67878DFF5D77DDB5EEA1A23CFFCE3BEFFCE3958972FC729EFADC0000B026068A4C0B0B0B3736EFCDA5D12B1593FEF853795E7565E252397E7D4E000058330345AEE6BDB97974A828BF53517EA17ADC4F7F2A8F2B8F1FFD9D89E5E3DD5C9F0B00002662A0C8B67CA5E2DCC84070E52365EFBEFBEEC191234706C78F1F1F9C3D7BF6CA0051BE96EFCBEDE5FE918F861DD63957260000D850068A7C8B8B8B1F6CDEA7C3D570B0D63A5C8E531F1B0000D6A5349BF56D645AFE48D9A32DC3C2D5EAA88F860500E0BA315074CFF25FD4DEB3B8B8F850F3F5D9A65E591E1ECAD767976FDFE32F60030070DD1928000080891928000080891928805E1B0C067F72E2C4897F3D76ECD81FCA47A03DFAE8A36ACAD5FC7FBF7CF4E8D15F3DFEF8E31FAFDF9F34F232FB4ACD8B6CCCBE52B3818102E8B9A601F8B766031A9C3E7D7A70F1E2C5C15B6FBDA5A65CE5FF7BF9FFFFE4934F5E689A828FD5EF511279997DA5E64536665FA9D9C04001F45CF9D7C4B201D51B939A7E9D3A75EA4CD3043C5BBF4749E425A7D2F2221B3995960D0C1440CF951F4DF0AF891955DE87A60978B37E8F92C84B4EA5E54536722A2D1B1828809E2B3F775B6F466A7655DE8FFA3D4A222F59959417D9C8AAA46C60A0007A6EDC26E077AF9F1A9CF8E13706CF3FF65757AAFC77B9AD7E9C5A5FA53701F292554979918DAC4ACA06060AA0E7C66902DE38FFEAE0B947BE38F8CF7FFF8B7755B9ADDC573F5E4D5EE94D80BC6455525E6423AB92B2818102E8B9719A80579E7F68450330ACFF79FE3B2B1EAF26AFF426405EB22A292FB2915549D9C04001F4DC384DC07F3FF1D72B36FF6195FBEAC7ABC92BBD099097AC4ACA8B6C645552363050003D374E13F0DCA35F5AB1F90FABDC573F5E4D5EE94D80BC6455525E6423AB92B2818102E8394D4056A53701F292554979918DAC4ACA06060AA0E7C66902CA27B1D49BFFB0CA7DF5E3D5E495DE04C84B5625E54536B22A291B1828809E1BA70978E9FB7FBB62F31F56B9AF7EBC9ABCD29B0079C9AAA4BCC846562565030305D073E33401675FFDAFC173DFFDCB150D40B9ADDC573F5E4D5EE94D80BC6455525E6423AB92B2818102E8B9719A8052277F74DF8A26A0DC563F4EADAFD29B0079C9AAA4BCC846562565030305D0736335016FBE3978E999BF5BD10494DBCA7D2B1EAF26AEF426405EB22A292FB2915549D9C04001F4DCB59A80F2D76B7FF6FDBF59D1000CABDCE72FDC6E5CA53701F292554979918DAC4ACA06060AA0E7566D02DE7C7370EAA5C7073F79F8CE151B7F5DE531E5B1FE8571FD95DE04C84B5625E54536B22A291B1828809E6B6B02AEF52F89AB957F615C7FA53701F292554979918DAC4ACA06060AA0E7DA9A8071FE2571B52ACFAD8FA7C6AFF426405EB22A292FB2915549D9C04001F45C5B13506FEC6BADFA786AFC4A6F02E425AB92F2221B5995940DE6B62C0F145BEA3B007AA1AD0950B3ABF426405EB22A292FB2915549D9D8E4CA1071BAA93B96BF1A2A80FED10464557A13202F59959417D9C8AAA46C6C62C361623844D4DF03F4832620ABD29B0079C9AAA4BCC84656256563935A6D7858ED7680EED20464557A13202F59959417D9C8AAA46C6C42D71A1AAE753FD01583C1E0BDC78E1DFBF3FBEEBBEFBB070E1C38F3F9CF7FFEE2DEBD7B2F975F9CDAB367CFA53BEEB8E3B7CD6D3F3F78F0E0D776EEDCF981FAF97DA109C8AAF426405EB22A292FB2915549D9D864C61D16C67D1C90A81924DEF7F0C30FFFC317BFF8C53FECDAB56BF0F5AF7F7DF0831FFC6070FCF8F1C1D9B3670745F95ABE2FB797FB6FB9E59677F6EFDF7F62F7EEDD1FAD8FD7759A80AC4A6F02E425AB92F2221B5995948D4D64AD43C25A1F0F24680684DB0E1E3C78F1339FF9CCE0D8B1638377DE79E7CA00712DE571E5F1B7DF7EFBA54F7FFAD33F5E5C5CFC607DECAED20464557A13202F59959417D9C8AAA46C6C12930E07933E0F98B6662678CF238F3CF2CD5B6FBD7570E8D0A1C1DB6FBF5DCF0C6329CF2BCFFFD4A73EF5BB6DDBB67DA43E4F176902B22ABD099097AC4ACA8B6C645552363681F50E05EB7D3E70BD3573C07B1E78E081FFD8BB77EFE085175EA867848994E3ECDAB5EBF74B4B4BB7D4E7EB1A4D4056A53701F292554979918DAC4ACA46CF6DD430B051C701AE87726562CF9E3D83D3A74FD773C1BA94E3EDDCB9F38D8585851BEB7376892620ABD29B0079C9AAA4BCC846562565A3C7367A08D8E8E3011BE199679EB9AD0C131B7565A2D61CF7F24D37DD747E7E7EFE43F5B9BB42139055E94D80BC6455525E6423AB92B2D15375F3FF9EA63EB9FC752DEAE7D5C70566A9E9F7DFF7E52F7FF962F99D87EBE9C1071F3CBFB4B4F4707DFEAED00464557A13202F59959417D9C8AAA46CF450DDF49761E09F9A2AFFCFCBD771878AD59E571F1F9895C3870FFF7DF934A7497F017B5CE5F8BB76ED7A6D6161E1C3F56BE8024D4056A53701F292554979918DAC4ACA46CFB435FB9F9CFBBFA16058E30C15A3C3C4B06E1AB9BFED3CC034357DFE7BBFF0852FFCA17CD4EB343CFDF4D3AF6FDDBAF5A9FA7574812620ABD29B0079C9AAA4BCC846562565A347566BF2DB8683AB0D156D8FFFC7E5DB47AD763E601A9E79E6993FDBBD7BF7D87F6762BDCA79B66FDFFEFAFCFCFCFBEBD7322BCD80F3445337D4B7D734015935AB26405EBA59D3C88B6C74B3A6918D2E1A37CF2DAED5DCB70D096D4345DBE3DA8689A16B9D17B85EEEBDF7DE47CB5FB89EA603070E3CB7B8B8B8B77E2DB3D22C9883E5BAEAE2A909C8AA593501F2D2CD9A465E64A39B358D6C74D1B879AE8CDBD4B70D0BA34345DBFD571B2686C63D3FB0910E1E3CF8DAB47EDC69E8B1C71E7BBE599C1EA85FCBAC8C2C9A575D3C35015935AB26405EBA59D3C88B6C74B3A6918D2E1A37CF23D6DACCB70D0DE5FBF7B6DC3ECE3031B4D6D701ACD7E73EF7B98B274E9CA87BFEEBEAC5175F7CB959947E58BF96596959345B174F4D4056CDAA0968C989BC74A0A69197964CC846076A1AD9E8A2961CB7E679D9A44D7CDB50F162F5FD5A8689A1495F0F30893D7BF65C3E77EE5CDDF35F5767CF9E7DA3598C5EAD5FCBACB42C96755D593C35015935AB26A0251F75C94B604D232F2D59A84B36026B1AD9E8A296FCD67525CF73EB6FDEDB868AF50C1343EB7D5DC0B876ECD831B874E952DDF35F57CDF97EDBB230C5972620ABEAF727ADE425ABEAF76796251B5955BF3F6AEDD5B41377D4FDC51A951F73AAAF4C94EFCBEDEB515E57192AFEB4BE03D840B7DE7AEBA5695FA178EDB5D77EBEB51B57289ED8EAC714626B56FFAAD8921379E9404D232F2D99908D0ED434B2D1452D396ECDF3DCFAAF045CED0A45DBA73F8D6BBDAF0B18D7673FFBD9DF4EFB77287EFAD39FFE686BF6EF50D48BE515694DC0DCCA85F74A4DEBFE59D7AC9A007999ECFE59D734F2221B93DD3FEB9A4636BA68DC3C2FDB323759F3DE364CD4572A26192A267D3DC024EEBCF3CE9F4DFB539EBEF5AD6F3DB435F3539EAEB65846360157BBED7ADF3FEB9A5513202F93DD3FEB9A465E6463B2FB675DD3C846178D9BE7115BE6D6D6C4B70D13E57726DA3EE5692D43C55A5F07B05E070E1CF8DAB4FF0EC5BE7DFB0E85FD1D8AB1164B4D40FB6DB3AA593501F232D9FDB3AE69E4453626BB7FD6358D6C74D1B879AE6C991BAF995F6D98B8DADFA11867A818F7FCC046DAB973E70776EDDAF5CE14FF52F6AF9B05EAB5A4BF943D2E4D40FB6DB3AAF426405EDA6F9B5525E54536DA6F9B552565A327B6CC5DBDA96F1B16DA3ECDA9ED71571B2AAE755EE07ADABF7FFFC969FDD8D3FDF7DFFFCFCD40F154FD1ABA4013D07EDBAC2ABD099097F6DB66554979918DF6DB665549D9E8912D73EDCD7DDB90D0364C0CB53DBE6DA858ED7CC0B4ECDEBDFBA3B7DF7EFBA5B7DF7EBBEEFF375473FC579A61E2A58585850FD7AFA10B3401EDB7CDAAD29B007969BF6D56959417D968BF6D5695948D9ED932B7B2C9FF645357DEFFE5BADA3031D43654DC34727FDB798059D8B76FDF8F0F1D3A74B91E0236D0E5AF7EF5ABDF68068A43F5B9BB4213D07EDBAC2ABD099097F6DB66554979918DF6DB665549D9E8A12D73EF6EF6478783718689A1D59E571F1F98A5F9F9F90FEDDCB9F38D175E78A11E0436C4F7BEF7BD7B9B61E254394F7DEEAE486C02DA6A5AF7CFBAD29B007979F7FDB3AEA4BCC8C6BBEF9F752565A3A7B6CCAD1C2ACA1586718789A1FA79F5718104DBB66DFBC8CD37DFFCFBD3A74FD7F3C0BABCFCF2CBDF6986895F2D2C2CDC589FB34BD29A80CD5EE94D80BC6455525E6423AB92B2D1631BDDFC6FF4F1808DB4B4B474CBCE9D3B7FBB51572A96AF4CBCDAD4CDF5B9BA46139055E94D80BC6455525E6423AB92B2D1731B35046CD47180EBA95C49D8B163C7F9071F7CF0FCA4BFA85D7E017BF977267EDDF52B13439A80AC4A6F02E425AB92F2221B5995948D4D60BDC3C07A9F0F4CD3E2E2E2079796961ED9B56BD76B4F3FFDF4EBE3FE9D8AE671A7EFBFFFFE6F964F736AEA70394E7DECAED20464557A13202F59959417D9C8AAA46C6C12930E05933E0F98B5F211AFCD607074FBF6ED17BEF4A52FFDE4C89123CFBDF8E28BBF3C73E6CCEF9AF9E18DDFFCE637279E7FFEF91F7DFBDBDF7E70FFFEFD879BC79E298FEFEA47C35E8D2620ABD29B0079C9AAA4BCC846562565631359EB70B0D6C70389CA5FB66E06853D8B8B8B0F355F9F6DAAFC4D89C1F2D767976FDFD3C5BF803D2E4D4056A53701F292554979918DAC4ACAC62633EE9030EEE300F26902B22ABD099097AC4ACA8B6C6455523636A16B0D0BD7BA1FA05B34015995DE04C84B5625E54536B22A291B9BD46A43C36AB70374972620ABD29B0079C9AAA4BCC8465625656313AB8787FA7B807ED00464557A13202F59959417D9C8AAA46C6C72C321E28EE5AF8609A07F34015995DE04C84B5625E54536B22A291BCC6D291FF852BED67700F4822620ABD29B0079C9AAA4BCC84656256583B9B9E58102A09F34015995DE04C84B5625E54536B22A291B1828809ED30464557A13202F59959417D9C8AAA46C60A0007A4E139055E94D80BC6455525E6423AB92B2818102E8394D4056A53701F292554979918DAC4ACA06060AA0E734015995DE04C84B5625E54536B22A291B1828809ED30464557A13202F59959417D9C8AAA46C60A0007A4E139055E94D80BC6455525E6423AB92B2818102E8394D4056A53701F292554979918DAC4ACA06060AA0E734015995DE04C84B5625E54536B22A291B1828809ED30464557A13202F59959417D9C8AAA46C60A0007A4E139055E94D80BC6455525E6423AB92B2818102E8394D4056A53701F292554979918DAC4ACA06060AA0E734015995DE04C84B5625E54536B22A291B1828809ED30464557A13202F59959417D9C8AAA46C60A0007A4E139055E94D80BC6455525E6423AB92B2818102E8B923478E5CBE78F1E28ACD484DBF9AF7E1574D13F066FD1E2591979C4ACB8B6CE4545A363050003D77F4E8D15F9D3E7D7AC586A4A65FBFF8C52FEE6F9A8067EBF72889BCE4545A5E6423A7D2B2818102E8B9C71F7FFCE34F3EF9E48553A74E9DF1AF8BB3A9E6FFFBA9975F7EF95F9A06E0974D7DAC7E8F92C8CBEC2B352FB231FB4ACD06060A6013281B4FF9D7ACA6DE2A3F77DBB5BAEFBEFB0665B1AE6FEF5095FFEFE5FF7F271A80F23A975F6F27F3D2838ACD4B794DCBAF4D366653B1D9D8EC0C1400E19A85FA098B3500A9EC5100C19A45FA86B2502FD70DF5FD00306B060A8060C3AB13CBF5447D3F00CC9A810220547575C2550A0022192800425557275CA5002092810220D02A57275CA500208E810220D02A57275CA500208E8102204CB902D13244D47543FD3C009805030540987205A26580A8CB550A00221828003AC0620D402A7B14400758AC0148658F02E8008B3500A9EC51001D60B10620953D0AA0032CD600A4B247017480C51A8054F628800EB0580390CA1E05D001166B0052D9A3003AC0620D402A7B14400758AC0148658F02E8008B3500A9EC51001D60B10620953D0AA0032CD600A4B247017480C51A8054F628800EB0580390CA1E05D001166B0052D9A3003AC0620D402A7B14400758AC0148658F02E8008B3500A9EC51001D60B10620953D0AA0032CD600A4B247017480C51A8054F628800EB0580390CA1E05D001166B0052D9A3003AC0620D402A7B14400758AC0148658F02E8008B3500A9EC51001D60B10620953D0AA0032CD600A4B247017480C51A8054F628800EB0580390CA1E05D001166B0052D9A3003AC0620D402A7B14400758AC0148658F02E8008B3500A9EC51001D60B10620953D0AA0032CD600A4B247017480C51A8054F628800EB0580390CA1E05D001166B0052D9A3003AC0620D402A7B14400758AC0148658F02E8008B3500A9EC51001D60B10620953D0AA0032CD600A4B247017480C51A8054F628800EB0580390CA1E05D001166B0052D9A3003AC0620D402A7B14400758AC0148658F02E8008B3500A9EC51001D60B10620953D0AA0032CD600A4B247017480C51A8054F628800EB0580390CA1E05D001166B0052D9A3003AC0620D402A7B14400758AC0148658F02E8008B3500A9EC51001D60B10620953D0AA0032CD600A4B247017480C51A8054F628800EB0580390CA1E05D001166B0052D9A3003AC0620D402A7B14400758AC0148658F02E8008B3500A9EC51001D60B10620953D0AA0032CD600A4B247017480C51A8054F628800EB0580390CA1E05D001166B0052D9A3003AA02CD64A29A5546AD5FB16000000000000000000000000000000000000000000000000000000C0BBFC2FD19AE0C140CD5BE30000000049454E44AE426082, 1);
INSERT INTO `ACT_GE_BYTEARRAY` VALUES ('f7df08e9-e888-11ef-9400-cc28aa504d95', 1, 'D:\\Code\\system2\\target\\classes\\processes\\.bpmn20.xml', 'f7df08e8-e888-11ef-9400-cc28aa504d95', 0x3C3F786D6C2076657273696F6E3D22312E302220656E636F64696E673D225554462D38223F3E0A3C646566696E6974696F6E7320786D6C6E733D22687474703A2F2F7777772E6F6D672E6F72672F737065632F42504D4E2F32303130303532342F4D4F44454C2220786D6C6E733A7873693D22687474703A2F2F7777772E77332E6F72672F323030312F584D4C536368656D612D696E7374616E63652220786D6C6E733A7873643D22687474703A2F2F7777772E77332E6F72672F323030312F584D4C536368656D612220786D6C6E733A666C6F7761626C653D22687474703A2F2F666C6F7761626C652E6F72672F62706D6E2220786D6C6E733A62706D6E64693D22687474703A2F2F7777772E6F6D672E6F72672F737065632F42504D4E2F32303130303532342F44492220786D6C6E733A6F6D6764633D22687474703A2F2F7777772E6F6D672E6F72672F737065632F44442F32303130303532342F44432220786D6C6E733A6F6D6764693D22687474703A2F2F7777772E6F6D672E6F72672F737065632F44442F32303130303532342F44492220747970654C616E67756167653D22687474703A2F2F7777772E77332E6F72672F323030312F584D4C536368656D61222065787072657373696F6E4C616E67756167653D22687474703A2F2F7777772E77332E6F72672F313939392F585061746822207461726765744E616D6573706163653D22687474703A2F2F7777772E666C6F7761626C652E6F72672F70726F6365737364656622206578706F727465723D22466C6F7761626C65204F70656E20536F75726365204D6F64656C657222206578706F7274657256657273696F6E3D22362E382E30223E0A20203C70726F636573732069643D22617373657443616C6C22206E616D653D22E8B584E4BAA7E8B083E794A8E6B581E7A88B2220697345786563757461626C653D2274727565223E0A202020203C646F63756D656E746174696F6E3EE8B584E4BAA7E8B083E794A8E6B581E7A88B3C2F646F63756D656E746174696F6E3E0A202020203C657874656E73696F6E456C656D656E74733E0A2020202020203C666C6F7761626C653A7661726961626C65206E616D653D226C656164657249642220747970653D22737472696E6722202F3E0A2020202020203C666C6F7761626C653A7661726961626C65206E616D653D227573657249642220747970653D22737472696E6722202F3E0A202020203C2F657874656E73696F6E456C656D656E74733E0A202020203C73746172744576656E742069643D2273746172744576656E74312220666C6F7761626C653A666F726D4669656C6456616C69646174696F6E3D2274727565222F3E0A202020203C757365725461736B2069643D227369642D32384634363439432D323739302D343536312D384137462D39413831423044373445384522206E616D653D22E794A8E688B7E794B3E8AFB72220666C6F7761626C653A61737369676E65653D22247B7573657249647D2220666C6F7761626C653A666F726D4669656C6456616C69646174696F6E3D2274727565223E0A2020202020203C657874656E73696F6E456C656D656E74733E0A20202020202020203C6D6F64656C65723A696E69746961746F722D63616E2D636F6D706C65746520786D6C6E733A6D6F64656C65723D22687474703A2F2F666C6F7761626C652E6F72672F6D6F64656C6572223E3C215B43444154415B66616C73655D5D3E3C2F6D6F64656C65723A696E69746961746F722D63616E2D636F6D706C6574653E0A2020202020203C2F657874656E73696F6E456C656D656E74733E0A202020203C2F757365725461736B3E0A202020203C73657175656E6365466C6F772069643D227369642D44373945383533322D373936462D343541332D393932412D3738454346313837323746302220736F757263655265663D2273746172744576656E743122207461726765745265663D227369642D32384634363439432D323739302D343536312D384137462D394138314230443734453845222F3E0A202020203C757365725461736B2069643D227369642D45334639343536372D364631442D343644422D384238382D43433139334231453334433022206E616D653D22E9A286E5AFBCE5AEA1E6A0B8312220666C6F7761626C653A61737369676E65653D22247B6C656164657249647D2220666C6F7761626C653A666F726D4669656C6456616C69646174696F6E3D2274727565223E0A2020202020203C657874656E73696F6E456C656D656E74733E0A20202020202020203C6D6F64656C65723A696E69746961746F722D63616E2D636F6D706C65746520786D6C6E733A6D6F64656C65723D22687474703A2F2F666C6F7761626C652E6F72672F6D6F64656C6572223E3C215B43444154415B66616C73655D5D3E3C2F6D6F64656C65723A696E69746961746F722D63616E2D636F6D706C6574653E0A2020202020203C2F657874656E73696F6E456C656D656E74733E0A202020203C2F757365725461736B3E0A202020203C73657175656E6365466C6F772069643D227369642D35443634344145412D394238452D344135342D423641312D3346333643453939354545422220736F757263655265663D227369642D32384634363439432D323739302D343536312D384137462D39413831423044373445384522207461726765745265663D227369642D45334639343536372D364631442D343644422D384238382D434331393342314533344330222F3E0A202020203C6578636C7573697665476174657761792069643D227369642D36354245334639392D384445442D343833462D393246332D413344333446353144414333222F3E0A202020203C73657175656E6365466C6F772069643D227369642D43313842354431352D373430432D343035382D383034452D3241383933373944394546352220736F757263655265663D227369642D44373643303439432D353341382D343446302D384131432D39333044394436383531333222207461726765745265663D227369642D36354245334639392D384445442D343833462D393246332D413344333446353144414333222F3E0A202020203C656E644576656E742069643D227369642D43333037363846432D343331452D343238422D383439392D463538343244354437333541222F3E0A202020203C73657175656E6365466C6F772069643D227369642D30414239423441322D433946302D344431372D384543462D3830373342373845413236442220736F757263655265663D227369642D36354245334639392D384445442D343833462D393246332D41334433344635314441433322207461726765745265663D227369642D32384634363439432D323739302D343536312D384137462D394138314230443734453845223E0A2020202020203C636F6E646974696F6E45787072657373696F6E207873693A747970653D2274466F726D616C45787072657373696F6E223E3C215B43444154415B247B21617070726F7665526573756C747D5D5D3E3C2F636F6E646974696F6E45787072657373696F6E3E0A202020203C2F73657175656E6365466C6F773E0A202020203C757365725461736B2069643D227369642D44373643303439432D353341382D343446302D384131432D39333044394436383531333222206E616D653D22E9A286E5AFBCE5AEA1E6A0B8322220666C6F7761626C653A61737369676E65653D22247B6C656164657249647D2220666C6F7761626C653A666F726D4669656C6456616C69646174696F6E3D2274727565223E0A2020202020203C657874656E73696F6E456C656D656E74733E0A20202020202020203C6D6F64656C65723A696E69746961746F722D63616E2D636F6D706C65746520786D6C6E733A6D6F64656C65723D22687474703A2F2F666C6F7761626C652E6F72672F6D6F64656C6572223E3C215B43444154415B66616C73655D5D3E3C2F6D6F64656C65723A696E69746961746F722D63616E2D636F6D706C6574653E0A2020202020203C2F657874656E73696F6E456C656D656E74733E0A202020203C2F757365725461736B3E0A202020203C73657175656E6365466C6F772069643D227369642D46303430313030312D454436322D344237322D393438372D4339443437313337373442452220736F757263655265663D227369642D45334639343536372D364631442D343644422D384238382D43433139334231453334433022207461726765745265663D227369642D44373643303439432D353341382D343446302D384131432D393330443944363835313332222F3E0A202020203C73657175656E6365466C6F772069643D227369642D43414146304339422D363639302D343636312D383431342D3431453231454338333241312220736F757263655265663D227369642D36354245334639392D384445442D343833462D393246332D41334433344635314441433322207461726765745265663D227369642D43333037363846432D343331452D343238422D383439392D463538343244354437333541223E0A2020202020203C636F6E646974696F6E45787072657373696F6E207873693A747970653D2274466F726D616C45787072657373696F6E223E3C215B43444154415B247B617070726F7665526573756C747D5D5D3E3C2F636F6E646974696F6E45787072657373696F6E3E0A202020203C2F73657175656E6365466C6F773E0A20203C2F70726F636573733E0A20203C62706D6E64693A42504D4E4469616772616D2069643D2242504D4E4469616772616D5F617373657443616C6C223E0A202020203C62706D6E64693A42504D4E506C616E652062706D6E456C656D656E743D22617373657443616C6C222069643D2242504D4E506C616E655F617373657443616C6C223E0A2020202020203C62706D6E64693A42504D4E53686170652062706D6E456C656D656E743D2273746172744576656E7431222069643D2242504D4E53686170655F73746172744576656E7431223E0A20202020202020203C6F6D6764633A426F756E6473206865696768743D2233302E30222077696474683D2233302E302220783D223130302E302220793D223136332E30222F3E0A2020202020203C2F62706D6E64693A42504D4E53686170653E0A2020202020203C62706D6E64693A42504D4E53686170652062706D6E456C656D656E743D227369642D32384634363439432D323739302D343536312D384137462D394138314230443734453845222069643D2242504D4E53686170655F7369642D32384634363439432D323739302D343536312D384137462D394138314230443734453845223E0A20202020202020203C6F6D6764633A426F756E6473206865696768743D2238302E30222077696474683D223130302E302220783D223137352E302220793D223133382E30222F3E0A2020202020203C2F62706D6E64693A42504D4E53686170653E0A2020202020203C62706D6E64693A42504D4E53686170652062706D6E456C656D656E743D227369642D45334639343536372D364631442D343644422D384238382D434331393342314533344330222069643D2242504D4E53686170655F7369642D45334639343536372D364631442D343644422D384238382D434331393342314533344330223E0A20202020202020203C6F6D6764633A426F756E6473206865696768743D2238302E30222077696474683D223130302E302220783D223331352E302220793D223133382E30222F3E0A2020202020203C2F62706D6E64693A42504D4E53686170653E0A2020202020203C62706D6E64693A42504D4E53686170652062706D6E456C656D656E743D227369642D36354245334639392D384445442D343833462D393246332D413344333446353144414333222069643D2242504D4E53686170655F7369642D36354245334639392D384445442D343833462D393246332D413344333446353144414333223E0A20202020202020203C6F6D6764633A426F756E6473206865696768743D2234302E30222077696474683D2234302E302220783D223633302E302220793D223135382E30222F3E0A2020202020203C2F62706D6E64693A42504D4E53686170653E0A2020202020203C62706D6E64693A42504D4E53686170652062706D6E456C656D656E743D227369642D43333037363846432D343331452D343238422D383439392D463538343244354437333541222069643D2242504D4E53686170655F7369642D43333037363846432D343331452D343238422D383439392D463538343244354437333541223E0A20202020202020203C6F6D6764633A426F756E6473206865696768743D2232382E30222077696474683D2232382E302220783D223735302E302220793D223130352E30222F3E0A2020202020203C2F62706D6E64693A42504D4E53686170653E0A2020202020203C62706D6E64693A42504D4E53686170652062706D6E456C656D656E743D227369642D44373643303439432D353341382D343446302D384131432D393330443944363835313332222069643D2242504D4E53686170655F7369642D44373643303439432D353341382D343446302D384131432D393330443944363835313332223E0A20202020202020203C6F6D6764633A426F756E6473206865696768743D2238302E30222077696474683D223130302E302220783D223435302E302220793D223133382E30222F3E0A2020202020203C2F62706D6E64693A42504D4E53686170653E0A2020202020203C62706D6E64693A42504D4E456467652062706D6E456C656D656E743D227369642D30414239423441322D433946302D344431372D384543462D383037334237384541323644222069643D2242504D4E456467655F7369642D30414239423441322D433946302D344431372D384543462D3830373342373845413236442220666C6F7761626C653A736F75726365446F636B6572583D2232302E352220666C6F7761626C653A736F75726365446F636B6572593D2232302E352220666C6F7761626C653A746172676574446F636B6572583D2235302E302220666C6F7761626C653A746172676574446F636B6572593D2237392E30223E0A20202020202020203C6F6D6764693A776179706F696E7420783D223635302E352220793D223139372E3434323230383035393231303537222F3E0A20202020202020203C6F6D6764693A776179706F696E7420783D223635302E302220793D223330302E30222F3E0A20202020202020203C6F6D6764693A776179706F696E7420783D223232352E302220793D223330302E30222F3E0A20202020202020203C6F6D6764693A776179706F696E7420783D223232352E302220793D223231372E3935303030303030303030303032222F3E0A2020202020203C2F62706D6E64693A42504D4E456467653E0A2020202020203C62706D6E64693A42504D4E456467652062706D6E456C656D656E743D227369642D43414146304339422D363639302D343636312D383431342D343145323145433833324131222069643D2242504D4E456467655F7369642D43414146304339422D363639302D343636312D383431342D3431453231454338333241312220666C6F7761626C653A736F75726365446F636B6572583D2232302E352220666C6F7761626C653A736F75726365446F636B6572593D2232302E352220666C6F7761626C653A746172676574446F636B6572583D2231342E302220666C6F7761626C653A746172676574446F636B6572593D2231342E30223E0A20202020202020203C6F6D6764693A776179706F696E7420783D223635302E352220793D223135382E35222F3E0A20202020202020203C6F6D6764693A776179706F696E7420783D223635302E352220793D223131392E30222F3E0A20202020202020203C6F6D6764693A776179706F696E7420783D223735302E302220793D223131392E30222F3E0A2020202020203C2F62706D6E64693A42504D4E456467653E0A2020202020203C62706D6E64693A42504D4E456467652062706D6E456C656D656E743D227369642D35443634344145412D394238452D344135342D423641312D334633364345393935454542222069643D2242504D4E456467655F7369642D35443634344145412D394238452D344135342D423641312D3346333643453939354545422220666C6F7761626C653A736F75726365446F636B6572583D2235302E302220666C6F7761626C653A736F75726365446F636B6572593D2234302E302220666C6F7761626C653A746172676574446F636B6572583D2235302E302220666C6F7761626C653A746172676574446F636B6572593D2234302E30223E0A20202020202020203C6F6D6764693A776179706F696E7420783D223237342E39353030303030303030303030352220793D223137382E30222F3E0A20202020202020203C6F6D6764693A776179706F696E7420783D223331342E393939393939393939393638322220793D223137382E30222F3E0A2020202020203C2F62706D6E64693A42504D4E456467653E0A2020202020203C62706D6E64693A42504D4E456467652062706D6E456C656D656E743D227369642D46303430313030312D454436322D344237322D393438372D433944343731333737344245222069643D2242504D4E456467655F7369642D46303430313030312D454436322D344237322D393438372D4339443437313337373442452220666C6F7761626C653A736F75726365446F636B6572583D2235302E302220666C6F7761626C653A736F75726365446F636B6572593D2234302E302220666C6F7761626C653A746172676574446F636B6572583D2235302E302220666C6F7761626C653A746172676574446F636B6572593D2234302E30223E0A20202020202020203C6F6D6764693A776179706F696E7420783D223431342E39353030303030303030303030352220793D223137382E30222F3E0A20202020202020203C6F6D6764693A776179706F696E7420783D223434392E39393939393939393939373230332220793D223137382E30222F3E0A2020202020203C2F62706D6E64693A42504D4E456467653E0A2020202020203C62706D6E64693A42504D4E456467652062706D6E456C656D656E743D227369642D44373945383533322D373936462D343541332D393932412D373845434631383732374630222069643D2242504D4E456467655F7369642D44373945383533322D373936462D343541332D393932412D3738454346313837323746302220666C6F7761626C653A736F75726365446F636B6572583D2231352E302220666C6F7761626C653A736F75726365446F636B6572593D2231352E302220666C6F7761626C653A746172676574446F636B6572583D2235302E302220666C6F7761626C653A746172676574446F636B6572593D2234302E30223E0A20202020202020203C6F6D6764693A776179706F696E7420783D223132392E393439393938343839393537362220793D223137382E30222F3E0A20202020202020203C6F6D6764693A776179706F696E7420783D223137342E393939393939393939393931372220793D223137382E30222F3E0A2020202020203C2F62706D6E64693A42504D4E456467653E0A2020202020203C62706D6E64693A42504D4E456467652062706D6E456C656D656E743D227369642D43313842354431352D373430432D343035382D383034452D324138393337394439454635222069643D2242504D4E456467655F7369642D43313842354431352D373430432D343035382D383034452D3241383933373944394546352220666C6F7761626C653A736F75726365446F636B6572583D2239392E302220666C6F7761626C653A736F75726365446F636B6572593D2234302E302220666C6F7761626C653A746172676574446F636B6572583D2232302E352220666C6F7761626C653A746172676574446F636B6572593D2232302E35223E0A20202020202020203C6F6D6764693A776179706F696E7420783D223534392E39352220793D223137382E3030343637393830323935353638222F3E0A20202020202020203C6F6D6764693A776179706F696E7420783D223633302E34303039393030393930312220793D223137382E34303039393030393930303939222F3E0A2020202020203C2F62706D6E64693A42504D4E456467653E0A202020203C2F62706D6E64693A42504D4E506C616E653E0A20203C2F62706D6E64693A42504D4E4469616772616D3E0A3C2F646566696E6974696F6E733E0A, 0);
INSERT INTO `ACT_GE_BYTEARRAY` VALUES ('f7f74bda-e888-11ef-9400-cc28aa504d95', 1, 'D:\\Code\\system2\\target\\classes\\processes\\.assetCall.png', 'f7df08e8-e888-11ef-9400-cc28aa504d95', 0x89504E470D0A1A0A0000000D4948445200000314000001360806000000F878D4850000190949444154785EEDDD5D8C9CE57937F0090709EA41CE7292AA47C9614EF27516C9444A45941EA056DA5D7B1D93186C61828D22852612267AE3D79148A39EB54AD5D2AA0A6A1BD44A2450D5868281980FA7E4436A0B79A1D4C6695EE23A601B075493183C7D6E77271DEE7D763DFB35F37F667F3FE9D27A9FE7990F79FEBAEFEBF278677B3D0000000000000000000000000000000000000000000000000000000000000000000000000000000000000000000000000000000000000000000000000000000000000000000000000000000000000000000000000000000000000000000000000000000000000000000000000000000000000000000000000000000000000000000000000000000000000000000000000000000000000000000000000000000000000000000000000000000000000000000000000000000000000000000000000000000000000000000000000000000000000000000000000000000000000000000000000000000000000000000000000000000000000000000000000000000000000000000000000000000000000000000000000000000000000000000000000000000000000000000000000000000000000000000000000000000000000000E8B8999999DFDCBA75EB9EB9B9B9FB9BAF4F37F5D3A6FA0B5F9F5E38BEA75C57DF160000D8A46667673FDE0C0A4717868751EB68B95D7D5F0000C026313737F7BE663038DC322CACA40E97FBA9EF1B00009862B3B3B39FD8B66DDBABC3C3C18E1D3BFA77DE7967FFC89123FDE3C78FF7CF9C39D32FCAD7F27D395ECE97EBAAA1E26CB9BFFA3100008029D40C003734C3C49B838160FBF6EDFDBBEEBAAB7FEEDCB9CB03C49594EBCAF5E5764343C5C572BFF5630100005364E19D895F0F137BF7EEEDBFF8E28BF5CC309272BB72FBE1A1C23B15000030A5666666DE3F3F3F7F6E3000ECDFBFBF7FFEFCF97A4E589172FB723F4343C599F238F5630300001DD734FB8786DF9958EB303150EEA77AA7E250FDD8000040872D7C34ECAF7F6662B5FFCD6929E5FE867FA6C247CA0200C014699AFCC707CD7EF981EA8D50EE77E85D8AC7EBE700000084691AF7479BBAA63E3E6CE137605F2A8D7EF9C8D7513FCD69A5CAFD0E7DA4EC25BF511B0000C20DBD23B0E46031373777F3E0BAAF7DED6BF51CB0AECAFD0F1EAB3C6EFD5C000080204303C5928345F3FDBD83F30F3FFC703D03ACAB72FF43CFE5DEE1E701000084691928160D16CDD7EF0F8E9F3871A29E01D655B9FFA1E7F0FDEAE9020000495A0689BACA60F1CAE0FBB367CFD633C0BA2AF73FF4D82FD5CF17000046D2D2D8AA80BA78F1623D03ACAB72FF438FF7469D0B000018496928EB63ACBF7A6018AA47B7FEEF7F797A6970DC3B140000748281623C961B2486AEF133140000748B81623C961B2406B6FA94270000BAC640311ECB0D12037E0F0500009D63A0C831CEDF94FDE94F7FFAF2E394C7F39BB201005835034596E6F5787CF0CEC15D77DD55CF02EBA2DCEFE031CAE3D5CF0100004666A0C8323B3BFBF141B3BF7DFBF6FE8B2FBE58CF036B52EE6F7E7E7EF0EE44BF3C5EFD1C00006064068A3CCD6B7268D0F0EFDDBBB77FFEFCF97A2E5895723FB7DC72CB5B43EF4E1CAA1F1B000056C44091676666E6FDCDEB7266D0F8EFDFBF7FCD4345B9FDEDB7DFFEEB7726CAFD97C7A91F1B000056C44091697676F613CD6B7371F89D8AD5FEF7A772BBEA9D898BE5FEEBC7040080153350E46A5E9B1B86878AF23315E507AA47FDF4A7725DB97EF8672616EEEF86FAB1000060550C14D916DEA9383B34105CFE48D93BEFBCB37FE4C891FEF1E3C7FB67CE9CB93C4094AFE5FB72BC9C1FFA68D8419DF5CE040000EBCA40916F6E6EEE7DCDEB74B81A0E565A87CBFDD4F70D00006B529ACDFA1899163E52F668CBB0B05C1DF5D1B000006C180345F72CFC46ED3D737373F7375F9F6EEAA70BC343F9FAF4C2F13D7E033600001BCE40010000AC9A810200005835030530D5FAFDFE3B4F9C38F1B7C78E1DFB55F908B4871E7A488DB99ABFF74B478F1EFDD9238F3C725DFDFAA49197C9576A5E6463F2959A0D0C14C0946B1A80BF6B36A0FEE9D3A7FB172E5CE8FFF297BF5463AEF2F75EFEFE1F7BECB1F34D53F03BF56B94445E265FA979918DC9576A3630500053AEFC6B62D980EA8D498DBF4E9D3AF54AD3043C5DBF4649E425A7D2F2221B3995960D0C14C0942BFF35C1BF266654791D9A26E08DFA354A222F39959617D9C8A9B46C60A000A65CF97FB7F566A42657E5F5A85FA324F292554979918DAC4ACA06060A60CA8DDA04BCFEEAA9FE89EFFF65FFD987FFEFE52A7F2EC7EAEBD4DA2ABD099097AC4ACA8B6C64555236305000536E9426E0B5732FF59F79F0CBFD7FFE87DF7F5B9563E55C7DBD5A7DA53701F292554979918DAC4ACA06060A60CA8DD204FCF4D9FB17350083FAFFCFFEFDA2EBD5EA2BBD099097AC4ACA8B6C64555236305000536E9426E0FF3DFA078B36FF419573F5F56AF595DE04C84B5625E54536B22A291B18288029374A13F0CC435F59B4F90FAA9CABAF57ABAFF426405EB22A292FB2915549D9C040014C394D4056A53701F292554979918DAC4ACA06060A60CA8DD204944F62A937FF419573F5F56AF595DE04C84B5625E54536B22A291B18288029374A13F0C2937FBC68F31F5439575FAF565FE94D80BC6455525E6423AB92B28181029872A33401675EFA97FE33FFF87F163500E55839575FAF565FE94D80BC6455525E6423AB92B28181029872A33401A55EFCC1DD8B9A8072ACBE4EADADD29B0079C9AAA4BCC84656256503030530E5466A02DE78A3FFC2537FB2A80928C7CAB945D7AB55577A13202F59959417D9C8AAA46C60A000A6DC959A80F2DB6BFFEDC93F5AD4000CAA9CF31B6ED7AFD29B0079C9AAA4BCC84656256503030530E5966C02DE78A37FEA8547FAFFFAC0ED8B36FEBACA35E55AFFC2B8F64A6F02E425AB92F2221B5995940D0C14C0946B6B02AEF42F894B957F615C7BA53701F292554979918DAC4ACA06060A60CAB53501A3FC4BE252556E5BDF9F1ABDD29B0079C9AAA4BCC84656256503030530E5DA9A807A635F69D5F7A746AFF426405EB22A292FB2915549D9A0B76561A0D8529F00980A6D4D809A5CA53701F292554979918DAC4ACAC626578688D34DDDB6F0D550014C1F4D4056A53701F292554979918DAC4ACAC626361826064344FD3DC074D00464557A13202F59959417D9C8AAA46C6C524B0D0F4B1D07E82E4D4056A53701F292554979918DAC4ACAC62674A5A1E14AE781AEE8F7FB571D3B76ECF7EEBEFBEE7F3C70E0C02B5FFAD2972EDC7CF3CD97CA0F4EEDD9B3E7E26DB7DDF68BE6D8BF1F3C78F00F77EEDCF95BF5EDA7852620ABD29B0079C9AAA4BCC846562565639319755818F53A205133485CFDC0030FFCD997BFFCE55FEDDAB5ABFF8D6F7CA3FFBDEF7DAF7FFCF8F1FE993367FA45F95ABE2FC7CBF91B6FBCF1AD7DFBF69DD8BD7BF7B5F5FD759D2620ABD29B0079C9AAA4BCC846562565631359E990B0D2EB8104CD8070CBC183072F7CFEF39FEF1F3B76ACFFD65B6F5D1E20AEA45C57AEBFF5D65B2F7EEE739FFBD1DCDCDCFBEAFBEE2A4D4056A53701F292554979918DAC4ACAC626B1DAE160B5B703C6AD9909DEF1E0830FFEF54D37DDD43F74E850FFCD37DFAC67869194DB95DB7FF6B39F7D7DDBB66DBF5D3F4E176902B22ABD099097AC4ACA8B6C645552363681B50E056BBD3DB0D19A39E01DF7DE7BEF3FDD7CF3CDFDE79E7BAE9E1156A5DCCFAE5DBBFE6B7E7EFEC6FAF1BA46139055E94D80BC6455525E6423AB92B231E5D66B1858AFFB013642796762CF9E3DFDD3A74FD773C19A94FBDBB973E76BB3B3B39FA81FB34B34015995DE04C84B5625E54536B22A291B536CBD8780F5BE3F603D3CF5D453B7946162BDDE99A835F77BE9FAEBAF3F373333F3FEFAB1BB42139055E94D80BC6455525E6423AB92B231A5EAE6FF1D4D7D66E1EB4AD4B7ABEF1798A4A6DFBFFAAB5FFDEA85F2330F1BE9BEFBEE3B373F3FFF40FDF85DA109C8AAF426405EB22A292FB2915549D9984275D35F8681BF68AAFC9D97AFA30E154BDDAEBE7F60520E1F3EFCA7E5D39C56FB03D8A32AF7BF6BD7AE976767673F5E3F872ED00464557A13202F59959417D9C8AAA46C4C99B666FF33BDFF190A0635CA50313C4C0CEAFAA1F36D8F038C53D3E75F75C71D77FCAA7CD4EB383CF1C413AF6EDDBAF5F1FA7974812620ABD29B0079C9AAA4BCC846562565638A2CD5E4B70D07CB0D156DD7FFF9C2F1614B3D1E300E4F3DF5D4EFEEDEBD7BE4DF33B156E571B66FDFFEEACCCCCC6FD6CF65529A01E7D1A6AEA98FD734015935A926405EBA59E3C88B6C74B3C6918D2E1A35CF2DAED4DCB70D096D4345DB756DC3C4C0951E17D828DFFCE6371F2ABFE17A9C0E1C38F0CCDCDCDCCDF573999466C1EC2FD4B28BA72620AB26D504C84B376B1C79918D6ED638B2D145A3E6B9326A53DF362C0C0F156DE7971B2606467D7C603D1D3C78F0E571FD77A781871F7EF8D96671BAB77E2E9332B4682EBB786A02B26A524D80BC74B3C69117D9E8668D231B5D346A9E87ACB4996F1B1ACAF757B51C1F65981858E9F300D6EA8B5FFCE28513274ED43DFF867AFEF9E74F368BD2F7EBE732292D8B66EBE2A909C8AA4935012D3991970ED438F2D29209D9E8408D231B5DD492E3D63C2F586D13DF36543C5F7DBF92616260B5CF07588D3D7BF65C3A7BF66CDDF36FA83367CEBCD62C462FD5CF65525A16CBBA2E2F9E9A80AC9A5413D0928FBAE425B0C69197962CD4251B81358E6C74514B7EEBBA9CE7DEDA9BF7B6A1622DC3C4C05A9F1730AA1D3B76F42F5EBC58F7FC1BAA79BC5FB42C4CF1A509C8AAFAF5492B79C9AAFAF59964C94656D5AF8F5A7935EDC46D757FB142E5BF39D5EF4C94EFCBF1B528CFAB0C15BF519F00D6D14D37DD7471DCEF50BCFCF2CBFFBEB51BEF503CBAD57F5388AD49FDAB624B4EE4A503358EBCB46442363A50E3C84617B5E4B835CFBDB5BF13B0DC3B146D9FFE34AAB53E2F60545FF8C2177E31EE9FA1F8F18F7FFC83ADD93F43512F9697A53501BDC50BEFE51AD7F949D7A49A80AEE5A5D7F21A961AD7F9D75F7FBDBF65CB96B71D9B448D232F5DCA46AFE5352B358EF30F3CF040FF031FF840FFEAABAFEE7FF8C31FEEFFF0873F5CF4FCC659E3C846178D9AE7055B7AAB6BDEDB8689FA9D8AD50C15AB7D3EC06ADC7EFBEDFF36EE4F79FAF6B7BF7DFFD6CC4F795A6EB18C680286AB37B479B71DDBE8F393AE4935015DCB4BAFE5351B3EB691E7CBDAF2B18F7DECF2F76DD78DB3C691972E65A3D7F27A0C1FDBC8F31FF9C847FAEF7AD7BB06AF49FF431FFAD0A26BC759E3C846178D9AE7215B7A2B6BE2DB8689F233136D9FF2B492A162A5CF0358AB03070EFCE1B87F0FC5DEBD7B0F85FD1E8A9116CB842660B87ACB6CD8F59FDB8EADF5FCA46B524D40D7F2D26B79CD868F6DE4F9F2F5A31FFDE8E5AF6DD78DB3C691972E65A3D7F27A0C1FDBE8F3A54E9E3C79F9D8BBDFFDEE45D78EB3C6918D2E1A35CF952DBDD19AF9A58689E57E0FC52843C5A88F0FACA79D3B77FED6AE5DBBDE1AE36FCAFECF66817A39E937658F2AA10918AEDE1536EC8D3E3FE94A6F0252F2D26B79CD868F6DE4F9EBAEBBAE7FEAD4A9CBDFB75D37CE4ACA4B42367A2DAFC7F0B18D3E5F6AFFFEFD978F7DEA539F5A74ED382B291B53624B6FF9A6BE6D5868FB34A7B6EB961B2AAEF4B8C046DAB76FDF8BE3FA6F4FF7DC73CF5F3503C5E3F573E882842660B87A57D8B037FAFCA42BBD0948C94BAFE5351B3EB6D1E707DFD7C7C65D497949C846AFE5F5183EB6D1E7BFF5AD6FF5AFBAEAAAFE7BDFFBDEFE0B2FBCB0E8DA71565236A6C8965E7B73DF3624B40D13036DD7B70D154B3D1E302EBB77EFBEF6D65B6FBDF8E69B6FD6FDFFBA6AEEFFA7CD30F1C2ECECECC7EBE7D005094DC070F5AEB0616FF4F949577A139092975ECB6B367C6CA3CF0FBEAF8F8DBB92F292908D5ECBEB317C6C23CF3FF9E493FD77BEF39DFD0F7EF083FDF2A120F575E3AEA46C4C992DBDC54DFE677A0BEBC1422D374C0CB40D15D70F9D6F7B1C6012F6EEDDFBA343870E5DAA87807574E9EB5FFFFA5F3603C5A1FAB1BB22A10918AEDE321B76FDE7B6636B3D3FE94A6F0252F2D26B79CD868F6DF4F9C1F7F5B17157525E12B2D16B793D868F6DE4F96BAFBDB6FFC94F7EB2FFEAABAF2EBA661295948D29B4A5F7F6667F78381865981858EA76F5FD0393343333F3FE9D3B77BEF6DC73CFD583C0BAF8EE77BFFBCD669838551EA77EECAE48680286ABB7D0A4D535AEF393AEF42620252FBD96D7B0D4B8CE0F5F533FB77156525E12B2D16B79CD4A8DE3FC7BDEF39EB71DBBE38E3B163DBF71565236A6D496DEE2A1A2BCC330EA303150DFAEBE5F20C1B66DDB7EFB861B6EF8AFD3A74FD7F3C09A9C3C79F2EF9B61E267B3B3B39FA81FB34B129A00F5BF95DE04C84B5625E54536B22A291B536CBD9BFFF5BE3F603DCDCFCFDFB873E7CE5FACD73B150BEF4CBCD4D40DF563758D2620ABD29B0079C9AAA4BCC84656256563CAADD710B05EF7036CA4F24EC28E1D3BCEDD77DF7DE756FB83DAE507B0177E66E23FBBFECEC4802620ABD29B0079C9AAA4BCC846562565631358EB30B0D6DB03E3343737F7BEF9F9F90777EDDAF5F2134F3CF1EAA8BFA7A2B9EEF43DF7DCF3D7E5D39C9A3A5CEEA7BEEFAED20464557A13202F59959417D9C8AAA46C6C12AB1D0A567B3B60D2CA47BC3683C1D1EDDBB79FFFCA57BEF2AF478E1C79E6F9E79FFF8F575E79E5F5667E78EDE73FFFF989679F7DF607DFF9CE77EEDBB76FDFE1E6DA57CAF55DFD68D8E56802B22ABD099097AC4ACA8B6C645552363691950E072BBD1E48547EB3753328EC999B9BBBBFF9FA7453E5774AF417BE3EBD707C4F177F03F6A834015995DE04C84B5625E54536B22A291B9BCCA843C2A8D701E4D30464557A13202F59959417D9C8AAA46C6C42571A16AE741EA05B34015995DE04C84B5625E54536B22A291B9BD45243C352C701BA4B139055E94D80BC6455525E6423AB92B2B189D5C343FD3DC074D00464557A13202F59959417D9C8AAA46C6C728321E2B685AF860960FA6802B22ABD099097AC4ACA8B6C64555236E86D291FF852BED62700A6822620ABD29B0079C9AAA4BCC846562565835E6F61A000984E9A80AC4A6F02E425AB92F2221B5995940D0C14C094D30464557A13202F59959417D9C8AAA46C60A000A69C2620ABD29B0079C9AAA4BCC84656256503030530E534015995DE04C84B5625E54536B22A291B18288029A709C8AAF426405EB22A292FB2915549D9C040014C394D4056A53701F292554979918DAC4ACA06060A60CA6902B22ABD099097AC4ACA8B6C64555236305000534E139055E94D80BC6455525E6423AB92B281810298729A80AC4A6F02E425AB92F2221B5995940D0C14C094D30464557A13202F59959417D9C8AAA46C60A000A69C2620ABD29B0079C9AAA4BCC84656256503030530E534015995DE04C84B5625E54536B22A291B18288029A709C8AAF426405EB22A292FB2915549D9C040014C394D4056A53701F292554979918DAC4ACA06060A60CA6902B22ABD099097AC4ACA8B6C6455523630500053EEC89123972E5CB8B0683352E3AFE675F859D304BC51BF4649E425A7D2F2221B3995960D0C14C0943B7AF4E8CF4E9F3EBD684352E3AF9FFCE427F7344DC0D3F56B94445E722A2D2FB2915369D9C040014CB9471E79E4BAC71E7BECFCA953A75EF1AF8B93A9E6EFFDD4C99327FFA66900FEA3A9DFA95FA324F232F94ACD8B6C4CBE52B3818102D804CAC653FE35ABA95F96FF77DBB5BAFBEEBBFB65B1AE8F77A8CADF7BF9FBEF4403509EE7C2F3ED645EA6A062F3529ED3C273938DC9546C36363B030540B866A17ED4620D402A7B1440B06691BEA62CD40B754D7D1E0026CD4001106CF0EEC4423D5A9F07804933500084AADE9DF02E0500910C1400A1AA7727BC4B014024030540A025DE9DF02E0500710C140081967877C2BB1400C43150008429EF40B40C11755D53DF0E0026C1400110A6BC03D13240D4E55D0A00221828003AC0620D402A7B14400758AC0148658F02E8008B3500A9EC51001D60B10620953D0AA0032CD600A4B247017480C51A8054F628800EB0580390CA1E05D001166B0052D9A3003AC0620D402A7B14400758AC0148658F02E8008B3500A9EC51001D60B10620953D0AA0032CD600A4B247017480C51A8054F628800EB0580390CA1E05D001166B0052D9A3003AC0620D402A7B14400758AC0148658F02E8008B3500A9EC51001D60B10620953D0AA0032CD600A4B247017480C51A8054F628800EB0580390CA1E05D001166B0052D9A3003AC0620D402A7B14400758AC0148658F02E8008B3500A9EC51001D60B10620953D0AA0032CD600A4B247017480C51A8054F628800EB0580390CA1E05D001166B0052D9A3003AC0620D402A7B14400758AC0148658F02E8008B3500A9EC51001D60B10620953D0AA0032CD600A4B247017480C51A8054F628800EB0580390CA1E05D001166B0052D9A3003AC0620D402A7B14400758AC0148658F02E8008B3500A9EC51001D60B10620953D0AA0032CD600A4B247017480C51A8054F628800EB0580390CA1E05D001166B0052D9A3003AC0620D402A7B14400758AC0148658F02E8008B3500A9EC51001D60B10620953D0AA0032CD600A4B247017480C51A8054F628800EB0580390CA1E05D001166B0052D9A3003AC0620D402A7B14400758AC0148658F02E8008B3500A9EC51001D60B10620953D0AA0032CD600A4B247017480C51A8054F628800EB0580390CA1E05D001166B0052D9A3003AC0620D402A7B14400758AC0148658F02E8008B3500A9EC51001D60B10620953D0AA0032CD600A4B247017480C51A8054F628800EB0580390CA1E05D001166B0052D9A3003AA02CD64A29A5546AD5FB16000000000000000000000000000000000000000000000000000000C0DBFC37916F6A1483D4301A0000000049454E44AE426082, 1);

-- ----------------------------
-- Table structure for ACT_GE_PROPERTY
-- ----------------------------
DROP TABLE IF EXISTS `ACT_GE_PROPERTY`;
CREATE TABLE `ACT_GE_PROPERTY`  (
  `NAME_` varchar(64) CHARACTER SET utf8mb3 COLLATE utf8mb3_bin NOT NULL,
  `VALUE_` varchar(300) CHARACTER SET utf8mb3 COLLATE utf8mb3_bin NULL DEFAULT NULL,
  `REV_` int NULL DEFAULT NULL,
  PRIMARY KEY (`NAME_`) USING BTREE
) ENGINE = InnoDB CHARACTER SET = utf8mb3 COLLATE = utf8mb3_bin ROW_FORMAT = Dynamic;

-- ----------------------------
-- Records of ACT_GE_PROPERTY
-- ----------------------------
INSERT INTO `ACT_GE_PROPERTY` VALUES ('batch.schema.version', '7.0.1.1', 1);
INSERT INTO `ACT_GE_PROPERTY` VALUES ('cfg.execution-related-entities-count', 'true', 1);
INSERT INTO `ACT_GE_PROPERTY` VALUES ('cfg.task-related-entities-count', 'true', 1);
INSERT INTO `ACT_GE_PROPERTY` VALUES ('common.schema.version', '7.0.1.1', 1);
INSERT INTO `ACT_GE_PROPERTY` VALUES ('entitylink.schema.version', '7.0.1.1', 1);
INSERT INTO `ACT_GE_PROPERTY` VALUES ('eventsubscription.schema.version', '7.0.1.1', 1);
INSERT INTO `ACT_GE_PROPERTY` VALUES ('identitylink.schema.version', '7.0.1.1', 1);
INSERT INTO `ACT_GE_PROPERTY` VALUES ('job.schema.version', '7.0.1.1', 1);
INSERT INTO `ACT_GE_PROPERTY` VALUES ('next.dbid', '1', 1);
INSERT INTO `ACT_GE_PROPERTY` VALUES ('schema.history', 'create(7.0.1.1)', 1);
INSERT INTO `ACT_GE_PROPERTY` VALUES ('schema.version', '7.0.1.1', 1);
INSERT INTO `ACT_GE_PROPERTY` VALUES ('task.schema.version', '7.0.1.1', 1);
INSERT INTO `ACT_GE_PROPERTY` VALUES ('variable.schema.version', '7.0.1.1', 1);

-- ----------------------------
-- Table structure for ACT_HI_ACTINST
-- ----------------------------
DROP TABLE IF EXISTS `ACT_HI_ACTINST`;
CREATE TABLE `ACT_HI_ACTINST`  (
  `ID_` varchar(64) CHARACTER SET utf8mb3 COLLATE utf8mb3_bin NOT NULL,
  `REV_` int NULL DEFAULT 1,
  `PROC_DEF_ID_` varchar(64) CHARACTER SET utf8mb3 COLLATE utf8mb3_bin NOT NULL,
  `PROC_INST_ID_` varchar(64) CHARACTER SET utf8mb3 COLLATE utf8mb3_bin NOT NULL,
  `EXECUTION_ID_` varchar(64) CHARACTER SET utf8mb3 COLLATE utf8mb3_bin NOT NULL,
  `ACT_ID_` varchar(255) CHARACTER SET utf8mb3 COLLATE utf8mb3_bin NOT NULL,
  `TASK_ID_` varchar(64) CHARACTER SET utf8mb3 COLLATE utf8mb3_bin NULL DEFAULT NULL,
  `CALL_PROC_INST_ID_` varchar(64) CHARACTER SET utf8mb3 COLLATE utf8mb3_bin NULL DEFAULT NULL,
  `ACT_NAME_` varchar(255) CHARACTER SET utf8mb3 COLLATE utf8mb3_bin NULL DEFAULT NULL,
  `ACT_TYPE_` varchar(255) CHARACTER SET utf8mb3 COLLATE utf8mb3_bin NOT NULL,
  `ASSIGNEE_` varchar(255) CHARACTER SET utf8mb3 COLLATE utf8mb3_bin NULL DEFAULT NULL,
  `START_TIME_` datetime(3) NOT NULL,
  `END_TIME_` datetime(3) NULL DEFAULT NULL,
  `TRANSACTION_ORDER_` int NULL DEFAULT NULL,
  `DURATION_` bigint NULL DEFAULT NULL,
  `DELETE_REASON_` varchar(4000) CHARACTER SET utf8mb3 COLLATE utf8mb3_bin NULL DEFAULT NULL,
  `TENANT_ID_` varchar(255) CHARACTER SET utf8mb3 COLLATE utf8mb3_bin NULL DEFAULT '',
  PRIMARY KEY (`ID_`) USING BTREE,
  INDEX `ACT_IDX_HI_ACT_INST_START`(`START_TIME_` ASC) USING BTREE,
  INDEX `ACT_IDX_HI_ACT_INST_END`(`END_TIME_` ASC) USING BTREE,
  INDEX `ACT_IDX_HI_ACT_INST_PROCINST`(`PROC_INST_ID_` ASC, `ACT_ID_` ASC) USING BTREE,
  INDEX `ACT_IDX_HI_ACT_INST_EXEC`(`EXECUTION_ID_` ASC, `ACT_ID_` ASC) USING BTREE
) ENGINE = InnoDB CHARACTER SET = utf8mb3 COLLATE = utf8mb3_bin ROW_FORMAT = Dynamic;

-- ----------------------------
-- Records of ACT_HI_ACTINST
-- ----------------------------
INSERT INTO `ACT_HI_ACTINST` VALUES ('0c177ada-e706-11ef-8c34-cc28aa504d95', 1, 'assetCall:9:615f36ec-e704-11ef-8c34-cc28aa504d95', '6d1765cd-e704-11ef-8c34-cc28aa504d95', '6d17b3f1-e704-11ef-8c34-cc28aa504d95', 'sid-F0401001-ED62-4B72-9487-C9D4713774BE', NULL, NULL, NULL, 'sequenceFlow', NULL, '2025-02-10 00:51:03.046', '2025-02-10 00:51:03.046', 1, 0, NULL, '');
INSERT INTO `ACT_HI_ACTINST` VALUES ('0c177adb-e706-11ef-8c34-cc28aa504d95', 1, 'assetCall:9:615f36ec-e704-11ef-8c34-cc28aa504d95', '6d1765cd-e704-11ef-8c34-cc28aa504d95', '6d17b3f1-e704-11ef-8c34-cc28aa504d95', 'sid-D76C049C-53A8-44F0-8A1C-930D9D685132', '0c177adc-e706-11ef-8c34-cc28aa504d95', NULL, '', 'userTask', '3', '2025-02-10 00:51:03.046', NULL, 2, NULL, NULL, '');
INSERT INTO `ACT_HI_ACTINST` VALUES ('121497ff-e872-11ef-9e03-cc28aa504d95', 1, 'assetCall:10:03e82224-e7bb-11ef-8aa3-cc28aa504d95', 'd578b9f2-e86e-11ef-9e03-cc28aa504d95', 'd578e106-e86e-11ef-9e03-cc28aa504d95', 'sid-F0401001-ED62-4B72-9487-C9D4713774BE', NULL, NULL, NULL, 'sequenceFlow', NULL, '2025-02-11 20:16:49.903', '2025-02-11 20:16:49.903', 1, 0, NULL, '');
INSERT INTO `ACT_HI_ACTINST` VALUES ('12149800-e872-11ef-9e03-cc28aa504d95', 1, 'assetCall:10:03e82224-e7bb-11ef-8aa3-cc28aa504d95', 'd578b9f2-e86e-11ef-9e03-cc28aa504d95', 'd578e106-e86e-11ef-9e03-cc28aa504d95', 'sid-D76C049C-53A8-44F0-8A1C-930D9D685132', '12149801-e872-11ef-9e03-cc28aa504d95', NULL, '2', 'userTask', '1', '2025-02-11 20:16:49.903', NULL, 2, NULL, NULL, '');
INSERT INTO `ACT_HI_ACTINST` VALUES ('18d97cea-e887-11ef-a646-cc28aa504d95', 1, 'assetCall:12:44abb554-e886-11ef-a646-cc28aa504d95', '18d92ec5-e887-11ef-a646-cc28aa504d95', '18d97ce9-e887-11ef-a646-cc28aa504d95', 'startEvent1', NULL, NULL, NULL, 'startEvent', NULL, '2025-02-11 22:47:20.691', '2025-02-11 22:47:20.692', 1, 1, NULL, '');
INSERT INTO `ACT_HI_ACTINST` VALUES ('18d9cb0b-e887-11ef-a646-cc28aa504d95', 1, 'assetCall:12:44abb554-e886-11ef-a646-cc28aa504d95', '18d92ec5-e887-11ef-a646-cc28aa504d95', '18d97ce9-e887-11ef-a646-cc28aa504d95', 'sid-D79E8532-796F-45A3-992A-78ECF18727F0', NULL, NULL, NULL, 'sequenceFlow', NULL, '2025-02-11 22:47:20.693', '2025-02-11 22:47:20.693', 2, 0, NULL, '');
INSERT INTO `ACT_HI_ACTINST` VALUES ('18d9cb0c-e887-11ef-a646-cc28aa504d95', 1, 'assetCall:12:44abb554-e886-11ef-a646-cc28aa504d95', '18d92ec5-e887-11ef-a646-cc28aa504d95', '18d97ce9-e887-11ef-a646-cc28aa504d95', 'sid-28F4649C-2790-4561-8A7F-9A81B0D74E8E', '18de5eed-e887-11ef-a646-cc28aa504d95', NULL, '', 'userTask', '3', '2025-02-11 22:47:20.693', NULL, 3, NULL, NULL, '');
INSERT INTO `ACT_HI_ACTINST` VALUES ('194b2cd9-e70e-11ef-8c34-cc28aa504d95', 1, 'assetCall:9:615f36ec-e704-11ef-8c34-cc28aa504d95', '75a1b0bf-e708-11ef-8c34-cc28aa504d95', '75a1b0c3-e708-11ef-8c34-cc28aa504d95', 'sid-C18B5D15-740C-4058-804E-2A89379D9EF5', NULL, NULL, NULL, 'sequenceFlow', NULL, '2025-02-10 01:48:41.169', '2025-02-10 01:48:41.169', 1, 0, NULL, '');
INSERT INTO `ACT_HI_ACTINST` VALUES ('194b2cda-e70e-11ef-8c34-cc28aa504d95', 1, 'assetCall:9:615f36ec-e704-11ef-8c34-cc28aa504d95', '75a1b0bf-e708-11ef-8c34-cc28aa504d95', '75a1b0c3-e708-11ef-8c34-cc28aa504d95', 'sid-65BE3F99-8DED-483F-92F3-A3D34F51DAC3', NULL, NULL, NULL, 'exclusiveGateway', NULL, '2025-02-10 01:48:41.169', '2025-02-10 01:48:41.169', 2, 0, NULL, '');
INSERT INTO `ACT_HI_ACTINST` VALUES ('194b2cdb-e70e-11ef-8c34-cc28aa504d95', 1, 'assetCall:9:615f36ec-e704-11ef-8c34-cc28aa504d95', '75a1b0bf-e708-11ef-8c34-cc28aa504d95', '75a1b0c3-e708-11ef-8c34-cc28aa504d95', 'sid-0AB9B4A2-C9F0-4D17-8ECF-8073B78EA26D', NULL, NULL, NULL, 'sequenceFlow', NULL, '2025-02-10 01:48:41.169', '2025-02-10 01:48:41.169', 3, 0, NULL, '');
INSERT INTO `ACT_HI_ACTINST` VALUES ('194b53ec-e70e-11ef-8c34-cc28aa504d95', 1, 'assetCall:9:615f36ec-e704-11ef-8c34-cc28aa504d95', '75a1b0bf-e708-11ef-8c34-cc28aa504d95', '75a1b0c3-e708-11ef-8c34-cc28aa504d95', 'sid-28F4649C-2790-4561-8A7F-9A81B0D74E8E', '194b53ed-e70e-11ef-8c34-cc28aa504d95', NULL, '', 'userTask', '3', '2025-02-10 01:48:41.170', NULL, 4, NULL, NULL, '');
INSERT INTO `ACT_HI_ACTINST` VALUES ('332a5365-e889-11ef-9400-cc28aa504d95', 1, 'assetCall:14:259722ef-e889-11ef-9400-cc28aa504d95', '332a2c50-e889-11ef-9400-cc28aa504d95', '332a5364-e889-11ef-9400-cc28aa504d95', 'startEvent1', NULL, NULL, NULL, 'startEvent', NULL, '2025-02-11 23:02:23.835', '2025-02-11 23:02:23.837', 1, 2, NULL, '');
INSERT INTO `ACT_HI_ACTINST` VALUES ('332ac896-e889-11ef-9400-cc28aa504d95', 1, 'assetCall:14:259722ef-e889-11ef-9400-cc28aa504d95', '332a2c50-e889-11ef-9400-cc28aa504d95', '332a5364-e889-11ef-9400-cc28aa504d95', 'sid-D79E8532-796F-45A3-992A-78ECF18727F0', NULL, NULL, NULL, 'sequenceFlow', NULL, '2025-02-11 23:02:23.838', '2025-02-11 23:02:23.838', 2, 0, NULL, '');
INSERT INTO `ACT_HI_ACTINST` VALUES ('332ac897-e889-11ef-9400-cc28aa504d95', 1, 'assetCall:14:259722ef-e889-11ef-9400-cc28aa504d95', '332a2c50-e889-11ef-9400-cc28aa504d95', '332a5364-e889-11ef-9400-cc28aa504d95', 'sid-28F4649C-2790-4561-8A7F-9A81B0D74E8E', '332c2828-e889-11ef-9400-cc28aa504d95', NULL, '', 'userTask', '3', '2025-02-11 23:02:23.838', NULL, 3, NULL, NULL, '');
INSERT INTO `ACT_HI_ACTINST` VALUES ('34e37110-e890-11ef-b567-cc28aa504d95', 1, 'assetCall:15:42561de6-e88c-11ef-9400-cc28aa504d95', '57ad1187-e88c-11ef-9400-cc28aa504d95', '57ad389b-e88c-11ef-9400-cc28aa504d95', 'sid-5D644AEA-9B8E-4A54-B6A1-3F36CE995EEB', NULL, NULL, NULL, 'sequenceFlow', NULL, '2025-02-11 23:52:33.203', '2025-02-11 23:52:33.203', 1, 0, NULL, '');
INSERT INTO `ACT_HI_ACTINST` VALUES ('34e39821-e890-11ef-b567-cc28aa504d95', 2, 'assetCall:15:42561de6-e88c-11ef-9400-cc28aa504d95', '57ad1187-e88c-11ef-9400-cc28aa504d95', '57ad389b-e88c-11ef-9400-cc28aa504d95', 'sid-E3F94567-6F1D-46DB-8B88-CC193B1E34C0', '34e4f7b2-e890-11ef-b567-cc28aa504d95', NULL, '1', 'userTask', '2', '2025-02-11 23:52:33.204', '2025-02-11 23:53:35.691', 2, 62487, NULL, '');
INSERT INTO `ACT_HI_ACTINST` VALUES ('3bb96e20-e707-11ef-8c34-cc28aa504d95', 1, 'assetCall:9:615f36ec-e704-11ef-8c34-cc28aa504d95', 'f472aa2e-e706-11ef-8c34-cc28aa504d95', 'f472aa32-e706-11ef-8c34-cc28aa504d95', 'sid-5D644AEA-9B8E-4A54-B6A1-3F36CE995EEB', NULL, NULL, NULL, 'sequenceFlow', NULL, '2025-02-10 00:59:32.457', '2025-02-10 00:59:32.457', 1, 0, NULL, '');
INSERT INTO `ACT_HI_ACTINST` VALUES ('3bb99531-e707-11ef-8c34-cc28aa504d95', 2, 'assetCall:9:615f36ec-e704-11ef-8c34-cc28aa504d95', 'f472aa2e-e706-11ef-8c34-cc28aa504d95', 'f472aa32-e706-11ef-8c34-cc28aa504d95', 'sid-E3F94567-6F1D-46DB-8B88-CC193B1E34C0', '3bb99532-e707-11ef-8c34-cc28aa504d95', NULL, '', 'userTask', '2', '2025-02-10 00:59:32.458', '2025-02-10 01:02:46.712', 2, 194254, NULL, '');
INSERT INTO `ACT_HI_ACTINST` VALUES ('3c018156-e623-11ef-a57b-cc28aa504d95', 1, 'assetCall:3:cff8a510-e622-11ef-a57b-cc28aa504d95', '3c015a41-e623-11ef-a57b-cc28aa504d95', '3c018155-e623-11ef-a57b-cc28aa504d95', 'startEvent1', NULL, NULL, NULL, 'startEvent', NULL, '2025-02-08 21:47:27.675', '2025-02-08 21:47:27.677', 1, 2, NULL, '');
INSERT INTO `ACT_HI_ACTINST` VALUES ('3c01cf77-e623-11ef-a57b-cc28aa504d95', 1, 'assetCall:3:cff8a510-e622-11ef-a57b-cc28aa504d95', '3c015a41-e623-11ef-a57b-cc28aa504d95', '3c018155-e623-11ef-a57b-cc28aa504d95', 'sid-D79E8532-796F-45A3-992A-78ECF18727F0', NULL, NULL, NULL, 'sequenceFlow', NULL, '2025-02-08 21:47:27.677', '2025-02-08 21:47:27.677', 2, 0, NULL, '');
INSERT INTO `ACT_HI_ACTINST` VALUES ('3c01cf78-e623-11ef-a57b-cc28aa504d95', 1, 'assetCall:3:cff8a510-e622-11ef-a57b-cc28aa504d95', '3c015a41-e623-11ef-a57b-cc28aa504d95', '3c018155-e623-11ef-a57b-cc28aa504d95', 'sid-28F4649C-2790-4561-8A7F-9A81B0D74E8E', '3c044079-e623-11ef-a57b-cc28aa504d95', NULL, '', 'userTask', '3', '2025-02-08 21:47:27.677', NULL, 3, NULL, NULL, '');
INSERT INTO `ACT_HI_ACTINST` VALUES ('3e6ee897-e6f0-11ef-acc6-cc28aa504d95', 1, 'assetCall:7:0fdd376f-e6f0-11ef-acc6-cc28aa504d95', '3e6e9a70-e6f0-11ef-acc6-cc28aa504d95', '3e6ee896-e6f0-11ef-acc6-cc28aa504d95', 'startEvent1', NULL, NULL, NULL, 'startEvent', NULL, '2025-02-09 22:14:58.577', '2025-02-09 22:14:58.579', 1, 2, NULL, '');
INSERT INTO `ACT_HI_ACTINST` VALUES ('3e6f36b8-e6f0-11ef-acc6-cc28aa504d95', 1, 'assetCall:7:0fdd376f-e6f0-11ef-acc6-cc28aa504d95', '3e6e9a70-e6f0-11ef-acc6-cc28aa504d95', '3e6ee896-e6f0-11ef-acc6-cc28aa504d95', 'sid-D79E8532-796F-45A3-992A-78ECF18727F0', NULL, NULL, NULL, 'sequenceFlow', NULL, '2025-02-09 22:14:58.579', '2025-02-09 22:14:58.579', 2, 0, NULL, '');
INSERT INTO `ACT_HI_ACTINST` VALUES ('3e6f36b9-e6f0-11ef-acc6-cc28aa504d95', 2, 'assetCall:7:0fdd376f-e6f0-11ef-acc6-cc28aa504d95', '3e6e9a70-e6f0-11ef-acc6-cc28aa504d95', '3e6ee896-e6f0-11ef-acc6-cc28aa504d95', 'sid-28F4649C-2790-4561-8A7F-9A81B0D74E8E', '3e70bd5a-e6f0-11ef-acc6-cc28aa504d95', NULL, '', 'userTask', '3', '2025-02-09 22:14:58.579', '2025-02-09 22:19:38.280', 3, 279701, NULL, '');
INSERT INTO `ACT_HI_ACTINST` VALUES ('52b1f549-e624-11ef-88f5-cc28aa504d95', 1, 'assetCall:3:cff8a510-e622-11ef-a57b-cc28aa504d95', '52b1a724-e624-11ef-88f5-cc28aa504d95', '52b1f548-e624-11ef-88f5-cc28aa504d95', 'startEvent1', NULL, NULL, NULL, 'startEvent', NULL, '2025-02-08 21:55:15.238', '2025-02-08 21:55:15.239', 1, 1, NULL, '');
INSERT INTO `ACT_HI_ACTINST` VALUES ('52b2436a-e624-11ef-88f5-cc28aa504d95', 1, 'assetCall:3:cff8a510-e622-11ef-a57b-cc28aa504d95', '52b1a724-e624-11ef-88f5-cc28aa504d95', '52b1f548-e624-11ef-88f5-cc28aa504d95', 'sid-D79E8532-796F-45A3-992A-78ECF18727F0', NULL, NULL, NULL, 'sequenceFlow', NULL, '2025-02-08 21:55:15.240', '2025-02-08 21:55:15.240', 2, 0, NULL, '');
INSERT INTO `ACT_HI_ACTINST` VALUES ('52b2436b-e624-11ef-88f5-cc28aa504d95', 1, 'assetCall:3:cff8a510-e622-11ef-a57b-cc28aa504d95', '52b1a724-e624-11ef-88f5-cc28aa504d95', '52b1f548-e624-11ef-88f5-cc28aa504d95', 'sid-28F4649C-2790-4561-8A7F-9A81B0D74E8E', '52b3a2fc-e624-11ef-88f5-cc28aa504d95', NULL, '', 'userTask', '3', '2025-02-08 21:55:15.240', NULL, 3, NULL, NULL, '');
INSERT INTO `ACT_HI_ACTINST` VALUES ('54956bda-e62d-11ef-9fbd-cc28aa504d95', 1, 'assetCall:3:cff8a510-e622-11ef-a57b-cc28aa504d95', '549544c5-e62d-11ef-9fbd-cc28aa504d95', '54956bd9-e62d-11ef-9fbd-cc28aa504d95', 'startEvent1', NULL, NULL, NULL, 'startEvent', NULL, '2025-02-08 22:59:43.877', '2025-02-08 22:59:43.879', 1, 2, NULL, '');
INSERT INTO `ACT_HI_ACTINST` VALUES ('5495b9fb-e62d-11ef-9fbd-cc28aa504d95', 1, 'assetCall:3:cff8a510-e622-11ef-a57b-cc28aa504d95', '549544c5-e62d-11ef-9fbd-cc28aa504d95', '54956bd9-e62d-11ef-9fbd-cc28aa504d95', 'sid-D79E8532-796F-45A3-992A-78ECF18727F0', NULL, NULL, NULL, 'sequenceFlow', NULL, '2025-02-08 22:59:43.879', '2025-02-08 22:59:43.879', 2, 0, NULL, '');
INSERT INTO `ACT_HI_ACTINST` VALUES ('5495b9fc-e62d-11ef-9fbd-cc28aa504d95', 1, 'assetCall:3:cff8a510-e622-11ef-a57b-cc28aa504d95', '549544c5-e62d-11ef-9fbd-cc28aa504d95', '54956bd9-e62d-11ef-9fbd-cc28aa504d95', 'sid-28F4649C-2790-4561-8A7F-9A81B0D74E8E', '5497409d-e62d-11ef-9fbd-cc28aa504d95', NULL, '', 'userTask', '3', '2025-02-08 22:59:43.879', NULL, 3, NULL, NULL, '');
INSERT INTO `ACT_HI_ACTINST` VALUES ('57ad389c-e88c-11ef-9400-cc28aa504d95', 1, 'assetCall:15:42561de6-e88c-11ef-9400-cc28aa504d95', '57ad1187-e88c-11ef-9400-cc28aa504d95', '57ad389b-e88c-11ef-9400-cc28aa504d95', 'startEvent1', NULL, NULL, NULL, 'startEvent', NULL, '2025-02-11 23:24:53.581', '2025-02-11 23:24:53.581', 1, 0, NULL, '');
INSERT INTO `ACT_HI_ACTINST` VALUES ('57ad389d-e88c-11ef-9400-cc28aa504d95', 1, 'assetCall:15:42561de6-e88c-11ef-9400-cc28aa504d95', '57ad1187-e88c-11ef-9400-cc28aa504d95', '57ad389b-e88c-11ef-9400-cc28aa504d95', 'sid-D79E8532-796F-45A3-992A-78ECF18727F0', NULL, NULL, NULL, 'sequenceFlow', NULL, '2025-02-11 23:24:53.581', '2025-02-11 23:24:53.581', 2, 0, NULL, '');
INSERT INTO `ACT_HI_ACTINST` VALUES ('57ad389e-e88c-11ef-9400-cc28aa504d95', 2, 'assetCall:15:42561de6-e88c-11ef-9400-cc28aa504d95', '57ad1187-e88c-11ef-9400-cc28aa504d95', '57ad389b-e88c-11ef-9400-cc28aa504d95', 'sid-28F4649C-2790-4561-8A7F-9A81B0D74E8E', '57ad389f-e88c-11ef-9400-cc28aa504d95', NULL, '', 'userTask', '3', '2025-02-11 23:24:53.581', '2025-02-11 23:52:33.201', 3, 1659620, NULL, '');
INSERT INTO `ACT_HI_ACTINST` VALUES ('5a225a98-e890-11ef-b567-cc28aa504d95', 1, 'assetCall:15:42561de6-e88c-11ef-9400-cc28aa504d95', '57ad1187-e88c-11ef-9400-cc28aa504d95', '57ad389b-e88c-11ef-9400-cc28aa504d95', 'sid-F0401001-ED62-4B72-9487-C9D4713774BE', NULL, NULL, NULL, 'sequenceFlow', NULL, '2025-02-11 23:53:35.691', '2025-02-11 23:53:35.691', 1, 0, NULL, '');
INSERT INTO `ACT_HI_ACTINST` VALUES ('5a2281a9-e890-11ef-b567-cc28aa504d95', 2, 'assetCall:15:42561de6-e88c-11ef-9400-cc28aa504d95', '57ad1187-e88c-11ef-9400-cc28aa504d95', '57ad389b-e88c-11ef-9400-cc28aa504d95', 'sid-D76C049C-53A8-44F0-8A1C-930D9D685132', '5a2281aa-e890-11ef-b567-cc28aa504d95', NULL, '2', 'userTask', '1', '2025-02-11 23:53:35.692', '2025-02-11 23:55:25.633', 2, 109941, NULL, '');
INSERT INTO `ACT_HI_ACTINST` VALUES ('634d6624-e871-11ef-9e03-cc28aa504d95', 1, 'assetCall:10:03e82224-e7bb-11ef-8aa3-cc28aa504d95', 'd578b9f2-e86e-11ef-9e03-cc28aa504d95', 'd578e106-e86e-11ef-9e03-cc28aa504d95', 'sid-5D644AEA-9B8E-4A54-B6A1-3F36CE995EEB', NULL, NULL, NULL, 'sequenceFlow', NULL, '2025-02-11 20:11:56.674', '2025-02-11 20:11:56.674', 1, 0, NULL, '');
INSERT INTO `ACT_HI_ACTINST` VALUES ('634d6625-e871-11ef-9e03-cc28aa504d95', 2, 'assetCall:10:03e82224-e7bb-11ef-8aa3-cc28aa504d95', 'd578b9f2-e86e-11ef-9e03-cc28aa504d95', 'd578e106-e86e-11ef-9e03-cc28aa504d95', 'sid-E3F94567-6F1D-46DB-8B88-CC193B1E34C0', '634d6626-e871-11ef-9e03-cc28aa504d95', NULL, '1', 'userTask', '2', '2025-02-11 20:11:56.674', '2025-02-11 20:16:49.902', 2, 293228, NULL, '');
INSERT INTO `ACT_HI_ACTINST` VALUES ('6d17b3f2-e704-11ef-8c34-cc28aa504d95', 1, 'assetCall:9:615f36ec-e704-11ef-8c34-cc28aa504d95', '6d1765cd-e704-11ef-8c34-cc28aa504d95', '6d17b3f1-e704-11ef-8c34-cc28aa504d95', 'startEvent1', NULL, NULL, NULL, 'startEvent', NULL, '2025-02-10 00:39:26.793', '2025-02-10 00:39:26.795', 1, 2, NULL, '');
INSERT INTO `ACT_HI_ACTINST` VALUES ('6d180213-e704-11ef-8c34-cc28aa504d95', 1, 'assetCall:9:615f36ec-e704-11ef-8c34-cc28aa504d95', '6d1765cd-e704-11ef-8c34-cc28aa504d95', '6d17b3f1-e704-11ef-8c34-cc28aa504d95', 'sid-D79E8532-796F-45A3-992A-78ECF18727F0', NULL, NULL, NULL, 'sequenceFlow', NULL, '2025-02-10 00:39:26.795', '2025-02-10 00:39:26.795', 2, 0, NULL, '');
INSERT INTO `ACT_HI_ACTINST` VALUES ('6d182924-e704-11ef-8c34-cc28aa504d95', 2, 'assetCall:9:615f36ec-e704-11ef-8c34-cc28aa504d95', '6d1765cd-e704-11ef-8c34-cc28aa504d95', '6d17b3f1-e704-11ef-8c34-cc28aa504d95', 'sid-28F4649C-2790-4561-8A7F-9A81B0D74E8E', '6d1961a5-e704-11ef-8c34-cc28aa504d95', NULL, '', 'userTask', '3', '2025-02-10 00:39:26.796', '2025-02-10 00:43:14.242', 3, 227446, NULL, '');
INSERT INTO `ACT_HI_ACTINST` VALUES ('75a1b0c4-e708-11ef-8c34-cc28aa504d95', 1, 'assetCall:9:615f36ec-e704-11ef-8c34-cc28aa504d95', '75a1b0bf-e708-11ef-8c34-cc28aa504d95', '75a1b0c3-e708-11ef-8c34-cc28aa504d95', 'startEvent1', NULL, NULL, NULL, 'startEvent', NULL, '2025-02-10 01:08:19.106', '2025-02-10 01:08:19.106', 1, 0, NULL, '');
INSERT INTO `ACT_HI_ACTINST` VALUES ('75a1b0c5-e708-11ef-8c34-cc28aa504d95', 1, 'assetCall:9:615f36ec-e704-11ef-8c34-cc28aa504d95', '75a1b0bf-e708-11ef-8c34-cc28aa504d95', '75a1b0c3-e708-11ef-8c34-cc28aa504d95', 'sid-D79E8532-796F-45A3-992A-78ECF18727F0', NULL, NULL, NULL, 'sequenceFlow', NULL, '2025-02-10 01:08:19.106', '2025-02-10 01:08:19.106', 2, 0, NULL, '');
INSERT INTO `ACT_HI_ACTINST` VALUES ('75a1b0c6-e708-11ef-8c34-cc28aa504d95', 2, 'assetCall:9:615f36ec-e704-11ef-8c34-cc28aa504d95', '75a1b0bf-e708-11ef-8c34-cc28aa504d95', '75a1b0c3-e708-11ef-8c34-cc28aa504d95', 'sid-28F4649C-2790-4561-8A7F-9A81B0D74E8E', '75a1b0c7-e708-11ef-8c34-cc28aa504d95', NULL, '', 'userTask', '3', '2025-02-10 01:08:19.106', '2025-02-10 01:09:37.059', 3, 77953, NULL, '');
INSERT INTO `ACT_HI_ACTINST` VALUES ('7caa9be6-e62c-11ef-9a09-cc28aa504d95', 1, 'assetCall:3:cff8a510-e622-11ef-a57b-cc28aa504d95', '7caa4dc1-e62c-11ef-9a09-cc28aa504d95', '7caa9be5-e62c-11ef-9a09-cc28aa504d95', 'startEvent1', NULL, NULL, NULL, 'startEvent', NULL, '2025-02-08 22:53:41.628', '2025-02-08 22:53:41.630', 1, 2, NULL, '');
INSERT INTO `ACT_HI_ACTINST` VALUES ('7caaea07-e62c-11ef-9a09-cc28aa504d95', 1, 'assetCall:3:cff8a510-e622-11ef-a57b-cc28aa504d95', '7caa4dc1-e62c-11ef-9a09-cc28aa504d95', '7caa9be5-e62c-11ef-9a09-cc28aa504d95', 'sid-D79E8532-796F-45A3-992A-78ECF18727F0', NULL, NULL, NULL, 'sequenceFlow', NULL, '2025-02-08 22:53:41.630', '2025-02-08 22:53:41.630', 2, 0, NULL, '');
INSERT INTO `ACT_HI_ACTINST` VALUES ('7caaea08-e62c-11ef-9a09-cc28aa504d95', 1, 'assetCall:3:cff8a510-e622-11ef-a57b-cc28aa504d95', '7caa4dc1-e62c-11ef-9a09-cc28aa504d95', '7caa9be5-e62c-11ef-9a09-cc28aa504d95', 'sid-28F4649C-2790-4561-8A7F-9A81B0D74E8E', '7cac70a9-e62c-11ef-9a09-cc28aa504d95', NULL, '', 'userTask', '3', '2025-02-08 22:53:41.630', NULL, 3, NULL, NULL, '');
INSERT INTO `ACT_HI_ACTINST` VALUES ('87b7b1af-e61c-11ef-ac58-cc28aa504d95', 1, 'assetCall:1:0e29d5c9-e61c-11ef-ac58-cc28aa504d95', '87b7638a-e61c-11ef-ac58-cc28aa504d95', '87b7b1ae-e61c-11ef-ac58-cc28aa504d95', 'startEvent1', NULL, NULL, NULL, 'startEvent', NULL, '2025-02-08 20:59:28.221', '2025-02-08 20:59:28.223', 1, 2, NULL, '');
INSERT INTO `ACT_HI_ACTINST` VALUES ('87b7ffd0-e61c-11ef-ac58-cc28aa504d95', 1, 'assetCall:1:0e29d5c9-e61c-11ef-ac58-cc28aa504d95', '87b7638a-e61c-11ef-ac58-cc28aa504d95', '87b7b1ae-e61c-11ef-ac58-cc28aa504d95', 'sid-D79E8532-796F-45A3-992A-78ECF18727F0', NULL, NULL, NULL, 'sequenceFlow', NULL, '2025-02-08 20:59:28.223', '2025-02-08 20:59:28.223', 2, 0, NULL, '');
INSERT INTO `ACT_HI_ACTINST` VALUES ('87b7ffd1-e61c-11ef-ac58-cc28aa504d95', 1, 'assetCall:1:0e29d5c9-e61c-11ef-ac58-cc28aa504d95', '87b7638a-e61c-11ef-ac58-cc28aa504d95', '87b7b1ae-e61c-11ef-ac58-cc28aa504d95', 'sid-28F4649C-2790-4561-8A7F-9A81B0D74E8E', '87b95f62-e61c-11ef-ac58-cc28aa504d95', NULL, '', 'userTask', '3', '2025-02-08 20:59:28.223', NULL, 3, NULL, NULL, '');
INSERT INTO `ACT_HI_ACTINST` VALUES ('8a67089e-e6fc-11ef-9d7f-cc28aa504d95', 1, 'assetCall:8:0f0bbfb8-e6fc-11ef-9d7f-cc28aa504d95', '8a66ba79-e6fc-11ef-9d7f-cc28aa504d95', '8a67089d-e6fc-11ef-9d7f-cc28aa504d95', 'startEvent1', NULL, NULL, NULL, 'startEvent', NULL, '2025-02-09 23:42:59.993', '2025-02-09 23:42:59.995', 1, 2, NULL, '');
INSERT INTO `ACT_HI_ACTINST` VALUES ('8a677dcf-e6fc-11ef-9d7f-cc28aa504d95', 1, 'assetCall:8:0f0bbfb8-e6fc-11ef-9d7f-cc28aa504d95', '8a66ba79-e6fc-11ef-9d7f-cc28aa504d95', '8a67089d-e6fc-11ef-9d7f-cc28aa504d95', 'sid-D79E8532-796F-45A3-992A-78ECF18727F0', NULL, NULL, NULL, 'sequenceFlow', NULL, '2025-02-09 23:42:59.996', '2025-02-09 23:42:59.996', 2, 0, NULL, '');
INSERT INTO `ACT_HI_ACTINST` VALUES ('8a677dd0-e6fc-11ef-9d7f-cc28aa504d95', 1, 'assetCall:8:0f0bbfb8-e6fc-11ef-9d7f-cc28aa504d95', '8a66ba79-e6fc-11ef-9d7f-cc28aa504d95', '8a67089d-e6fc-11ef-9d7f-cc28aa504d95', 'sid-28F4649C-2790-4561-8A7F-9A81B0D74E8E', '8a690471-e6fc-11ef-9d7f-cc28aa504d95', NULL, '', 'userTask', '3', '2025-02-09 23:42:59.996', NULL, 3, NULL, NULL, '');
INSERT INTO `ACT_HI_ACTINST` VALUES ('9400cc9d-e6f9-11ef-a5fe-cc28aa504d95', 1, 'assetCall:7:0fdd376f-e6f0-11ef-acc6-cc28aa504d95', '94007e76-e6f9-11ef-a5fe-cc28aa504d95', '9400cc9c-e6f9-11ef-a5fe-cc28aa504d95', 'startEvent1', NULL, NULL, NULL, 'startEvent', NULL, '2025-02-09 23:21:47.610', '2025-02-09 23:21:47.611', 1, 1, NULL, '');
INSERT INTO `ACT_HI_ACTINST` VALUES ('94011abe-e6f9-11ef-a5fe-cc28aa504d95', 1, 'assetCall:7:0fdd376f-e6f0-11ef-acc6-cc28aa504d95', '94007e76-e6f9-11ef-a5fe-cc28aa504d95', '9400cc9c-e6f9-11ef-a5fe-cc28aa504d95', 'sid-D79E8532-796F-45A3-992A-78ECF18727F0', NULL, NULL, NULL, 'sequenceFlow', NULL, '2025-02-09 23:21:47.612', '2025-02-09 23:21:47.612', 2, 0, NULL, '');
INSERT INTO `ACT_HI_ACTINST` VALUES ('94011abf-e6f9-11ef-a5fe-cc28aa504d95', 2, 'assetCall:7:0fdd376f-e6f0-11ef-acc6-cc28aa504d95', '94007e76-e6f9-11ef-a5fe-cc28aa504d95', '9400cc9c-e6f9-11ef-a5fe-cc28aa504d95', 'sid-28F4649C-2790-4561-8A7F-9A81B0D74E8E', '94027950-e6f9-11ef-a5fe-cc28aa504d95', NULL, '', 'userTask', '3', '2025-02-09 23:21:47.612', '2025-02-09 23:23:56.135', 3, 128523, NULL, '');
INSERT INTO `ACT_HI_ACTINST` VALUES ('9baaef50-e890-11ef-b567-cc28aa504d95', 1, 'assetCall:15:42561de6-e88c-11ef-9400-cc28aa504d95', '57ad1187-e88c-11ef-9400-cc28aa504d95', '57ad389b-e88c-11ef-9400-cc28aa504d95', 'sid-C18B5D15-740C-4058-804E-2A89379D9EF5', NULL, NULL, NULL, 'sequenceFlow', NULL, '2025-02-11 23:55:25.638', '2025-02-11 23:55:25.638', 1, 0, NULL, '');
INSERT INTO `ACT_HI_ACTINST` VALUES ('9bab8b91-e890-11ef-b567-cc28aa504d95', 1, 'assetCall:15:42561de6-e88c-11ef-9400-cc28aa504d95', '57ad1187-e88c-11ef-9400-cc28aa504d95', '57ad389b-e88c-11ef-9400-cc28aa504d95', 'sid-65BE3F99-8DED-483F-92F3-A3D34F51DAC3', NULL, NULL, NULL, 'exclusiveGateway', NULL, '2025-02-11 23:55:25.642', '2025-02-11 23:55:25.647', 2, 5, NULL, '');
INSERT INTO `ACT_HI_ACTINST` VALUES ('9bac4ee2-e890-11ef-b567-cc28aa504d95', 1, 'assetCall:15:42561de6-e88c-11ef-9400-cc28aa504d95', '57ad1187-e88c-11ef-9400-cc28aa504d95', '57ad389b-e88c-11ef-9400-cc28aa504d95', 'sid-CAAF0C9B-6690-4661-8414-41E21EC832A1', NULL, NULL, NULL, 'sequenceFlow', NULL, '2025-02-11 23:55:25.647', '2025-02-11 23:55:25.647', 3, 0, NULL, '');
INSERT INTO `ACT_HI_ACTINST` VALUES ('9baceb23-e890-11ef-b567-cc28aa504d95', 1, 'assetCall:15:42561de6-e88c-11ef-9400-cc28aa504d95', '57ad1187-e88c-11ef-9400-cc28aa504d95', '57ad389b-e88c-11ef-9400-cc28aa504d95', 'sid-C30768FC-431E-428B-8499-F5842D5D735A', NULL, NULL, NULL, 'endEvent', NULL, '2025-02-11 23:55:25.651', '2025-02-11 23:55:25.653', 4, 2, NULL, '');
INSERT INTO `ACT_HI_ACTINST` VALUES ('a1052e32-e6f2-11ef-a872-cc28aa504d95', 1, 'assetCall:7:0fdd376f-e6f0-11ef-acc6-cc28aa504d95', 'a104e00b-e6f2-11ef-a872-cc28aa504d95', 'a1052e31-e6f2-11ef-a872-cc28aa504d95', 'startEvent1', NULL, NULL, NULL, 'startEvent', NULL, '2025-02-09 22:32:02.972', '2025-02-09 22:32:02.973', 1, 1, NULL, '');
INSERT INTO `ACT_HI_ACTINST` VALUES ('a1057c53-e6f2-11ef-a872-cc28aa504d95', 1, 'assetCall:7:0fdd376f-e6f0-11ef-acc6-cc28aa504d95', 'a104e00b-e6f2-11ef-a872-cc28aa504d95', 'a1052e31-e6f2-11ef-a872-cc28aa504d95', 'sid-D79E8532-796F-45A3-992A-78ECF18727F0', NULL, NULL, NULL, 'sequenceFlow', NULL, '2025-02-09 22:32:02.974', '2025-02-09 22:32:02.974', 2, 0, NULL, '');
INSERT INTO `ACT_HI_ACTINST` VALUES ('a1057c54-e6f2-11ef-a872-cc28aa504d95', 2, 'assetCall:7:0fdd376f-e6f0-11ef-acc6-cc28aa504d95', 'a104e00b-e6f2-11ef-a872-cc28aa504d95', 'a1052e31-e6f2-11ef-a872-cc28aa504d95', 'sid-28F4649C-2790-4561-8A7F-9A81B0D74E8E', 'a106dbe5-e6f2-11ef-a872-cc28aa504d95', NULL, '', 'userTask', '3', '2025-02-09 22:32:02.974', '2025-02-09 22:32:33.295', 3, 30321, NULL, '');
INSERT INTO `ACT_HI_ACTINST` VALUES ('a41886f1-e708-11ef-8c34-cc28aa504d95', 1, 'assetCall:9:615f36ec-e704-11ef-8c34-cc28aa504d95', '75a1b0bf-e708-11ef-8c34-cc28aa504d95', '75a1b0c3-e708-11ef-8c34-cc28aa504d95', 'sid-5D644AEA-9B8E-4A54-B6A1-3F36CE995EEB', NULL, NULL, NULL, 'sequenceFlow', NULL, '2025-02-10 01:09:37.060', '2025-02-10 01:09:37.060', 1, 0, NULL, '');
INSERT INTO `ACT_HI_ACTINST` VALUES ('a41886f2-e708-11ef-8c34-cc28aa504d95', 2, 'assetCall:9:615f36ec-e704-11ef-8c34-cc28aa504d95', '75a1b0bf-e708-11ef-8c34-cc28aa504d95', '75a1b0c3-e708-11ef-8c34-cc28aa504d95', 'sid-E3F94567-6F1D-46DB-8B88-CC193B1E34C0', 'a41886f3-e708-11ef-8c34-cc28aa504d95', NULL, '', 'userTask', '2', '2025-02-10 01:09:37.060', '2025-02-10 01:10:27.225', 2, 50165, NULL, '');
INSERT INTO `ACT_HI_ACTINST` VALUES ('af82641b-e707-11ef-8c34-cc28aa504d95', 1, 'assetCall:9:615f36ec-e704-11ef-8c34-cc28aa504d95', 'f472aa2e-e706-11ef-8c34-cc28aa504d95', 'f472aa32-e706-11ef-8c34-cc28aa504d95', 'sid-F0401001-ED62-4B72-9487-C9D4713774BE', NULL, NULL, NULL, 'sequenceFlow', NULL, '2025-02-10 01:02:46.712', '2025-02-10 01:02:46.712', 1, 0, NULL, '');
INSERT INTO `ACT_HI_ACTINST` VALUES ('af828b2c-e707-11ef-8c34-cc28aa504d95', 1, 'assetCall:9:615f36ec-e704-11ef-8c34-cc28aa504d95', 'f472aa2e-e706-11ef-8c34-cc28aa504d95', 'f472aa32-e706-11ef-8c34-cc28aa504d95', 'sid-D76C049C-53A8-44F0-8A1C-930D9D685132', 'af828b2d-e707-11ef-8c34-cc28aa504d95', NULL, '', 'userTask', '3', '2025-02-10 01:02:46.713', NULL, 2, NULL, NULL, '');
INSERT INTO `ACT_HI_ACTINST` VALUES ('b0ae8290-e6f4-11ef-95d7-cc28aa504d95', 1, 'assetCall:7:0fdd376f-e6f0-11ef-acc6-cc28aa504d95', 'b0ae3469-e6f4-11ef-95d7-cc28aa504d95', 'b0ae828f-e6f4-11ef-95d7-cc28aa504d95', 'startEvent1', NULL, NULL, NULL, 'startEvent', NULL, '2025-02-09 22:46:48.241', '2025-02-09 22:46:48.242', 1, 1, NULL, '');
INSERT INTO `ACT_HI_ACTINST` VALUES ('b0aed0b1-e6f4-11ef-95d7-cc28aa504d95', 1, 'assetCall:7:0fdd376f-e6f0-11ef-acc6-cc28aa504d95', 'b0ae3469-e6f4-11ef-95d7-cc28aa504d95', 'b0ae828f-e6f4-11ef-95d7-cc28aa504d95', 'sid-D79E8532-796F-45A3-992A-78ECF18727F0', NULL, NULL, NULL, 'sequenceFlow', NULL, '2025-02-09 22:46:48.243', '2025-02-09 22:46:48.243', 2, 0, NULL, '');
INSERT INTO `ACT_HI_ACTINST` VALUES ('b0aed0b2-e6f4-11ef-95d7-cc28aa504d95', 2, 'assetCall:7:0fdd376f-e6f0-11ef-acc6-cc28aa504d95', 'b0ae3469-e6f4-11ef-95d7-cc28aa504d95', 'b0ae828f-e6f4-11ef-95d7-cc28aa504d95', 'sid-28F4649C-2790-4561-8A7F-9A81B0D74E8E', 'b0b05753-e6f4-11ef-95d7-cc28aa504d95', NULL, '', 'userTask', '3', '2025-02-09 22:46:48.243', '2025-02-09 22:48:29.049', 3, 100806, NULL, '');
INSERT INTO `ACT_HI_ACTINST` VALUES ('b3181a6d-e6f2-11ef-a872-cc28aa504d95', 1, 'assetCall:7:0fdd376f-e6f0-11ef-acc6-cc28aa504d95', 'a104e00b-e6f2-11ef-a872-cc28aa504d95', 'a1052e31-e6f2-11ef-a872-cc28aa504d95', 'sid-5D644AEA-9B8E-4A54-B6A1-3F36CE995EEB', NULL, NULL, NULL, 'sequenceFlow', NULL, '2025-02-09 22:32:33.295', '2025-02-09 22:32:33.295', 1, 0, NULL, '');
INSERT INTO `ACT_HI_ACTINST` VALUES ('b318417e-e6f2-11ef-a872-cc28aa504d95', 1, 'assetCall:7:0fdd376f-e6f0-11ef-acc6-cc28aa504d95', 'a104e00b-e6f2-11ef-a872-cc28aa504d95', 'a1052e31-e6f2-11ef-a872-cc28aa504d95', 'sid-E3F94567-6F1D-46DB-8B88-CC193B1E34C0', 'b318417f-e6f2-11ef-a872-cc28aa504d95', NULL, '', 'userTask', 'default_leader_id', '2025-02-09 22:32:33.296', NULL, 2, NULL, NULL, '');
INSERT INTO `ACT_HI_ACTINST` VALUES ('be484f75-e640-11ef-ad5d-cc28aa504d95', 1, 'assetCall:4:cdf0dd29-e63e-11ef-8eea-cc28aa504d95', 'be482860-e640-11ef-ad5d-cc28aa504d95', 'be484f74-e640-11ef-ad5d-cc28aa504d95', 'startEvent1', NULL, NULL, NULL, 'startEvent', NULL, '2025-02-09 01:18:41.648', '2025-02-09 01:18:41.650', 1, 2, NULL, '');
INSERT INTO `ACT_HI_ACTINST` VALUES ('be48c4a6-e640-11ef-ad5d-cc28aa504d95', 1, 'assetCall:4:cdf0dd29-e63e-11ef-8eea-cc28aa504d95', 'be482860-e640-11ef-ad5d-cc28aa504d95', 'be484f74-e640-11ef-ad5d-cc28aa504d95', 'sid-D79E8532-796F-45A3-992A-78ECF18727F0', NULL, NULL, NULL, 'sequenceFlow', NULL, '2025-02-09 01:18:41.651', '2025-02-09 01:18:41.651', 2, 0, NULL, '');
INSERT INTO `ACT_HI_ACTINST` VALUES ('be48c4a7-e640-11ef-ad5d-cc28aa504d95', 1, 'assetCall:4:cdf0dd29-e63e-11ef-8eea-cc28aa504d95', 'be482860-e640-11ef-ad5d-cc28aa504d95', 'be484f74-e640-11ef-ad5d-cc28aa504d95', 'sid-28F4649C-2790-4561-8A7F-9A81B0D74E8E', 'be4a2438-e640-11ef-ad5d-cc28aa504d95', NULL, '', 'userTask', '3', '2025-02-09 01:18:41.651', NULL, 3, NULL, NULL, '');
INSERT INTO `ACT_HI_ACTINST` VALUES ('c1ff194c-e708-11ef-8c34-cc28aa504d95', 1, 'assetCall:9:615f36ec-e704-11ef-8c34-cc28aa504d95', '75a1b0bf-e708-11ef-8c34-cc28aa504d95', '75a1b0c3-e708-11ef-8c34-cc28aa504d95', 'sid-F0401001-ED62-4B72-9487-C9D4713774BE', NULL, NULL, NULL, 'sequenceFlow', NULL, '2025-02-10 01:10:27.225', '2025-02-10 01:10:27.225', 1, 0, NULL, '');
INSERT INTO `ACT_HI_ACTINST` VALUES ('c1ff194d-e708-11ef-8c34-cc28aa504d95', 2, 'assetCall:9:615f36ec-e704-11ef-8c34-cc28aa504d95', '75a1b0bf-e708-11ef-8c34-cc28aa504d95', '75a1b0c3-e708-11ef-8c34-cc28aa504d95', 'sid-D76C049C-53A8-44F0-8A1C-930D9D685132', 'c1ff194e-e708-11ef-8c34-cc28aa504d95', NULL, '', 'userTask', '1', '2025-02-10 01:10:27.225', '2025-02-10 01:48:41.168', 2, 2293943, NULL, '');
INSERT INTO `ACT_HI_ACTINST` VALUES ('d578e107-e86e-11ef-9e03-cc28aa504d95', 1, 'assetCall:10:03e82224-e7bb-11ef-8aa3-cc28aa504d95', 'd578b9f2-e86e-11ef-9e03-cc28aa504d95', 'd578e106-e86e-11ef-9e03-cc28aa504d95', 'startEvent1', NULL, NULL, NULL, 'startEvent', NULL, '2025-02-11 19:53:39.729', '2025-02-11 19:53:39.731', 1, 2, NULL, '');
INSERT INTO `ACT_HI_ACTINST` VALUES ('d5795638-e86e-11ef-9e03-cc28aa504d95', 1, 'assetCall:10:03e82224-e7bb-11ef-8aa3-cc28aa504d95', 'd578b9f2-e86e-11ef-9e03-cc28aa504d95', 'd578e106-e86e-11ef-9e03-cc28aa504d95', 'sid-D79E8532-796F-45A3-992A-78ECF18727F0', NULL, NULL, NULL, 'sequenceFlow', NULL, '2025-02-11 19:53:39.732', '2025-02-11 19:53:39.732', 2, 0, NULL, '');
INSERT INTO `ACT_HI_ACTINST` VALUES ('d5795639-e86e-11ef-9e03-cc28aa504d95', 2, 'assetCall:10:03e82224-e7bb-11ef-8aa3-cc28aa504d95', 'd578b9f2-e86e-11ef-9e03-cc28aa504d95', 'd578e106-e86e-11ef-9e03-cc28aa504d95', 'sid-28F4649C-2790-4561-8A7F-9A81B0D74E8E', 'd57ab5ca-e86e-11ef-9e03-cc28aa504d95', NULL, '', 'userTask', '3', '2025-02-11 19:53:39.732', '2025-02-11 20:11:56.673', 3, 1096941, NULL, '');
INSERT INTO `ACT_HI_ACTINST` VALUES ('e09c2778-e6f9-11ef-a5fe-cc28aa504d95', 1, 'assetCall:7:0fdd376f-e6f0-11ef-acc6-cc28aa504d95', '94007e76-e6f9-11ef-a5fe-cc28aa504d95', '9400cc9c-e6f9-11ef-a5fe-cc28aa504d95', 'sid-5D644AEA-9B8E-4A54-B6A1-3F36CE995EEB', NULL, NULL, NULL, 'sequenceFlow', NULL, '2025-02-09 23:23:56.135', '2025-02-09 23:23:56.135', 1, 0, NULL, '');
INSERT INTO `ACT_HI_ACTINST` VALUES ('e09c2779-e6f9-11ef-a5fe-cc28aa504d95', 1, 'assetCall:7:0fdd376f-e6f0-11ef-acc6-cc28aa504d95', '94007e76-e6f9-11ef-a5fe-cc28aa504d95', '9400cc9c-e6f9-11ef-a5fe-cc28aa504d95', 'sid-E3F94567-6F1D-46DB-8B88-CC193B1E34C0', 'e09c4e8a-e6f9-11ef-a5fe-cc28aa504d95', NULL, '', 'userTask', 'default_leader_id', '2025-02-09 23:23:56.135', NULL, 2, NULL, NULL, '');
INSERT INTO `ACT_HI_ACTINST` VALUES ('e5263312-e6f0-11ef-acc6-cc28aa504d95', 1, 'assetCall:7:0fdd376f-e6f0-11ef-acc6-cc28aa504d95', '3e6e9a70-e6f0-11ef-acc6-cc28aa504d95', '3e6ee896-e6f0-11ef-acc6-cc28aa504d95', 'sid-5D644AEA-9B8E-4A54-B6A1-3F36CE995EEB', NULL, NULL, NULL, 'sequenceFlow', NULL, '2025-02-09 22:19:38.280', '2025-02-09 22:19:38.280', 1, 0, NULL, '');
INSERT INTO `ACT_HI_ACTINST` VALUES ('e5265a23-e6f0-11ef-acc6-cc28aa504d95', 1, 'assetCall:7:0fdd376f-e6f0-11ef-acc6-cc28aa504d95', '3e6e9a70-e6f0-11ef-acc6-cc28aa504d95', '3e6ee896-e6f0-11ef-acc6-cc28aa504d95', 'sid-E3F94567-6F1D-46DB-8B88-CC193B1E34C0', 'e5265a24-e6f0-11ef-acc6-cc28aa504d95', NULL, '', 'userTask', 'default_leader_id', '2025-02-09 22:19:38.281', NULL, 2, NULL, NULL, '');
INSERT INTO `ACT_HI_ACTINST` VALUES ('e9bb60a9-e6f2-11ef-a872-cc28aa504d95', 1, 'assetCall:7:0fdd376f-e6f0-11ef-acc6-cc28aa504d95', 'e9bb60a2-e6f2-11ef-a872-cc28aa504d95', 'e9bb60a8-e6f2-11ef-a872-cc28aa504d95', 'startEvent1', NULL, NULL, NULL, 'startEvent', NULL, '2025-02-09 22:34:04.962', '2025-02-09 22:34:04.962', 1, 0, NULL, '');
INSERT INTO `ACT_HI_ACTINST` VALUES ('e9bb60aa-e6f2-11ef-a872-cc28aa504d95', 1, 'assetCall:7:0fdd376f-e6f0-11ef-acc6-cc28aa504d95', 'e9bb60a2-e6f2-11ef-a872-cc28aa504d95', 'e9bb60a8-e6f2-11ef-a872-cc28aa504d95', 'sid-D79E8532-796F-45A3-992A-78ECF18727F0', NULL, NULL, NULL, 'sequenceFlow', NULL, '2025-02-09 22:34:04.962', '2025-02-09 22:34:04.962', 2, 0, NULL, '');
INSERT INTO `ACT_HI_ACTINST` VALUES ('e9bb60ab-e6f2-11ef-a872-cc28aa504d95', 2, 'assetCall:7:0fdd376f-e6f0-11ef-acc6-cc28aa504d95', 'e9bb60a2-e6f2-11ef-a872-cc28aa504d95', 'e9bb60a8-e6f2-11ef-a872-cc28aa504d95', 'sid-28F4649C-2790-4561-8A7F-9A81B0D74E8E', 'e9bb60ac-e6f2-11ef-a872-cc28aa504d95', NULL, '', 'userTask', '3', '2025-02-09 22:34:04.962', '2025-02-09 22:34:27.981', 3, 23019, NULL, '');
INSERT INTO `ACT_HI_ACTINST` VALUES ('ecc55a6b-e6f4-11ef-95d7-cc28aa504d95', 1, 'assetCall:7:0fdd376f-e6f0-11ef-acc6-cc28aa504d95', 'b0ae3469-e6f4-11ef-95d7-cc28aa504d95', 'b0ae828f-e6f4-11ef-95d7-cc28aa504d95', 'sid-5D644AEA-9B8E-4A54-B6A1-3F36CE995EEB', NULL, NULL, NULL, 'sequenceFlow', NULL, '2025-02-09 22:48:29.054', '2025-02-09 22:48:29.054', 1, 0, NULL, '');
INSERT INTO `ACT_HI_ACTINST` VALUES ('ecc5f6ac-e6f4-11ef-95d7-cc28aa504d95', 1, 'assetCall:7:0fdd376f-e6f0-11ef-acc6-cc28aa504d95', 'b0ae3469-e6f4-11ef-95d7-cc28aa504d95', 'b0ae828f-e6f4-11ef-95d7-cc28aa504d95', 'sid-E3F94567-6F1D-46DB-8B88-CC193B1E34C0', 'ecc5f6ad-e6f4-11ef-95d7-cc28aa504d95', NULL, '', 'userTask', 'default_leader_id', '2025-02-09 22:48:29.058', NULL, 2, NULL, NULL, '');
INSERT INTO `ACT_HI_ACTINST` VALUES ('f472aa33-e706-11ef-8c34-cc28aa504d95', 1, 'assetCall:9:615f36ec-e704-11ef-8c34-cc28aa504d95', 'f472aa2e-e706-11ef-8c34-cc28aa504d95', 'f472aa32-e706-11ef-8c34-cc28aa504d95', 'startEvent1', NULL, NULL, NULL, 'startEvent', NULL, '2025-02-10 00:57:32.875', '2025-02-10 00:57:32.875', 1, 0, NULL, '');
INSERT INTO `ACT_HI_ACTINST` VALUES ('f472aa34-e706-11ef-8c34-cc28aa504d95', 1, 'assetCall:9:615f36ec-e704-11ef-8c34-cc28aa504d95', 'f472aa2e-e706-11ef-8c34-cc28aa504d95', 'f472aa32-e706-11ef-8c34-cc28aa504d95', 'sid-D79E8532-796F-45A3-992A-78ECF18727F0', NULL, NULL, NULL, 'sequenceFlow', NULL, '2025-02-10 00:57:32.875', '2025-02-10 00:57:32.875', 2, 0, NULL, '');
INSERT INTO `ACT_HI_ACTINST` VALUES ('f472aa35-e706-11ef-8c34-cc28aa504d95', 2, 'assetCall:9:615f36ec-e704-11ef-8c34-cc28aa504d95', 'f472aa2e-e706-11ef-8c34-cc28aa504d95', 'f472aa32-e706-11ef-8c34-cc28aa504d95', 'sid-28F4649C-2790-4561-8A7F-9A81B0D74E8E', 'f472aa36-e706-11ef-8c34-cc28aa504d95', NULL, '', 'userTask', '3', '2025-02-10 00:57:32.875', '2025-02-10 00:59:32.457', 3, 119582, NULL, '');
INSERT INTO `ACT_HI_ACTINST` VALUES ('f4a9d19f-e704-11ef-8c34-cc28aa504d95', 1, 'assetCall:9:615f36ec-e704-11ef-8c34-cc28aa504d95', '6d1765cd-e704-11ef-8c34-cc28aa504d95', '6d17b3f1-e704-11ef-8c34-cc28aa504d95', 'sid-5D644AEA-9B8E-4A54-B6A1-3F36CE995EEB', NULL, NULL, NULL, 'sequenceFlow', NULL, '2025-02-10 00:43:14.243', '2025-02-10 00:43:14.243', 1, 0, NULL, '');
INSERT INTO `ACT_HI_ACTINST` VALUES ('f4a9d1a0-e704-11ef-8c34-cc28aa504d95', 2, 'assetCall:9:615f36ec-e704-11ef-8c34-cc28aa504d95', '6d1765cd-e704-11ef-8c34-cc28aa504d95', '6d17b3f1-e704-11ef-8c34-cc28aa504d95', 'sid-E3F94567-6F1D-46DB-8B88-CC193B1E34C0', 'f4a9d1a1-e704-11ef-8c34-cc28aa504d95', NULL, '', 'userTask', '2', '2025-02-10 00:43:14.243', '2025-02-10 00:51:03.046', 2, 468803, NULL, '');
INSERT INTO `ACT_HI_ACTINST` VALUES ('f77468a4-e6f2-11ef-a872-cc28aa504d95', 1, 'assetCall:7:0fdd376f-e6f0-11ef-acc6-cc28aa504d95', 'e9bb60a2-e6f2-11ef-a872-cc28aa504d95', 'e9bb60a8-e6f2-11ef-a872-cc28aa504d95', 'sid-5D644AEA-9B8E-4A54-B6A1-3F36CE995EEB', NULL, NULL, NULL, 'sequenceFlow', NULL, '2025-02-09 22:34:27.985', '2025-02-09 22:34:27.985', 1, 0, NULL, '');
INSERT INTO `ACT_HI_ACTINST` VALUES ('f77504e5-e6f2-11ef-a872-cc28aa504d95', 1, 'assetCall:7:0fdd376f-e6f0-11ef-acc6-cc28aa504d95', 'e9bb60a2-e6f2-11ef-a872-cc28aa504d95', 'e9bb60a8-e6f2-11ef-a872-cc28aa504d95', 'sid-E3F94567-6F1D-46DB-8B88-CC193B1E34C0', 'f77504e6-e6f2-11ef-a872-cc28aa504d95', NULL, '', 'userTask', 'default_leader_id', '2025-02-09 22:34:27.989', NULL, 2, NULL, NULL, '');

-- ----------------------------
-- Table structure for ACT_HI_ATTACHMENT
-- ----------------------------
DROP TABLE IF EXISTS `ACT_HI_ATTACHMENT`;
CREATE TABLE `ACT_HI_ATTACHMENT`  (
  `ID_` varchar(64) CHARACTER SET utf8mb3 COLLATE utf8mb3_bin NOT NULL,
  `REV_` int NULL DEFAULT NULL,
  `USER_ID_` varchar(255) CHARACTER SET utf8mb3 COLLATE utf8mb3_bin NULL DEFAULT NULL,
  `NAME_` varchar(255) CHARACTER SET utf8mb3 COLLATE utf8mb3_bin NULL DEFAULT NULL,
  `DESCRIPTION_` varchar(4000) CHARACTER SET utf8mb3 COLLATE utf8mb3_bin NULL DEFAULT NULL,
  `TYPE_` varchar(255) CHARACTER SET utf8mb3 COLLATE utf8mb3_bin NULL DEFAULT NULL,
  `TASK_ID_` varchar(64) CHARACTER SET utf8mb3 COLLATE utf8mb3_bin NULL DEFAULT NULL,
  `PROC_INST_ID_` varchar(64) CHARACTER SET utf8mb3 COLLATE utf8mb3_bin NULL DEFAULT NULL,
  `URL_` varchar(4000) CHARACTER SET utf8mb3 COLLATE utf8mb3_bin NULL DEFAULT NULL,
  `CONTENT_ID_` varchar(64) CHARACTER SET utf8mb3 COLLATE utf8mb3_bin NULL DEFAULT NULL,
  `TIME_` datetime(3) NULL DEFAULT NULL,
  PRIMARY KEY (`ID_`) USING BTREE
) ENGINE = InnoDB CHARACTER SET = utf8mb3 COLLATE = utf8mb3_bin ROW_FORMAT = Dynamic;

-- ----------------------------
-- Records of ACT_HI_ATTACHMENT
-- ----------------------------

-- ----------------------------
-- Table structure for ACT_HI_COMMENT
-- ----------------------------
DROP TABLE IF EXISTS `ACT_HI_COMMENT`;
CREATE TABLE `ACT_HI_COMMENT`  (
  `ID_` varchar(64) CHARACTER SET utf8mb3 COLLATE utf8mb3_bin NOT NULL,
  `TYPE_` varchar(255) CHARACTER SET utf8mb3 COLLATE utf8mb3_bin NULL DEFAULT NULL,
  `TIME_` datetime(3) NOT NULL,
  `USER_ID_` varchar(255) CHARACTER SET utf8mb3 COLLATE utf8mb3_bin NULL DEFAULT NULL,
  `TASK_ID_` varchar(64) CHARACTER SET utf8mb3 COLLATE utf8mb3_bin NULL DEFAULT NULL,
  `PROC_INST_ID_` varchar(64) CHARACTER SET utf8mb3 COLLATE utf8mb3_bin NULL DEFAULT NULL,
  `ACTION_` varchar(255) CHARACTER SET utf8mb3 COLLATE utf8mb3_bin NULL DEFAULT NULL,
  `MESSAGE_` varchar(4000) CHARACTER SET utf8mb3 COLLATE utf8mb3_bin NULL DEFAULT NULL,
  `FULL_MSG_` longblob NULL,
  PRIMARY KEY (`ID_`) USING BTREE
) ENGINE = InnoDB CHARACTER SET = utf8mb3 COLLATE = utf8mb3_bin ROW_FORMAT = Dynamic;

-- ----------------------------
-- Records of ACT_HI_COMMENT
-- ----------------------------

-- ----------------------------
-- Table structure for ACT_HI_DETAIL
-- ----------------------------
DROP TABLE IF EXISTS `ACT_HI_DETAIL`;
CREATE TABLE `ACT_HI_DETAIL`  (
  `ID_` varchar(64) CHARACTER SET utf8mb3 COLLATE utf8mb3_bin NOT NULL,
  `TYPE_` varchar(255) CHARACTER SET utf8mb3 COLLATE utf8mb3_bin NOT NULL,
  `PROC_INST_ID_` varchar(64) CHARACTER SET utf8mb3 COLLATE utf8mb3_bin NULL DEFAULT NULL,
  `EXECUTION_ID_` varchar(64) CHARACTER SET utf8mb3 COLLATE utf8mb3_bin NULL DEFAULT NULL,
  `TASK_ID_` varchar(64) CHARACTER SET utf8mb3 COLLATE utf8mb3_bin NULL DEFAULT NULL,
  `ACT_INST_ID_` varchar(64) CHARACTER SET utf8mb3 COLLATE utf8mb3_bin NULL DEFAULT NULL,
  `NAME_` varchar(255) CHARACTER SET utf8mb3 COLLATE utf8mb3_bin NOT NULL,
  `VAR_TYPE_` varchar(255) CHARACTER SET utf8mb3 COLLATE utf8mb3_bin NULL DEFAULT NULL,
  `REV_` int NULL DEFAULT NULL,
  `TIME_` datetime(3) NOT NULL,
  `BYTEARRAY_ID_` varchar(64) CHARACTER SET utf8mb3 COLLATE utf8mb3_bin NULL DEFAULT NULL,
  `DOUBLE_` double NULL DEFAULT NULL,
  `LONG_` bigint NULL DEFAULT NULL,
  `TEXT_` varchar(4000) CHARACTER SET utf8mb3 COLLATE utf8mb3_bin NULL DEFAULT NULL,
  `TEXT2_` varchar(4000) CHARACTER SET utf8mb3 COLLATE utf8mb3_bin NULL DEFAULT NULL,
  PRIMARY KEY (`ID_`) USING BTREE,
  INDEX `ACT_IDX_HI_DETAIL_PROC_INST`(`PROC_INST_ID_` ASC) USING BTREE,
  INDEX `ACT_IDX_HI_DETAIL_ACT_INST`(`ACT_INST_ID_` ASC) USING BTREE,
  INDEX `ACT_IDX_HI_DETAIL_TIME`(`TIME_` ASC) USING BTREE,
  INDEX `ACT_IDX_HI_DETAIL_NAME`(`NAME_` ASC) USING BTREE,
  INDEX `ACT_IDX_HI_DETAIL_TASK_ID`(`TASK_ID_` ASC) USING BTREE
) ENGINE = InnoDB CHARACTER SET = utf8mb3 COLLATE = utf8mb3_bin ROW_FORMAT = Dynamic;

-- ----------------------------
-- Records of ACT_HI_DETAIL
-- ----------------------------
INSERT INTO `ACT_HI_DETAIL` VALUES ('0c157f04-e706-11ef-8c34-cc28aa504d95', 'VariableUpdate', '6d1765cd-e704-11ef-8c34-cc28aa504d95', '6d1765cd-e704-11ef-8c34-cc28aa504d95', NULL, NULL, 'leaderId', 'string', 1, '2025-02-10 00:51:03.033', NULL, NULL, NULL, '3', NULL);
INSERT INTO `ACT_HI_DETAIL` VALUES ('0c16de96-e706-11ef-8c34-cc28aa504d95', 'VariableUpdate', '6d1765cd-e704-11ef-8c34-cc28aa504d95', '6d17b3f1-e704-11ef-8c34-cc28aa504d95', 'f4a9d1a1-e704-11ef-8c34-cc28aa504d95', NULL, 'leaderId', 'string', 0, '2025-02-10 00:51:03.041', NULL, NULL, NULL, '3', NULL);
INSERT INTO `ACT_HI_DETAIL` VALUES ('0c16de98-e706-11ef-8c34-cc28aa504d95', 'VariableUpdate', '6d1765cd-e704-11ef-8c34-cc28aa504d95', '6d17b3f1-e704-11ef-8c34-cc28aa504d95', 'f4a9d1a1-e704-11ef-8c34-cc28aa504d95', NULL, 'businessKey', 'string', 0, '2025-02-10 00:51:03.042', NULL, NULL, NULL, 'ASSET_20230603', NULL);
INSERT INTO `ACT_HI_DETAIL` VALUES ('1212ea49-e872-11ef-9e03-cc28aa504d95', 'VariableUpdate', 'd578b9f2-e86e-11ef-9e03-cc28aa504d95', 'd578b9f2-e86e-11ef-9e03-cc28aa504d95', NULL, NULL, 'leaderId', 'string', 1, '2025-02-11 20:16:49.892', NULL, NULL, NULL, '1', NULL);
INSERT INTO `ACT_HI_DETAIL` VALUES ('121422cb-e872-11ef-9e03-cc28aa504d95', 'VariableUpdate', 'd578b9f2-e86e-11ef-9e03-cc28aa504d95', 'd578e106-e86e-11ef-9e03-cc28aa504d95', '634d6626-e871-11ef-9e03-cc28aa504d95', NULL, 'leaderId', 'string', 0, '2025-02-11 20:16:49.899', NULL, NULL, NULL, '1', NULL);
INSERT INTO `ACT_HI_DETAIL` VALUES ('121422cd-e872-11ef-9e03-cc28aa504d95', 'VariableUpdate', 'd578b9f2-e86e-11ef-9e03-cc28aa504d95', 'd578e106-e86e-11ef-9e03-cc28aa504d95', '634d6626-e871-11ef-9e03-cc28aa504d95', NULL, 'approveResult', 'boolean', 0, '2025-02-11 20:16:49.900', NULL, NULL, 1, NULL, NULL);
INSERT INTO `ACT_HI_DETAIL` VALUES ('18d97ce8-e887-11ef-a646-cc28aa504d95', 'VariableUpdate', '18d92ec5-e887-11ef-a646-cc28aa504d95', '18d92ec5-e887-11ef-a646-cc28aa504d95', NULL, NULL, 'userId', 'string', 0, '2025-02-11 22:47:20.691', NULL, NULL, NULL, '3', NULL);
INSERT INTO `ACT_HI_DETAIL` VALUES ('19497f21-e70e-11ef-8c34-cc28aa504d95', 'VariableUpdate', '75a1b0bf-e708-11ef-8c34-cc28aa504d95', '75a1b0bf-e708-11ef-8c34-cc28aa504d95', NULL, NULL, 'leaderId', 'string', 2, '2025-02-10 01:48:41.158', NULL, NULL, NULL, '1', NULL);
INSERT INTO `ACT_HI_DETAIL` VALUES ('194ab7a3-e70e-11ef-8c34-cc28aa504d95', 'VariableUpdate', '75a1b0bf-e708-11ef-8c34-cc28aa504d95', '75a1b0c3-e708-11ef-8c34-cc28aa504d95', 'c1ff194e-e708-11ef-8c34-cc28aa504d95', NULL, 'leaderId', 'string', 0, '2025-02-10 01:48:41.165', NULL, NULL, NULL, '1', NULL);
INSERT INTO `ACT_HI_DETAIL` VALUES ('194ab7a5-e70e-11ef-8c34-cc28aa504d95', 'VariableUpdate', '75a1b0bf-e708-11ef-8c34-cc28aa504d95', '75a1b0c3-e708-11ef-8c34-cc28aa504d95', 'c1ff194e-e708-11ef-8c34-cc28aa504d95', NULL, 'approveResult', 'boolean', 0, '2025-02-10 01:48:41.166', NULL, NULL, 1, NULL, NULL);
INSERT INTO `ACT_HI_DETAIL` VALUES ('194ab7a7-e70e-11ef-8c34-cc28aa504d95', 'VariableUpdate', '75a1b0bf-e708-11ef-8c34-cc28aa504d95', '75a1b0c3-e708-11ef-8c34-cc28aa504d95', 'c1ff194e-e708-11ef-8c34-cc28aa504d95', NULL, 'businessKey', 'string', 0, '2025-02-10 01:48:41.166', NULL, NULL, NULL, 'ASSET_20230605', NULL);
INSERT INTO `ACT_HI_DETAIL` VALUES ('332a5363-e889-11ef-9400-cc28aa504d95', 'VariableUpdate', '332a2c50-e889-11ef-9400-cc28aa504d95', '332a2c50-e889-11ef-9400-cc28aa504d95', NULL, NULL, 'userId', 'string', 0, '2025-02-11 23:02:23.835', NULL, NULL, NULL, '3', NULL);
INSERT INTO `ACT_HI_DETAIL` VALUES ('34e286ac-e890-11ef-b567-cc28aa504d95', 'VariableUpdate', '57ad1187-e88c-11ef-9400-cc28aa504d95', '57ad1187-e88c-11ef-9400-cc28aa504d95', NULL, '57ad389e-e88c-11ef-9400-cc28aa504d95', 'leaderId', 'string', 0, '2025-02-11 23:52:33.197', NULL, NULL, NULL, '2', NULL);
INSERT INTO `ACT_HI_DETAIL` VALUES ('34e286ae-e890-11ef-b567-cc28aa504d95', 'VariableUpdate', '57ad1187-e88c-11ef-9400-cc28aa504d95', '57ad1187-e88c-11ef-9400-cc28aa504d95', NULL, '57ad389e-e88c-11ef-9400-cc28aa504d95', 'approveResult', 'boolean', 0, '2025-02-11 23:52:33.197', NULL, NULL, 1, NULL, NULL);
INSERT INTO `ACT_HI_DETAIL` VALUES ('3bb7c06a-e707-11ef-8c34-cc28aa504d95', 'VariableUpdate', 'f472aa2e-e706-11ef-8c34-cc28aa504d95', 'f472aa2e-e706-11ef-8c34-cc28aa504d95', NULL, NULL, 'leaderId', 'string', 0, '2025-02-10 00:59:32.446', NULL, NULL, NULL, '2', NULL);
INSERT INTO `ACT_HI_DETAIL` VALUES ('3bb8d1dc-e707-11ef-8c34-cc28aa504d95', 'VariableUpdate', 'f472aa2e-e706-11ef-8c34-cc28aa504d95', 'f472aa32-e706-11ef-8c34-cc28aa504d95', 'f472aa36-e706-11ef-8c34-cc28aa504d95', NULL, 'leaderId', 'string', 0, '2025-02-10 00:59:32.453', NULL, NULL, NULL, '2', NULL);
INSERT INTO `ACT_HI_DETAIL` VALUES ('3bb8d1de-e707-11ef-8c34-cc28aa504d95', 'VariableUpdate', 'f472aa2e-e706-11ef-8c34-cc28aa504d95', 'f472aa32-e706-11ef-8c34-cc28aa504d95', 'f472aa36-e706-11ef-8c34-cc28aa504d95', NULL, 'businessKey', 'string', 0, '2025-02-10 00:59:32.453', NULL, NULL, NULL, 'ASSET_20230604', NULL);
INSERT INTO `ACT_HI_DETAIL` VALUES ('3c018154-e623-11ef-a57b-cc28aa504d95', 'VariableUpdate', '3c015a41-e623-11ef-a57b-cc28aa504d95', '3c015a41-e623-11ef-a57b-cc28aa504d95', NULL, NULL, 'userId', 'string', 0, '2025-02-08 21:47:27.675', NULL, NULL, NULL, '3', NULL);
INSERT INTO `ACT_HI_DETAIL` VALUES ('3e6ee893-e6f0-11ef-acc6-cc28aa504d95', 'VariableUpdate', '3e6e9a70-e6f0-11ef-acc6-cc28aa504d95', '3e6e9a70-e6f0-11ef-acc6-cc28aa504d95', NULL, NULL, 'userId', 'string', 0, '2025-02-09 22:14:58.577', NULL, NULL, NULL, '3', NULL);
INSERT INTO `ACT_HI_DETAIL` VALUES ('3e6ee895-e6f0-11ef-acc6-cc28aa504d95', 'VariableUpdate', '3e6e9a70-e6f0-11ef-acc6-cc28aa504d95', '3e6e9a70-e6f0-11ef-acc6-cc28aa504d95', NULL, NULL, 'leaderId', 'string', 0, '2025-02-09 22:14:58.577', NULL, NULL, NULL, 'default_leader_id', NULL);
INSERT INTO `ACT_HI_DETAIL` VALUES ('52b1ce37-e624-11ef-88f5-cc28aa504d95', 'VariableUpdate', '52b1a724-e624-11ef-88f5-cc28aa504d95', '52b1a724-e624-11ef-88f5-cc28aa504d95', NULL, NULL, 'userId', 'string', 0, '2025-02-08 21:55:15.237', NULL, NULL, NULL, '3', NULL);
INSERT INTO `ACT_HI_DETAIL` VALUES ('54956bd8-e62d-11ef-9fbd-cc28aa504d95', 'VariableUpdate', '549544c5-e62d-11ef-9fbd-cc28aa504d95', '549544c5-e62d-11ef-9fbd-cc28aa504d95', NULL, NULL, 'userId', 'string', 0, '2025-02-08 22:59:43.877', NULL, NULL, NULL, '3', NULL);
INSERT INTO `ACT_HI_DETAIL` VALUES ('57ad389a-e88c-11ef-9400-cc28aa504d95', 'VariableUpdate', '57ad1187-e88c-11ef-9400-cc28aa504d95', '57ad1187-e88c-11ef-9400-cc28aa504d95', NULL, NULL, 'userId', 'string', 0, '2025-02-11 23:24:53.581', NULL, NULL, NULL, '3', NULL);
INSERT INTO `ACT_HI_DETAIL` VALUES ('5a21be55-e890-11ef-b567-cc28aa504d95', 'VariableUpdate', '57ad1187-e88c-11ef-9400-cc28aa504d95', '57ad1187-e88c-11ef-9400-cc28aa504d95', NULL, '34e39821-e890-11ef-b567-cc28aa504d95', 'leaderId', 'string', 1, '2025-02-11 23:53:35.687', NULL, NULL, NULL, '1', NULL);
INSERT INTO `ACT_HI_DETAIL` VALUES ('5a21e566-e890-11ef-b567-cc28aa504d95', 'VariableUpdate', '57ad1187-e88c-11ef-9400-cc28aa504d95', '57ad1187-e88c-11ef-9400-cc28aa504d95', NULL, '34e39821-e890-11ef-b567-cc28aa504d95', 'approveResult', 'boolean', 1, '2025-02-11 23:53:35.688', NULL, NULL, 1, NULL, NULL);
INSERT INTO `ACT_HI_DETAIL` VALUES ('634af61e-e871-11ef-9e03-cc28aa504d95', 'VariableUpdate', 'd578b9f2-e86e-11ef-9e03-cc28aa504d95', 'd578b9f2-e86e-11ef-9e03-cc28aa504d95', NULL, NULL, 'leaderId', 'string', 0, '2025-02-11 20:11:56.658', NULL, NULL, NULL, '2', NULL);
INSERT INTO `ACT_HI_DETAIL` VALUES ('634c7cc0-e871-11ef-9e03-cc28aa504d95', 'VariableUpdate', 'd578b9f2-e86e-11ef-9e03-cc28aa504d95', 'd578e106-e86e-11ef-9e03-cc28aa504d95', 'd57ab5ca-e86e-11ef-9e03-cc28aa504d95', NULL, 'leaderId', 'string', 0, '2025-02-11 20:11:56.668', NULL, NULL, NULL, '2', NULL);
INSERT INTO `ACT_HI_DETAIL` VALUES ('634ca2d2-e871-11ef-9e03-cc28aa504d95', 'VariableUpdate', 'd578b9f2-e86e-11ef-9e03-cc28aa504d95', 'd578e106-e86e-11ef-9e03-cc28aa504d95', 'd57ab5ca-e86e-11ef-9e03-cc28aa504d95', NULL, 'approveResult', 'boolean', 0, '2025-02-11 20:11:56.669', NULL, NULL, 1, NULL, NULL);
INSERT INTO `ACT_HI_DETAIL` VALUES ('6d17b3f0-e704-11ef-8c34-cc28aa504d95', 'VariableUpdate', '6d1765cd-e704-11ef-8c34-cc28aa504d95', '6d1765cd-e704-11ef-8c34-cc28aa504d95', NULL, NULL, 'userId', 'string', 0, '2025-02-10 00:39:26.793', NULL, NULL, NULL, '3', NULL);
INSERT INTO `ACT_HI_DETAIL` VALUES ('7018d1fe-e87f-11ef-a228-cc28aa504d95', 'VariableUpdate', 'd578b9f2-e86e-11ef-9e03-cc28aa504d95', 'd578b9f2-e86e-11ef-9e03-cc28aa504d95', NULL, NULL, 'leaderId', 'string', 2, '2025-02-11 21:52:31.094', NULL, NULL, NULL, '1', NULL);
INSERT INTO `ACT_HI_DETAIL` VALUES ('75a1b0c2-e708-11ef-8c34-cc28aa504d95', 'VariableUpdate', '75a1b0bf-e708-11ef-8c34-cc28aa504d95', '75a1b0bf-e708-11ef-8c34-cc28aa504d95', NULL, NULL, 'userId', 'string', 0, '2025-02-10 01:08:19.106', NULL, NULL, NULL, '3', NULL);
INSERT INTO `ACT_HI_DETAIL` VALUES ('7caa9be4-e62c-11ef-9a09-cc28aa504d95', 'VariableUpdate', '7caa4dc1-e62c-11ef-9a09-cc28aa504d95', '7caa4dc1-e62c-11ef-9a09-cc28aa504d95', NULL, NULL, 'userId', 'string', 0, '2025-02-08 22:53:41.628', NULL, NULL, NULL, '3', NULL);
INSERT INTO `ACT_HI_DETAIL` VALUES ('87b7b1ad-e61c-11ef-ac58-cc28aa504d95', 'VariableUpdate', '87b7638a-e61c-11ef-ac58-cc28aa504d95', '87b7638a-e61c-11ef-ac58-cc28aa504d95', NULL, NULL, 'userId', 'string', 0, '2025-02-08 20:59:28.221', NULL, NULL, NULL, '3', NULL);
INSERT INTO `ACT_HI_DETAIL` VALUES ('8a67089c-e6fc-11ef-9d7f-cc28aa504d95', 'VariableUpdate', '8a66ba79-e6fc-11ef-9d7f-cc28aa504d95', '8a66ba79-e6fc-11ef-9d7f-cc28aa504d95', NULL, NULL, 'userId', 'string', 0, '2025-02-09 23:42:59.993', NULL, NULL, NULL, '3', NULL);
INSERT INTO `ACT_HI_DETAIL` VALUES ('9400a589-e6f9-11ef-a5fe-cc28aa504d95', 'VariableUpdate', '94007e76-e6f9-11ef-a5fe-cc28aa504d95', '94007e76-e6f9-11ef-a5fe-cc28aa504d95', NULL, NULL, 'userId', 'string', 0, '2025-02-09 23:21:47.609', NULL, NULL, NULL, '3', NULL);
INSERT INTO `ACT_HI_DETAIL` VALUES ('9400a58b-e6f9-11ef-a5fe-cc28aa504d95', 'VariableUpdate', '94007e76-e6f9-11ef-a5fe-cc28aa504d95', '94007e76-e6f9-11ef-a5fe-cc28aa504d95', NULL, NULL, 'leaderId', 'string', 0, '2025-02-09 23:21:47.609', NULL, NULL, NULL, 'default_leader_id', NULL);
INSERT INTO `ACT_HI_DETAIL` VALUES ('9ba4fbdd-e890-11ef-b567-cc28aa504d95', 'VariableUpdate', '57ad1187-e88c-11ef-9400-cc28aa504d95', '57ad1187-e88c-11ef-9400-cc28aa504d95', NULL, '5a2281a9-e890-11ef-b567-cc28aa504d95', 'approveResult', 'boolean', 1, '2025-02-11 23:55:25.599', NULL, NULL, 1, NULL, NULL);
INSERT INTO `ACT_HI_DETAIL` VALUES ('9ba5bf2e-e890-11ef-b567-cc28aa504d95', 'VariableUpdate', '57ad1187-e88c-11ef-9400-cc28aa504d95', '57ad1187-e88c-11ef-9400-cc28aa504d95', NULL, '5a2281a9-e890-11ef-b567-cc28aa504d95', 'leaderId', 'string', 2, '2025-02-11 23:55:25.604', NULL, NULL, NULL, '', NULL);
INSERT INTO `ACT_HI_DETAIL` VALUES ('a105071e-e6f2-11ef-a872-cc28aa504d95', 'VariableUpdate', 'a104e00b-e6f2-11ef-a872-cc28aa504d95', 'a104e00b-e6f2-11ef-a872-cc28aa504d95', NULL, NULL, 'userId', 'string', 0, '2025-02-09 22:32:02.971', NULL, NULL, NULL, '3', NULL);
INSERT INTO `ACT_HI_DETAIL` VALUES ('a1050720-e6f2-11ef-a872-cc28aa504d95', 'VariableUpdate', 'a104e00b-e6f2-11ef-a872-cc28aa504d95', 'a104e00b-e6f2-11ef-a872-cc28aa504d95', NULL, NULL, 'leaderId', 'string', 0, '2025-02-09 22:32:02.971', NULL, NULL, NULL, 'default_leader_id', NULL);
INSERT INTO `ACT_HI_DETAIL` VALUES ('a417004b-e708-11ef-8c34-cc28aa504d95', 'VariableUpdate', '75a1b0bf-e708-11ef-8c34-cc28aa504d95', '75a1b0bf-e708-11ef-8c34-cc28aa504d95', NULL, NULL, 'leaderId', 'string', 0, '2025-02-10 01:09:37.050', NULL, NULL, NULL, '2', NULL);
INSERT INTO `ACT_HI_DETAIL` VALUES ('a41811bd-e708-11ef-8c34-cc28aa504d95', 'VariableUpdate', '75a1b0bf-e708-11ef-8c34-cc28aa504d95', '75a1b0c3-e708-11ef-8c34-cc28aa504d95', '75a1b0c7-e708-11ef-8c34-cc28aa504d95', NULL, 'leaderId', 'string', 0, '2025-02-10 01:09:37.057', NULL, NULL, NULL, '2', NULL);
INSERT INTO `ACT_HI_DETAIL` VALUES ('a41811bf-e708-11ef-8c34-cc28aa504d95', 'VariableUpdate', '75a1b0bf-e708-11ef-8c34-cc28aa504d95', '75a1b0c3-e708-11ef-8c34-cc28aa504d95', '75a1b0c7-e708-11ef-8c34-cc28aa504d95', NULL, 'businessKey', 'string', 0, '2025-02-10 01:09:37.057', NULL, NULL, NULL, 'ASSET_20230605', NULL);
INSERT INTO `ACT_HI_DETAIL` VALUES ('af806845-e707-11ef-8c34-cc28aa504d95', 'VariableUpdate', 'f472aa2e-e706-11ef-8c34-cc28aa504d95', 'f472aa2e-e706-11ef-8c34-cc28aa504d95', NULL, NULL, 'leaderId', 'string', 1, '2025-02-10 01:02:46.699', NULL, NULL, NULL, '3', NULL);
INSERT INTO `ACT_HI_DETAIL` VALUES ('af81eee7-e707-11ef-8c34-cc28aa504d95', 'VariableUpdate', 'f472aa2e-e706-11ef-8c34-cc28aa504d95', 'f472aa32-e706-11ef-8c34-cc28aa504d95', '3bb99532-e707-11ef-8c34-cc28aa504d95', NULL, 'leaderId', 'string', 0, '2025-02-10 01:02:46.709', NULL, NULL, NULL, '3', NULL);
INSERT INTO `ACT_HI_DETAIL` VALUES ('af81eee9-e707-11ef-8c34-cc28aa504d95', 'VariableUpdate', 'f472aa2e-e706-11ef-8c34-cc28aa504d95', 'f472aa32-e706-11ef-8c34-cc28aa504d95', '3bb99532-e707-11ef-8c34-cc28aa504d95', NULL, 'businessKey', 'string', 0, '2025-02-10 01:02:46.709', NULL, NULL, NULL, 'ASSET_20230604', NULL);
INSERT INTO `ACT_HI_DETAIL` VALUES ('b0ae5b7c-e6f4-11ef-95d7-cc28aa504d95', 'VariableUpdate', 'b0ae3469-e6f4-11ef-95d7-cc28aa504d95', 'b0ae3469-e6f4-11ef-95d7-cc28aa504d95', NULL, NULL, 'userId', 'string', 0, '2025-02-09 22:46:48.240', NULL, NULL, NULL, '3', NULL);
INSERT INTO `ACT_HI_DETAIL` VALUES ('b0ae5b7e-e6f4-11ef-95d7-cc28aa504d95', 'VariableUpdate', 'b0ae3469-e6f4-11ef-95d7-cc28aa504d95', 'b0ae3469-e6f4-11ef-95d7-cc28aa504d95', NULL, NULL, 'leaderId', 'string', 0, '2025-02-09 22:46:48.240', NULL, NULL, NULL, 'default_leader_id', NULL);
INSERT INTO `ACT_HI_DETAIL` VALUES ('b3175719-e6f2-11ef-a872-cc28aa504d95', 'VariableUpdate', 'a104e00b-e6f2-11ef-a872-cc28aa504d95', 'a1052e31-e6f2-11ef-a872-cc28aa504d95', 'a106dbe5-e6f2-11ef-a872-cc28aa504d95', NULL, 'leaderId', 'string', 0, '2025-02-09 22:32:33.289', NULL, NULL, NULL, '2', NULL);
INSERT INTO `ACT_HI_DETAIL` VALUES ('b317571b-e6f2-11ef-a872-cc28aa504d95', 'VariableUpdate', 'a104e00b-e6f2-11ef-a872-cc28aa504d95', 'a1052e31-e6f2-11ef-a872-cc28aa504d95', 'a106dbe5-e6f2-11ef-a872-cc28aa504d95', NULL, 'approveResult', 'boolean', 0, '2025-02-09 22:32:33.290', NULL, NULL, 1, NULL, NULL);
INSERT INTO `ACT_HI_DETAIL` VALUES ('be484f73-e640-11ef-ad5d-cc28aa504d95', 'VariableUpdate', 'be482860-e640-11ef-ad5d-cc28aa504d95', 'be482860-e640-11ef-ad5d-cc28aa504d95', NULL, NULL, 'userId', 'string', 0, '2025-02-09 01:18:41.648', NULL, NULL, NULL, '3', NULL);
INSERT INTO `ACT_HI_DETAIL` VALUES ('c1fd6b96-e708-11ef-8c34-cc28aa504d95', 'VariableUpdate', '75a1b0bf-e708-11ef-8c34-cc28aa504d95', '75a1b0bf-e708-11ef-8c34-cc28aa504d95', NULL, NULL, 'leaderId', 'string', 1, '2025-02-10 01:10:27.214', NULL, NULL, NULL, '1', NULL);
INSERT INTO `ACT_HI_DETAIL` VALUES ('c1fea418-e708-11ef-8c34-cc28aa504d95', 'VariableUpdate', '75a1b0bf-e708-11ef-8c34-cc28aa504d95', '75a1b0c3-e708-11ef-8c34-cc28aa504d95', 'a41886f3-e708-11ef-8c34-cc28aa504d95', NULL, 'leaderId', 'string', 0, '2025-02-10 01:10:27.222', NULL, NULL, NULL, '1', NULL);
INSERT INTO `ACT_HI_DETAIL` VALUES ('c1fea41a-e708-11ef-8c34-cc28aa504d95', 'VariableUpdate', '75a1b0bf-e708-11ef-8c34-cc28aa504d95', '75a1b0c3-e708-11ef-8c34-cc28aa504d95', 'a41886f3-e708-11ef-8c34-cc28aa504d95', NULL, 'businessKey', 'string', 0, '2025-02-10 01:10:27.222', NULL, NULL, NULL, 'ASSET_20230605', NULL);
INSERT INTO `ACT_HI_DETAIL` VALUES ('d578e105-e86e-11ef-9e03-cc28aa504d95', 'VariableUpdate', 'd578b9f2-e86e-11ef-9e03-cc28aa504d95', 'd578b9f2-e86e-11ef-9e03-cc28aa504d95', NULL, NULL, 'userId', 'string', 0, '2025-02-11 19:53:39.729', NULL, NULL, NULL, '3', NULL);
INSERT INTO `ACT_HI_DETAIL` VALUES ('e09b8b34-e6f9-11ef-a5fe-cc28aa504d95', 'VariableUpdate', '94007e76-e6f9-11ef-a5fe-cc28aa504d95', '9400cc9c-e6f9-11ef-a5fe-cc28aa504d95', '94027950-e6f9-11ef-a5fe-cc28aa504d95', NULL, 'leaderId', 'string', 0, '2025-02-09 23:23:56.130', NULL, NULL, NULL, '2', NULL);
INSERT INTO `ACT_HI_DETAIL` VALUES ('e09b8b36-e6f9-11ef-a5fe-cc28aa504d95', 'VariableUpdate', '94007e76-e6f9-11ef-a5fe-cc28aa504d95', '9400cc9c-e6f9-11ef-a5fe-cc28aa504d95', '94027950-e6f9-11ef-a5fe-cc28aa504d95', NULL, 'approveResult', 'boolean', 0, '2025-02-09 23:23:56.131', NULL, NULL, 1, NULL, NULL);
INSERT INTO `ACT_HI_DETAIL` VALUES ('e52596ce-e6f0-11ef-acc6-cc28aa504d95', 'VariableUpdate', '3e6e9a70-e6f0-11ef-acc6-cc28aa504d95', '3e6ee896-e6f0-11ef-acc6-cc28aa504d95', '3e70bd5a-e6f0-11ef-acc6-cc28aa504d95', NULL, 'leaderId', 'string', 0, '2025-02-09 22:19:38.275', NULL, NULL, NULL, '2', NULL);
INSERT INTO `ACT_HI_DETAIL` VALUES ('e52596d0-e6f0-11ef-acc6-cc28aa504d95', 'VariableUpdate', '3e6e9a70-e6f0-11ef-acc6-cc28aa504d95', '3e6ee896-e6f0-11ef-acc6-cc28aa504d95', '3e70bd5a-e6f0-11ef-acc6-cc28aa504d95', NULL, 'approveResult', 'boolean', 0, '2025-02-09 22:19:38.276', NULL, NULL, 1, NULL, NULL);
INSERT INTO `ACT_HI_DETAIL` VALUES ('e9bb60a5-e6f2-11ef-a872-cc28aa504d95', 'VariableUpdate', 'e9bb60a2-e6f2-11ef-a872-cc28aa504d95', 'e9bb60a2-e6f2-11ef-a872-cc28aa504d95', NULL, NULL, 'userId', 'string', 0, '2025-02-09 22:34:04.962', NULL, NULL, NULL, '3', NULL);
INSERT INTO `ACT_HI_DETAIL` VALUES ('e9bb60a7-e6f2-11ef-a872-cc28aa504d95', 'VariableUpdate', 'e9bb60a2-e6f2-11ef-a872-cc28aa504d95', 'e9bb60a2-e6f2-11ef-a872-cc28aa504d95', NULL, NULL, 'leaderId', 'string', 0, '2025-02-09 22:34:04.962', NULL, NULL, NULL, 'default_leader_id', NULL);
INSERT INTO `ACT_HI_DETAIL` VALUES ('ecbea3a7-e6f4-11ef-95d7-cc28aa504d95', 'VariableUpdate', 'b0ae3469-e6f4-11ef-95d7-cc28aa504d95', 'b0ae828f-e6f4-11ef-95d7-cc28aa504d95', 'b0b05753-e6f4-11ef-95d7-cc28aa504d95', NULL, 'leaderId', 'string', 0, '2025-02-09 22:48:29.000', NULL, NULL, NULL, '2', NULL);
INSERT INTO `ACT_HI_DETAIL` VALUES ('ecbecab9-e6f4-11ef-95d7-cc28aa504d95', 'VariableUpdate', 'b0ae3469-e6f4-11ef-95d7-cc28aa504d95', 'b0ae828f-e6f4-11ef-95d7-cc28aa504d95', 'b0b05753-e6f4-11ef-95d7-cc28aa504d95', NULL, 'approveResult', 'boolean', 0, '2025-02-09 22:48:29.011', NULL, NULL, 1, NULL, NULL);
INSERT INTO `ACT_HI_DETAIL` VALUES ('f472aa31-e706-11ef-8c34-cc28aa504d95', 'VariableUpdate', 'f472aa2e-e706-11ef-8c34-cc28aa504d95', 'f472aa2e-e706-11ef-8c34-cc28aa504d95', NULL, NULL, 'userId', 'string', 0, '2025-02-10 00:57:32.875', NULL, NULL, NULL, '3', NULL);
INSERT INTO `ACT_HI_DETAIL` VALUES ('f4a69d49-e704-11ef-8c34-cc28aa504d95', 'VariableUpdate', '6d1765cd-e704-11ef-8c34-cc28aa504d95', '6d1765cd-e704-11ef-8c34-cc28aa504d95', NULL, NULL, 'leaderId', 'string', 0, '2025-02-10 00:43:14.222', NULL, NULL, NULL, '2', NULL);
INSERT INTO `ACT_HI_DETAIL` VALUES ('f4a90e4b-e704-11ef-8c34-cc28aa504d95', 'VariableUpdate', '6d1765cd-e704-11ef-8c34-cc28aa504d95', '6d17b3f1-e704-11ef-8c34-cc28aa504d95', '6d1961a5-e704-11ef-8c34-cc28aa504d95', NULL, 'leaderId', 'string', 0, '2025-02-10 00:43:14.238', NULL, NULL, NULL, '2', NULL);
INSERT INTO `ACT_HI_DETAIL` VALUES ('f4a9355d-e704-11ef-8c34-cc28aa504d95', 'VariableUpdate', '6d1765cd-e704-11ef-8c34-cc28aa504d95', '6d17b3f1-e704-11ef-8c34-cc28aa504d95', '6d1961a5-e704-11ef-8c34-cc28aa504d95', NULL, 'businessKey', 'string', 0, '2025-02-10 00:43:14.239', NULL, NULL, NULL, 'ASSET_20230603', NULL);
INSERT INTO `ACT_HI_DETAIL` VALUES ('f76e0000-e6f2-11ef-a872-cc28aa504d95', 'VariableUpdate', 'e9bb60a2-e6f2-11ef-a872-cc28aa504d95', 'e9bb60a8-e6f2-11ef-a872-cc28aa504d95', 'e9bb60ac-e6f2-11ef-a872-cc28aa504d95', NULL, 'leaderId', 'string', 0, '2025-02-09 22:34:27.932', NULL, NULL, NULL, '2', NULL);
INSERT INTO `ACT_HI_DETAIL` VALUES ('f76e0002-e6f2-11ef-a872-cc28aa504d95', 'VariableUpdate', 'e9bb60a2-e6f2-11ef-a872-cc28aa504d95', 'e9bb60a8-e6f2-11ef-a872-cc28aa504d95', 'e9bb60ac-e6f2-11ef-a872-cc28aa504d95', NULL, 'approveResult', 'boolean', 0, '2025-02-09 22:34:27.943', NULL, NULL, 1, NULL, NULL);

-- ----------------------------
-- Table structure for ACT_HI_ENTITYLINK
-- ----------------------------
DROP TABLE IF EXISTS `ACT_HI_ENTITYLINK`;
CREATE TABLE `ACT_HI_ENTITYLINK`  (
  `ID_` varchar(64) CHARACTER SET utf8mb3 COLLATE utf8mb3_bin NOT NULL,
  `LINK_TYPE_` varchar(255) CHARACTER SET utf8mb3 COLLATE utf8mb3_bin NULL DEFAULT NULL,
  `CREATE_TIME_` datetime(3) NULL DEFAULT NULL,
  `SCOPE_ID_` varchar(255) CHARACTER SET utf8mb3 COLLATE utf8mb3_bin NULL DEFAULT NULL,
  `SUB_SCOPE_ID_` varchar(255) CHARACTER SET utf8mb3 COLLATE utf8mb3_bin NULL DEFAULT NULL,
  `SCOPE_TYPE_` varchar(255) CHARACTER SET utf8mb3 COLLATE utf8mb3_bin NULL DEFAULT NULL,
  `SCOPE_DEFINITION_ID_` varchar(255) CHARACTER SET utf8mb3 COLLATE utf8mb3_bin NULL DEFAULT NULL,
  `PARENT_ELEMENT_ID_` varchar(255) CHARACTER SET utf8mb3 COLLATE utf8mb3_bin NULL DEFAULT NULL,
  `REF_SCOPE_ID_` varchar(255) CHARACTER SET utf8mb3 COLLATE utf8mb3_bin NULL DEFAULT NULL,
  `REF_SCOPE_TYPE_` varchar(255) CHARACTER SET utf8mb3 COLLATE utf8mb3_bin NULL DEFAULT NULL,
  `REF_SCOPE_DEFINITION_ID_` varchar(255) CHARACTER SET utf8mb3 COLLATE utf8mb3_bin NULL DEFAULT NULL,
  `ROOT_SCOPE_ID_` varchar(255) CHARACTER SET utf8mb3 COLLATE utf8mb3_bin NULL DEFAULT NULL,
  `ROOT_SCOPE_TYPE_` varchar(255) CHARACTER SET utf8mb3 COLLATE utf8mb3_bin NULL DEFAULT NULL,
  `HIERARCHY_TYPE_` varchar(255) CHARACTER SET utf8mb3 COLLATE utf8mb3_bin NULL DEFAULT NULL,
  PRIMARY KEY (`ID_`) USING BTREE,
  INDEX `ACT_IDX_HI_ENT_LNK_SCOPE`(`SCOPE_ID_` ASC, `SCOPE_TYPE_` ASC, `LINK_TYPE_` ASC) USING BTREE,
  INDEX `ACT_IDX_HI_ENT_LNK_REF_SCOPE`(`REF_SCOPE_ID_` ASC, `REF_SCOPE_TYPE_` ASC, `LINK_TYPE_` ASC) USING BTREE,
  INDEX `ACT_IDX_HI_ENT_LNK_ROOT_SCOPE`(`ROOT_SCOPE_ID_` ASC, `ROOT_SCOPE_TYPE_` ASC, `LINK_TYPE_` ASC) USING BTREE,
  INDEX `ACT_IDX_HI_ENT_LNK_SCOPE_DEF`(`SCOPE_DEFINITION_ID_` ASC, `SCOPE_TYPE_` ASC, `LINK_TYPE_` ASC) USING BTREE
) ENGINE = InnoDB CHARACTER SET = utf8mb3 COLLATE = utf8mb3_bin ROW_FORMAT = Dynamic;

-- ----------------------------
-- Records of ACT_HI_ENTITYLINK
-- ----------------------------

-- ----------------------------
-- Table structure for ACT_HI_IDENTITYLINK
-- ----------------------------
DROP TABLE IF EXISTS `ACT_HI_IDENTITYLINK`;
CREATE TABLE `ACT_HI_IDENTITYLINK`  (
  `ID_` varchar(64) CHARACTER SET utf8mb3 COLLATE utf8mb3_bin NOT NULL,
  `GROUP_ID_` varchar(255) CHARACTER SET utf8mb3 COLLATE utf8mb3_bin NULL DEFAULT NULL,
  `TYPE_` varchar(255) CHARACTER SET utf8mb3 COLLATE utf8mb3_bin NULL DEFAULT NULL,
  `USER_ID_` varchar(255) CHARACTER SET utf8mb3 COLLATE utf8mb3_bin NULL DEFAULT NULL,
  `TASK_ID_` varchar(64) CHARACTER SET utf8mb3 COLLATE utf8mb3_bin NULL DEFAULT NULL,
  `CREATE_TIME_` datetime(3) NULL DEFAULT NULL,
  `PROC_INST_ID_` varchar(64) CHARACTER SET utf8mb3 COLLATE utf8mb3_bin NULL DEFAULT NULL,
  `SCOPE_ID_` varchar(255) CHARACTER SET utf8mb3 COLLATE utf8mb3_bin NULL DEFAULT NULL,
  `SUB_SCOPE_ID_` varchar(255) CHARACTER SET utf8mb3 COLLATE utf8mb3_bin NULL DEFAULT NULL,
  `SCOPE_TYPE_` varchar(255) CHARACTER SET utf8mb3 COLLATE utf8mb3_bin NULL DEFAULT NULL,
  `SCOPE_DEFINITION_ID_` varchar(255) CHARACTER SET utf8mb3 COLLATE utf8mb3_bin NULL DEFAULT NULL,
  PRIMARY KEY (`ID_`) USING BTREE,
  INDEX `ACT_IDX_HI_IDENT_LNK_USER`(`USER_ID_` ASC) USING BTREE,
  INDEX `ACT_IDX_HI_IDENT_LNK_SCOPE`(`SCOPE_ID_` ASC, `SCOPE_TYPE_` ASC) USING BTREE,
  INDEX `ACT_IDX_HI_IDENT_LNK_SUB_SCOPE`(`SUB_SCOPE_ID_` ASC, `SCOPE_TYPE_` ASC) USING BTREE,
  INDEX `ACT_IDX_HI_IDENT_LNK_SCOPE_DEF`(`SCOPE_DEFINITION_ID_` ASC, `SCOPE_TYPE_` ASC) USING BTREE,
  INDEX `ACT_IDX_HI_IDENT_LNK_TASK`(`TASK_ID_` ASC) USING BTREE,
  INDEX `ACT_IDX_HI_IDENT_LNK_PROCINST`(`PROC_INST_ID_` ASC) USING BTREE
) ENGINE = InnoDB CHARACTER SET = utf8mb3 COLLATE = utf8mb3_bin ROW_FORMAT = Dynamic;

-- ----------------------------
-- Records of ACT_HI_IDENTITYLINK
-- ----------------------------
INSERT INTO `ACT_HI_IDENTITYLINK` VALUES ('0c16de99-e706-11ef-8c34-cc28aa504d95', NULL, 'participant', 'user1', NULL, '2025-02-10 00:51:03.042', '6d1765cd-e704-11ef-8c34-cc28aa504d95', NULL, NULL, NULL, NULL);
INSERT INTO `ACT_HI_IDENTITYLINK` VALUES ('0c17a1ed-e706-11ef-8c34-cc28aa504d95', NULL, 'assignee', '3', '0c177adc-e706-11ef-8c34-cc28aa504d95', '2025-02-10 00:51:03.047', NULL, NULL, NULL, NULL, NULL);
INSERT INTO `ACT_HI_IDENTITYLINK` VALUES ('121422ce-e872-11ef-9e03-cc28aa504d95', NULL, 'participant', 'user1', NULL, '2025-02-11 20:16:49.900', 'd578b9f2-e86e-11ef-9e03-cc28aa504d95', NULL, NULL, NULL, NULL);
INSERT INTO `ACT_HI_IDENTITYLINK` VALUES ('1214e622-e872-11ef-9e03-cc28aa504d95', NULL, 'assignee', '1', '12149801-e872-11ef-9e03-cc28aa504d95', '2025-02-11 20:16:49.905', NULL, NULL, NULL, NULL, NULL);
INSERT INTO `ACT_HI_IDENTITYLINK` VALUES ('1214e623-e872-11ef-9e03-cc28aa504d95', NULL, 'participant', '1', NULL, '2025-02-11 20:16:49.905', 'd578b9f2-e86e-11ef-9e03-cc28aa504d95', NULL, NULL, NULL, NULL);
INSERT INTO `ACT_HI_IDENTITYLINK` VALUES ('18d92ec6-e887-11ef-a646-cc28aa504d95', NULL, 'starter', 'test', NULL, '2025-02-11 22:47:20.690', '18d92ec5-e887-11ef-a646-cc28aa504d95', NULL, NULL, NULL, NULL);
INSERT INTO `ACT_HI_IDENTITYLINK` VALUES ('18ded41e-e887-11ef-a646-cc28aa504d95', NULL, 'assignee', '3', '18de5eed-e887-11ef-a646-cc28aa504d95', '2025-02-11 22:47:20.726', NULL, NULL, NULL, NULL, NULL);
INSERT INTO `ACT_HI_IDENTITYLINK` VALUES ('18ded41f-e887-11ef-a646-cc28aa504d95', NULL, 'participant', '3', NULL, '2025-02-11 22:47:20.726', '18d92ec5-e887-11ef-a646-cc28aa504d95', NULL, NULL, NULL, NULL);
INSERT INTO `ACT_HI_IDENTITYLINK` VALUES ('194ab7a8-e70e-11ef-8c34-cc28aa504d95', NULL, 'participant', 'admin', NULL, '2025-02-10 01:48:41.166', '75a1b0bf-e708-11ef-8c34-cc28aa504d95', NULL, NULL, NULL, NULL);
INSERT INTO `ACT_HI_IDENTITYLINK` VALUES ('194b53ee-e70e-11ef-8c34-cc28aa504d95', NULL, 'assignee', '3', '194b53ed-e70e-11ef-8c34-cc28aa504d95', '2025-02-10 01:48:41.170', NULL, NULL, NULL, NULL, NULL);
INSERT INTO `ACT_HI_IDENTITYLINK` VALUES ('332a2c51-e889-11ef-9400-cc28aa504d95', NULL, 'starter', 'test', NULL, '2025-02-11 23:02:23.834', '332a2c50-e889-11ef-9400-cc28aa504d95', NULL, NULL, NULL, NULL);
INSERT INTO `ACT_HI_IDENTITYLINK` VALUES ('332c4f39-e889-11ef-9400-cc28aa504d95', NULL, 'assignee', '3', '332c2828-e889-11ef-9400-cc28aa504d95', '2025-02-11 23:02:23.848', NULL, NULL, NULL, NULL, NULL);
INSERT INTO `ACT_HI_IDENTITYLINK` VALUES ('332c764a-e889-11ef-9400-cc28aa504d95', NULL, 'participant', '3', NULL, '2025-02-11 23:02:23.849', '332a2c50-e889-11ef-9400-cc28aa504d95', NULL, NULL, NULL, NULL);
INSERT INTO `ACT_HI_IDENTITYLINK` VALUES ('34e2adbf-e890-11ef-b567-cc28aa504d95', NULL, 'participant', 'test', NULL, '2025-02-11 23:52:33.198', '57ad1187-e88c-11ef-9400-cc28aa504d95', NULL, NULL, NULL, NULL);
INSERT INTO `ACT_HI_IDENTITYLINK` VALUES ('34e51ec3-e890-11ef-b567-cc28aa504d95', NULL, 'assignee', '2', '34e4f7b2-e890-11ef-b567-cc28aa504d95', '2025-02-11 23:52:33.214', NULL, NULL, NULL, NULL, NULL);
INSERT INTO `ACT_HI_IDENTITYLINK` VALUES ('34e51ec4-e890-11ef-b567-cc28aa504d95', NULL, 'participant', '2', NULL, '2025-02-11 23:52:33.214', '57ad1187-e88c-11ef-9400-cc28aa504d95', NULL, NULL, NULL, NULL);
INSERT INTO `ACT_HI_IDENTITYLINK` VALUES ('3bb8d1df-e707-11ef-8c34-cc28aa504d95', NULL, 'participant', 'test', NULL, '2025-02-10 00:59:32.453', 'f472aa2e-e706-11ef-8c34-cc28aa504d95', NULL, NULL, NULL, NULL);
INSERT INTO `ACT_HI_IDENTITYLINK` VALUES ('3bb9bc43-e707-11ef-8c34-cc28aa504d95', NULL, 'assignee', '2', '3bb99532-e707-11ef-8c34-cc28aa504d95', '2025-02-10 00:59:32.459', NULL, NULL, NULL, NULL, NULL);
INSERT INTO `ACT_HI_IDENTITYLINK` VALUES ('3bb9bc44-e707-11ef-8c34-cc28aa504d95', NULL, 'participant', '2', NULL, '2025-02-10 00:59:32.459', 'f472aa2e-e706-11ef-8c34-cc28aa504d95', NULL, NULL, NULL, NULL);
INSERT INTO `ACT_HI_IDENTITYLINK` VALUES ('3c015a42-e623-11ef-a57b-cc28aa504d95', NULL, 'starter', 'test', NULL, '2025-02-08 21:47:27.674', '3c015a41-e623-11ef-a57b-cc28aa504d95', NULL, NULL, NULL, NULL);
INSERT INTO `ACT_HI_IDENTITYLINK` VALUES ('3c04678a-e623-11ef-a57b-cc28aa504d95', NULL, 'assignee', '3', '3c044079-e623-11ef-a57b-cc28aa504d95', '2025-02-08 21:47:27.694', NULL, NULL, NULL, NULL, NULL);
INSERT INTO `ACT_HI_IDENTITYLINK` VALUES ('3c04678b-e623-11ef-a57b-cc28aa504d95', NULL, 'participant', '3', NULL, '2025-02-08 21:47:27.694', '3c015a41-e623-11ef-a57b-cc28aa504d95', NULL, NULL, NULL, NULL);
INSERT INTO `ACT_HI_IDENTITYLINK` VALUES ('3e6ec181-e6f0-11ef-acc6-cc28aa504d95', NULL, 'starter', 'test', NULL, '2025-02-09 22:14:58.576', '3e6e9a70-e6f0-11ef-acc6-cc28aa504d95', NULL, NULL, NULL, NULL);
INSERT INTO `ACT_HI_IDENTITYLINK` VALUES ('3e70e46b-e6f0-11ef-acc6-cc28aa504d95', NULL, 'assignee', '3', '3e70bd5a-e6f0-11ef-acc6-cc28aa504d95', '2025-02-09 22:14:58.590', NULL, NULL, NULL, NULL, NULL);
INSERT INTO `ACT_HI_IDENTITYLINK` VALUES ('3e70e46c-e6f0-11ef-acc6-cc28aa504d95', NULL, 'participant', '3', NULL, '2025-02-09 22:14:58.590', '3e6e9a70-e6f0-11ef-acc6-cc28aa504d95', NULL, NULL, NULL, NULL);
INSERT INTO `ACT_HI_IDENTITYLINK` VALUES ('52b1a725-e624-11ef-88f5-cc28aa504d95', NULL, 'starter', 'test', NULL, '2025-02-08 21:55:15.237', '52b1a724-e624-11ef-88f5-cc28aa504d95', NULL, NULL, NULL, NULL);
INSERT INTO `ACT_HI_IDENTITYLINK` VALUES ('52b3f11d-e624-11ef-88f5-cc28aa504d95', NULL, 'assignee', '3', '52b3a2fc-e624-11ef-88f5-cc28aa504d95', '2025-02-08 21:55:15.251', NULL, NULL, NULL, NULL, NULL);
INSERT INTO `ACT_HI_IDENTITYLINK` VALUES ('52b3f11e-e624-11ef-88f5-cc28aa504d95', NULL, 'participant', '3', NULL, '2025-02-08 21:55:15.251', '52b1a724-e624-11ef-88f5-cc28aa504d95', NULL, NULL, NULL, NULL);
INSERT INTO `ACT_HI_IDENTITYLINK` VALUES ('549544c6-e62d-11ef-9fbd-cc28aa504d95', NULL, 'starter', 'test', NULL, '2025-02-08 22:59:43.876', '549544c5-e62d-11ef-9fbd-cc28aa504d95', NULL, NULL, NULL, NULL);
INSERT INTO `ACT_HI_IDENTITYLINK` VALUES ('549767ae-e62d-11ef-9fbd-cc28aa504d95', NULL, 'assignee', '3', '5497409d-e62d-11ef-9fbd-cc28aa504d95', '2025-02-08 22:59:43.890', NULL, NULL, NULL, NULL, NULL);
INSERT INTO `ACT_HI_IDENTITYLINK` VALUES ('549767af-e62d-11ef-9fbd-cc28aa504d95', NULL, 'participant', '3', NULL, '2025-02-08 22:59:43.890', '549544c5-e62d-11ef-9fbd-cc28aa504d95', NULL, NULL, NULL, NULL);
INSERT INTO `ACT_HI_IDENTITYLINK` VALUES ('57ad1188-e88c-11ef-9400-cc28aa504d95', NULL, 'starter', 'test', NULL, '2025-02-11 23:24:53.581', '57ad1187-e88c-11ef-9400-cc28aa504d95', NULL, NULL, NULL, NULL);
INSERT INTO `ACT_HI_IDENTITYLINK` VALUES ('57ad38a0-e88c-11ef-9400-cc28aa504d95', NULL, 'assignee', '3', '57ad389f-e88c-11ef-9400-cc28aa504d95', '2025-02-11 23:24:53.581', NULL, NULL, NULL, NULL, NULL);
INSERT INTO `ACT_HI_IDENTITYLINK` VALUES ('57ad38a1-e88c-11ef-9400-cc28aa504d95', NULL, 'participant', '3', NULL, '2025-02-11 23:24:53.581', '57ad1187-e88c-11ef-9400-cc28aa504d95', NULL, NULL, NULL, NULL);
INSERT INTO `ACT_HI_IDENTITYLINK` VALUES ('5a220c77-e890-11ef-b567-cc28aa504d95', NULL, 'participant', 'user1', NULL, '2025-02-11 23:53:35.689', '57ad1187-e88c-11ef-9400-cc28aa504d95', NULL, NULL, NULL, NULL);
INSERT INTO `ACT_HI_IDENTITYLINK` VALUES ('5a2281ab-e890-11ef-b567-cc28aa504d95', NULL, 'assignee', '1', '5a2281aa-e890-11ef-b567-cc28aa504d95', '2025-02-11 23:53:35.692', NULL, NULL, NULL, NULL, NULL);
INSERT INTO `ACT_HI_IDENTITYLINK` VALUES ('5a2281ac-e890-11ef-b567-cc28aa504d95', NULL, 'participant', '1', NULL, '2025-02-11 23:53:35.692', '57ad1187-e88c-11ef-9400-cc28aa504d95', NULL, NULL, NULL, NULL);
INSERT INTO `ACT_HI_IDENTITYLINK` VALUES ('634ca2d3-e871-11ef-9e03-cc28aa504d95', NULL, 'participant', 'test', NULL, '2025-02-11 20:11:56.669', 'd578b9f2-e86e-11ef-9e03-cc28aa504d95', NULL, NULL, NULL, NULL);
INSERT INTO `ACT_HI_IDENTITYLINK` VALUES ('634d8d37-e871-11ef-9e03-cc28aa504d95', NULL, 'assignee', '2', '634d6626-e871-11ef-9e03-cc28aa504d95', '2025-02-11 20:11:56.675', NULL, NULL, NULL, NULL, NULL);
INSERT INTO `ACT_HI_IDENTITYLINK` VALUES ('634d8d38-e871-11ef-9e03-cc28aa504d95', NULL, 'participant', '2', NULL, '2025-02-11 20:11:56.676', 'd578b9f2-e86e-11ef-9e03-cc28aa504d95', NULL, NULL, NULL, NULL);
INSERT INTO `ACT_HI_IDENTITYLINK` VALUES ('6d178cde-e704-11ef-8c34-cc28aa504d95', NULL, 'starter', 'test', NULL, '2025-02-10 00:39:26.792', '6d1765cd-e704-11ef-8c34-cc28aa504d95', NULL, NULL, NULL, NULL);
INSERT INTO `ACT_HI_IDENTITYLINK` VALUES ('6d1988b6-e704-11ef-8c34-cc28aa504d95', NULL, 'assignee', '3', '6d1961a5-e704-11ef-8c34-cc28aa504d95', '2025-02-10 00:39:26.805', NULL, NULL, NULL, NULL, NULL);
INSERT INTO `ACT_HI_IDENTITYLINK` VALUES ('6d1988b7-e704-11ef-8c34-cc28aa504d95', NULL, 'participant', '3', NULL, '2025-02-10 00:39:26.805', '6d1765cd-e704-11ef-8c34-cc28aa504d95', NULL, NULL, NULL, NULL);
INSERT INTO `ACT_HI_IDENTITYLINK` VALUES ('75a1b0c0-e708-11ef-8c34-cc28aa504d95', NULL, 'starter', 'test', NULL, '2025-02-10 01:08:19.106', '75a1b0bf-e708-11ef-8c34-cc28aa504d95', NULL, NULL, NULL, NULL);
INSERT INTO `ACT_HI_IDENTITYLINK` VALUES ('75a1b0c8-e708-11ef-8c34-cc28aa504d95', NULL, 'assignee', '3', '75a1b0c7-e708-11ef-8c34-cc28aa504d95', '2025-02-10 01:08:19.106', NULL, NULL, NULL, NULL, NULL);
INSERT INTO `ACT_HI_IDENTITYLINK` VALUES ('75a1d7d9-e708-11ef-8c34-cc28aa504d95', NULL, 'participant', '3', NULL, '2025-02-10 01:08:19.107', '75a1b0bf-e708-11ef-8c34-cc28aa504d95', NULL, NULL, NULL, NULL);
INSERT INTO `ACT_HI_IDENTITYLINK` VALUES ('7caa74d2-e62c-11ef-9a09-cc28aa504d95', NULL, 'starter', 'test', NULL, '2025-02-08 22:53:41.627', '7caa4dc1-e62c-11ef-9a09-cc28aa504d95', NULL, NULL, NULL, NULL);
INSERT INTO `ACT_HI_IDENTITYLINK` VALUES ('7cac97ba-e62c-11ef-9a09-cc28aa504d95', NULL, 'assignee', '3', '7cac70a9-e62c-11ef-9a09-cc28aa504d95', '2025-02-08 22:53:41.641', NULL, NULL, NULL, NULL, NULL);
INSERT INTO `ACT_HI_IDENTITYLINK` VALUES ('7cac97bb-e62c-11ef-9a09-cc28aa504d95', NULL, 'participant', '3', NULL, '2025-02-08 22:53:41.641', '7caa4dc1-e62c-11ef-9a09-cc28aa504d95', NULL, NULL, NULL, NULL);
INSERT INTO `ACT_HI_IDENTITYLINK` VALUES ('87b78a9b-e61c-11ef-ac58-cc28aa504d95', NULL, 'starter', 'test', NULL, '2025-02-08 20:59:28.220', '87b7638a-e61c-11ef-ac58-cc28aa504d95', NULL, NULL, NULL, NULL);
INSERT INTO `ACT_HI_IDENTITYLINK` VALUES ('87b9ad83-e61c-11ef-ac58-cc28aa504d95', NULL, 'assignee', '3', '87b95f62-e61c-11ef-ac58-cc28aa504d95', '2025-02-08 20:59:28.234', NULL, NULL, NULL, NULL, NULL);
INSERT INTO `ACT_HI_IDENTITYLINK` VALUES ('87b9ad84-e61c-11ef-ac58-cc28aa504d95', NULL, 'participant', '3', NULL, '2025-02-08 20:59:28.234', '87b7638a-e61c-11ef-ac58-cc28aa504d95', NULL, NULL, NULL, NULL);
INSERT INTO `ACT_HI_IDENTITYLINK` VALUES ('8a66e18a-e6fc-11ef-9d7f-cc28aa504d95', NULL, 'starter', 'test', NULL, '2025-02-09 23:42:59.992', '8a66ba79-e6fc-11ef-9d7f-cc28aa504d95', NULL, NULL, NULL, NULL);
INSERT INTO `ACT_HI_IDENTITYLINK` VALUES ('8a692b82-e6fc-11ef-9d7f-cc28aa504d95', NULL, 'assignee', '3', '8a690471-e6fc-11ef-9d7f-cc28aa504d95', '2025-02-09 23:43:00.007', NULL, NULL, NULL, NULL, NULL);
INSERT INTO `ACT_HI_IDENTITYLINK` VALUES ('8a692b83-e6fc-11ef-9d7f-cc28aa504d95', NULL, 'participant', '3', NULL, '2025-02-09 23:43:00.007', '8a66ba79-e6fc-11ef-9d7f-cc28aa504d95', NULL, NULL, NULL, NULL);
INSERT INTO `ACT_HI_IDENTITYLINK` VALUES ('94007e77-e6f9-11ef-a5fe-cc28aa504d95', NULL, 'starter', 'test', NULL, '2025-02-09 23:21:47.608', '94007e76-e6f9-11ef-a5fe-cc28aa504d95', NULL, NULL, NULL, NULL);
INSERT INTO `ACT_HI_IDENTITYLINK` VALUES ('9402a061-e6f9-11ef-a5fe-cc28aa504d95', NULL, 'assignee', '3', '94027950-e6f9-11ef-a5fe-cc28aa504d95', '2025-02-09 23:21:47.622', NULL, NULL, NULL, NULL, NULL);
INSERT INTO `ACT_HI_IDENTITYLINK` VALUES ('9402a062-e6f9-11ef-a5fe-cc28aa504d95', NULL, 'participant', '3', NULL, '2025-02-09 23:21:47.622', '94007e76-e6f9-11ef-a5fe-cc28aa504d95', NULL, NULL, NULL, NULL);
INSERT INTO `ACT_HI_IDENTITYLINK` VALUES ('9ba6827f-e890-11ef-b567-cc28aa504d95', NULL, 'participant', 'admin', NULL, '2025-02-11 23:55:25.609', '57ad1187-e88c-11ef-9400-cc28aa504d95', NULL, NULL, NULL, NULL);
INSERT INTO `ACT_HI_IDENTITYLINK` VALUES ('a104e00c-e6f2-11ef-a872-cc28aa504d95', NULL, 'starter', 'test', NULL, '2025-02-09 22:32:02.971', 'a104e00b-e6f2-11ef-a872-cc28aa504d95', NULL, NULL, NULL, NULL);
INSERT INTO `ACT_HI_IDENTITYLINK` VALUES ('a1072a06-e6f2-11ef-a872-cc28aa504d95', NULL, 'assignee', '3', 'a106dbe5-e6f2-11ef-a872-cc28aa504d95', '2025-02-09 22:32:02.985', NULL, NULL, NULL, NULL, NULL);
INSERT INTO `ACT_HI_IDENTITYLINK` VALUES ('a1072a07-e6f2-11ef-a872-cc28aa504d95', NULL, 'participant', '3', NULL, '2025-02-09 22:32:02.985', 'a104e00b-e6f2-11ef-a872-cc28aa504d95', NULL, NULL, NULL, NULL);
INSERT INTO `ACT_HI_IDENTITYLINK` VALUES ('a41811c0-e708-11ef-8c34-cc28aa504d95', NULL, 'participant', 'test', NULL, '2025-02-10 01:09:37.057', '75a1b0bf-e708-11ef-8c34-cc28aa504d95', NULL, NULL, NULL, NULL);
INSERT INTO `ACT_HI_IDENTITYLINK` VALUES ('a418ae04-e708-11ef-8c34-cc28aa504d95', NULL, 'assignee', '2', 'a41886f3-e708-11ef-8c34-cc28aa504d95', '2025-02-10 01:09:37.061', NULL, NULL, NULL, NULL, NULL);
INSERT INTO `ACT_HI_IDENTITYLINK` VALUES ('a418ae05-e708-11ef-8c34-cc28aa504d95', NULL, 'participant', '2', NULL, '2025-02-10 01:09:37.061', '75a1b0bf-e708-11ef-8c34-cc28aa504d95', NULL, NULL, NULL, NULL);
INSERT INTO `ACT_HI_IDENTITYLINK` VALUES ('af81eeea-e707-11ef-8c34-cc28aa504d95', NULL, 'participant', 'user1', NULL, '2025-02-10 01:02:46.709', 'f472aa2e-e706-11ef-8c34-cc28aa504d95', NULL, NULL, NULL, NULL);
INSERT INTO `ACT_HI_IDENTITYLINK` VALUES ('af82b23e-e707-11ef-8c34-cc28aa504d95', NULL, 'assignee', '3', 'af828b2d-e707-11ef-8c34-cc28aa504d95', '2025-02-10 01:02:46.714', NULL, NULL, NULL, NULL, NULL);
INSERT INTO `ACT_HI_IDENTITYLINK` VALUES ('b0ae346a-e6f4-11ef-95d7-cc28aa504d95', NULL, 'starter', 'test', NULL, '2025-02-09 22:46:48.240', 'b0ae3469-e6f4-11ef-95d7-cc28aa504d95', NULL, NULL, NULL, NULL);
INSERT INTO `ACT_HI_IDENTITYLINK` VALUES ('b0b07e64-e6f4-11ef-95d7-cc28aa504d95', NULL, 'assignee', '3', 'b0b05753-e6f4-11ef-95d7-cc28aa504d95', '2025-02-09 22:46:48.254', NULL, NULL, NULL, NULL, NULL);
INSERT INTO `ACT_HI_IDENTITYLINK` VALUES ('b0b07e65-e6f4-11ef-95d7-cc28aa504d95', NULL, 'participant', '3', NULL, '2025-02-09 22:46:48.254', 'b0ae3469-e6f4-11ef-95d7-cc28aa504d95', NULL, NULL, NULL, NULL);
INSERT INTO `ACT_HI_IDENTITYLINK` VALUES ('b3177e2c-e6f2-11ef-a872-cc28aa504d95', NULL, 'participant', 'test', NULL, '2025-02-09 22:32:33.291', 'a104e00b-e6f2-11ef-a872-cc28aa504d95', NULL, NULL, NULL, NULL);
INSERT INTO `ACT_HI_IDENTITYLINK` VALUES ('b3186890-e6f2-11ef-a872-cc28aa504d95', NULL, 'assignee', 'default_leader_id', 'b318417f-e6f2-11ef-a872-cc28aa504d95', '2025-02-09 22:32:33.297', NULL, NULL, NULL, NULL, NULL);
INSERT INTO `ACT_HI_IDENTITYLINK` VALUES ('b3186891-e6f2-11ef-a872-cc28aa504d95', NULL, 'participant', 'default_leader_id', NULL, '2025-02-09 22:32:33.297', 'a104e00b-e6f2-11ef-a872-cc28aa504d95', NULL, NULL, NULL, NULL);
INSERT INTO `ACT_HI_IDENTITYLINK` VALUES ('be482861-e640-11ef-ad5d-cc28aa504d95', NULL, 'starter', 'test', NULL, '2025-02-09 01:18:41.647', 'be482860-e640-11ef-ad5d-cc28aa504d95', NULL, NULL, NULL, NULL);
INSERT INTO `ACT_HI_IDENTITYLINK` VALUES ('be4a4b49-e640-11ef-ad5d-cc28aa504d95', NULL, 'assignee', '3', 'be4a2438-e640-11ef-ad5d-cc28aa504d95', '2025-02-09 01:18:41.661', NULL, NULL, NULL, NULL, NULL);
INSERT INTO `ACT_HI_IDENTITYLINK` VALUES ('be4a4b4a-e640-11ef-ad5d-cc28aa504d95', NULL, 'participant', '3', NULL, '2025-02-09 01:18:41.661', 'be482860-e640-11ef-ad5d-cc28aa504d95', NULL, NULL, NULL, NULL);
INSERT INTO `ACT_HI_IDENTITYLINK` VALUES ('c1fea41b-e708-11ef-8c34-cc28aa504d95', NULL, 'participant', 'user1', NULL, '2025-02-10 01:10:27.222', '75a1b0bf-e708-11ef-8c34-cc28aa504d95', NULL, NULL, NULL, NULL);
INSERT INTO `ACT_HI_IDENTITYLINK` VALUES ('c1ff405f-e708-11ef-8c34-cc28aa504d95', NULL, 'assignee', '1', 'c1ff194e-e708-11ef-8c34-cc28aa504d95', '2025-02-10 01:10:27.226', NULL, NULL, NULL, NULL, NULL);
INSERT INTO `ACT_HI_IDENTITYLINK` VALUES ('c1ff4060-e708-11ef-8c34-cc28aa504d95', NULL, 'participant', '1', NULL, '2025-02-10 01:10:27.226', '75a1b0bf-e708-11ef-8c34-cc28aa504d95', NULL, NULL, NULL, NULL);
INSERT INTO `ACT_HI_IDENTITYLINK` VALUES ('d578b9f3-e86e-11ef-9e03-cc28aa504d95', NULL, 'starter', 'test', NULL, '2025-02-11 19:53:39.728', 'd578b9f2-e86e-11ef-9e03-cc28aa504d95', NULL, NULL, NULL, NULL);
INSERT INTO `ACT_HI_IDENTITYLINK` VALUES ('d57b03eb-e86e-11ef-9e03-cc28aa504d95', NULL, 'assignee', '3', 'd57ab5ca-e86e-11ef-9e03-cc28aa504d95', '2025-02-11 19:53:39.743', NULL, NULL, NULL, NULL, NULL);
INSERT INTO `ACT_HI_IDENTITYLINK` VALUES ('d57b03ec-e86e-11ef-9e03-cc28aa504d95', NULL, 'participant', '3', NULL, '2025-02-11 19:53:39.743', 'd578b9f2-e86e-11ef-9e03-cc28aa504d95', NULL, NULL, NULL, NULL);
INSERT INTO `ACT_HI_IDENTITYLINK` VALUES ('e09b8b37-e6f9-11ef-a5fe-cc28aa504d95', NULL, 'participant', 'test', NULL, '2025-02-09 23:23:56.131', '94007e76-e6f9-11ef-a5fe-cc28aa504d95', NULL, NULL, NULL, NULL);
INSERT INTO `ACT_HI_IDENTITYLINK` VALUES ('e09c759b-e6f9-11ef-a5fe-cc28aa504d95', NULL, 'assignee', 'default_leader_id', 'e09c4e8a-e6f9-11ef-a5fe-cc28aa504d95', '2025-02-09 23:23:56.137', NULL, NULL, NULL, NULL, NULL);
INSERT INTO `ACT_HI_IDENTITYLINK` VALUES ('e09c759c-e6f9-11ef-a5fe-cc28aa504d95', NULL, 'participant', 'default_leader_id', NULL, '2025-02-09 23:23:56.137', '94007e76-e6f9-11ef-a5fe-cc28aa504d95', NULL, NULL, NULL, NULL);
INSERT INTO `ACT_HI_IDENTITYLINK` VALUES ('e52596d1-e6f0-11ef-acc6-cc28aa504d95', NULL, 'participant', 'test', NULL, '2025-02-09 22:19:38.276', '3e6e9a70-e6f0-11ef-acc6-cc28aa504d95', NULL, NULL, NULL, NULL);
INSERT INTO `ACT_HI_IDENTITYLINK` VALUES ('e5268135-e6f0-11ef-acc6-cc28aa504d95', NULL, 'assignee', 'default_leader_id', 'e5265a24-e6f0-11ef-acc6-cc28aa504d95', '2025-02-09 22:19:38.282', NULL, NULL, NULL, NULL, NULL);
INSERT INTO `ACT_HI_IDENTITYLINK` VALUES ('e5268136-e6f0-11ef-acc6-cc28aa504d95', NULL, 'participant', 'default_leader_id', NULL, '2025-02-09 22:19:38.282', '3e6e9a70-e6f0-11ef-acc6-cc28aa504d95', NULL, NULL, NULL, NULL);
INSERT INTO `ACT_HI_IDENTITYLINK` VALUES ('e9bb60a3-e6f2-11ef-a872-cc28aa504d95', NULL, 'starter', 'test', NULL, '2025-02-09 22:34:04.962', 'e9bb60a2-e6f2-11ef-a872-cc28aa504d95', NULL, NULL, NULL, NULL);
INSERT INTO `ACT_HI_IDENTITYLINK` VALUES ('e9bb60ad-e6f2-11ef-a872-cc28aa504d95', NULL, 'assignee', '3', 'e9bb60ac-e6f2-11ef-a872-cc28aa504d95', '2025-02-09 22:34:04.962', NULL, NULL, NULL, NULL, NULL);
INSERT INTO `ACT_HI_IDENTITYLINK` VALUES ('e9bb60ae-e6f2-11ef-a872-cc28aa504d95', NULL, 'participant', '3', NULL, '2025-02-09 22:34:04.962', 'e9bb60a2-e6f2-11ef-a872-cc28aa504d95', NULL, NULL, NULL, NULL);
INSERT INTO `ACT_HI_IDENTITYLINK` VALUES ('ecbecaba-e6f4-11ef-95d7-cc28aa504d95', NULL, 'participant', 'test', NULL, '2025-02-09 22:48:29.011', 'b0ae3469-e6f4-11ef-95d7-cc28aa504d95', NULL, NULL, NULL, NULL);
INSERT INTO `ACT_HI_IDENTITYLINK` VALUES ('ecc7f27e-e6f4-11ef-95d7-cc28aa504d95', NULL, 'assignee', 'default_leader_id', 'ecc5f6ad-e6f4-11ef-95d7-cc28aa504d95', '2025-02-09 22:48:29.070', NULL, NULL, NULL, NULL, NULL);
INSERT INTO `ACT_HI_IDENTITYLINK` VALUES ('ecc7f27f-e6f4-11ef-95d7-cc28aa504d95', NULL, 'participant', 'default_leader_id', NULL, '2025-02-09 22:48:29.071', 'b0ae3469-e6f4-11ef-95d7-cc28aa504d95', NULL, NULL, NULL, NULL);
INSERT INTO `ACT_HI_IDENTITYLINK` VALUES ('f472aa2f-e706-11ef-8c34-cc28aa504d95', NULL, 'starter', 'test', NULL, '2025-02-10 00:57:32.875', 'f472aa2e-e706-11ef-8c34-cc28aa504d95', NULL, NULL, NULL, NULL);
INSERT INTO `ACT_HI_IDENTITYLINK` VALUES ('f472aa37-e706-11ef-8c34-cc28aa504d95', NULL, 'assignee', '3', 'f472aa36-e706-11ef-8c34-cc28aa504d95', '2025-02-10 00:57:32.875', NULL, NULL, NULL, NULL, NULL);
INSERT INTO `ACT_HI_IDENTITYLINK` VALUES ('f472aa38-e706-11ef-8c34-cc28aa504d95', NULL, 'participant', '3', NULL, '2025-02-10 00:57:32.875', 'f472aa2e-e706-11ef-8c34-cc28aa504d95', NULL, NULL, NULL, NULL);
INSERT INTO `ACT_HI_IDENTITYLINK` VALUES ('f4a9355e-e704-11ef-8c34-cc28aa504d95', NULL, 'participant', 'test', NULL, '2025-02-10 00:43:14.239', '6d1765cd-e704-11ef-8c34-cc28aa504d95', NULL, NULL, NULL, NULL);
INSERT INTO `ACT_HI_IDENTITYLINK` VALUES ('f4aa1fc2-e704-11ef-8c34-cc28aa504d95', NULL, 'assignee', '2', 'f4a9d1a1-e704-11ef-8c34-cc28aa504d95', '2025-02-10 00:43:14.245', NULL, NULL, NULL, NULL, NULL);
INSERT INTO `ACT_HI_IDENTITYLINK` VALUES ('f4aa1fc3-e704-11ef-8c34-cc28aa504d95', NULL, 'participant', '2', NULL, '2025-02-10 00:43:14.245', '6d1765cd-e704-11ef-8c34-cc28aa504d95', NULL, NULL, NULL, NULL);
INSERT INTO `ACT_HI_IDENTITYLINK` VALUES ('f76e0003-e6f2-11ef-a872-cc28aa504d95', NULL, 'participant', 'test', NULL, '2025-02-09 22:34:27.943', 'e9bb60a2-e6f2-11ef-a872-cc28aa504d95', NULL, NULL, NULL, NULL);
INSERT INTO `ACT_HI_IDENTITYLINK` VALUES ('f776d9a7-e6f2-11ef-a872-cc28aa504d95', NULL, 'assignee', 'default_leader_id', 'f77504e6-e6f2-11ef-a872-cc28aa504d95', '2025-02-09 22:34:28.001', NULL, NULL, NULL, NULL, NULL);
INSERT INTO `ACT_HI_IDENTITYLINK` VALUES ('f776d9a8-e6f2-11ef-a872-cc28aa504d95', NULL, 'participant', 'default_leader_id', NULL, '2025-02-09 22:34:28.001', 'e9bb60a2-e6f2-11ef-a872-cc28aa504d95', NULL, NULL, NULL, NULL);

-- ----------------------------
-- Table structure for ACT_HI_PROCINST
-- ----------------------------
DROP TABLE IF EXISTS `ACT_HI_PROCINST`;
CREATE TABLE `ACT_HI_PROCINST`  (
  `ID_` varchar(64) CHARACTER SET utf8mb3 COLLATE utf8mb3_bin NOT NULL,
  `REV_` int NULL DEFAULT 1,
  `PROC_INST_ID_` varchar(64) CHARACTER SET utf8mb3 COLLATE utf8mb3_bin NOT NULL,
  `BUSINESS_KEY_` varchar(255) CHARACTER SET utf8mb3 COLLATE utf8mb3_bin NULL DEFAULT NULL,
  `PROC_DEF_ID_` varchar(64) CHARACTER SET utf8mb3 COLLATE utf8mb3_bin NOT NULL,
  `START_TIME_` datetime(3) NOT NULL,
  `END_TIME_` datetime(3) NULL DEFAULT NULL,
  `DURATION_` bigint NULL DEFAULT NULL,
  `START_USER_ID_` varchar(255) CHARACTER SET utf8mb3 COLLATE utf8mb3_bin NULL DEFAULT NULL,
  `START_ACT_ID_` varchar(255) CHARACTER SET utf8mb3 COLLATE utf8mb3_bin NULL DEFAULT NULL,
  `END_ACT_ID_` varchar(255) CHARACTER SET utf8mb3 COLLATE utf8mb3_bin NULL DEFAULT NULL,
  `SUPER_PROCESS_INSTANCE_ID_` varchar(64) CHARACTER SET utf8mb3 COLLATE utf8mb3_bin NULL DEFAULT NULL,
  `DELETE_REASON_` varchar(4000) CHARACTER SET utf8mb3 COLLATE utf8mb3_bin NULL DEFAULT NULL,
  `TENANT_ID_` varchar(255) CHARACTER SET utf8mb3 COLLATE utf8mb3_bin NULL DEFAULT '',
  `NAME_` varchar(255) CHARACTER SET utf8mb3 COLLATE utf8mb3_bin NULL DEFAULT NULL,
  `CALLBACK_ID_` varchar(255) CHARACTER SET utf8mb3 COLLATE utf8mb3_bin NULL DEFAULT NULL,
  `CALLBACK_TYPE_` varchar(255) CHARACTER SET utf8mb3 COLLATE utf8mb3_bin NULL DEFAULT NULL,
  `REFERENCE_ID_` varchar(255) CHARACTER SET utf8mb3 COLLATE utf8mb3_bin NULL DEFAULT NULL,
  `REFERENCE_TYPE_` varchar(255) CHARACTER SET utf8mb3 COLLATE utf8mb3_bin NULL DEFAULT NULL,
  `PROPAGATED_STAGE_INST_ID_` varchar(255) CHARACTER SET utf8mb3 COLLATE utf8mb3_bin NULL DEFAULT NULL,
  `BUSINESS_STATUS_` varchar(255) CHARACTER SET utf8mb3 COLLATE utf8mb3_bin NULL DEFAULT NULL,
  PRIMARY KEY (`ID_`) USING BTREE,
  UNIQUE INDEX `PROC_INST_ID_`(`PROC_INST_ID_` ASC) USING BTREE,
  INDEX `ACT_IDX_HI_PRO_INST_END`(`END_TIME_` ASC) USING BTREE,
  INDEX `ACT_IDX_HI_PRO_I_BUSKEY`(`BUSINESS_KEY_` ASC) USING BTREE,
  INDEX `ACT_IDX_HI_PRO_SUPER_PROCINST`(`SUPER_PROCESS_INSTANCE_ID_` ASC) USING BTREE
) ENGINE = InnoDB CHARACTER SET = utf8mb3 COLLATE = utf8mb3_bin ROW_FORMAT = Dynamic;

-- ----------------------------
-- Records of ACT_HI_PROCINST
-- ----------------------------
INSERT INTO `ACT_HI_PROCINST` VALUES ('18d92ec5-e887-11ef-a646-cc28aa504d95', 1, '18d92ec5-e887-11ef-a646-cc28aa504d95', 'ASSET_20230607', 'assetCall:12:44abb554-e886-11ef-a646-cc28aa504d95', '2025-02-11 22:47:20.689', NULL, NULL, 'test', 'startEvent1', NULL, NULL, NULL, '', NULL, NULL, NULL, NULL, NULL, NULL, NULL);
INSERT INTO `ACT_HI_PROCINST` VALUES ('332a2c50-e889-11ef-9400-cc28aa504d95', 1, '332a2c50-e889-11ef-9400-cc28aa504d95', 'ASSET_20230607', 'assetCall:14:259722ef-e889-11ef-9400-cc28aa504d95', '2025-02-11 23:02:23.834', NULL, NULL, 'test', 'startEvent1', NULL, NULL, NULL, '', NULL, NULL, NULL, NULL, NULL, NULL, NULL);
INSERT INTO `ACT_HI_PROCINST` VALUES ('3c015a41-e623-11ef-a57b-cc28aa504d95', 1, '3c015a41-e623-11ef-a57b-cc28aa504d95', 'ASSET_202307004', 'assetCall:3:cff8a510-e622-11ef-a57b-cc28aa504d95', '2025-02-08 21:47:27.674', NULL, NULL, 'test', 'startEvent1', NULL, NULL, NULL, '', NULL, NULL, NULL, NULL, NULL, NULL, NULL);
INSERT INTO `ACT_HI_PROCINST` VALUES ('3e6e9a70-e6f0-11ef-acc6-cc28aa504d95', 1, '3e6e9a70-e6f0-11ef-acc6-cc28aa504d95', 'ASSET_202307006', 'assetCall:7:0fdd376f-e6f0-11ef-acc6-cc28aa504d95', '2025-02-09 22:14:58.575', NULL, NULL, 'test', 'startEvent1', NULL, NULL, NULL, '', NULL, NULL, NULL, NULL, NULL, NULL, NULL);
INSERT INTO `ACT_HI_PROCINST` VALUES ('52b1a724-e624-11ef-88f5-cc28aa504d95', 1, '52b1a724-e624-11ef-88f5-cc28aa504d95', 'ASSET_202307004', 'assetCall:3:cff8a510-e622-11ef-a57b-cc28aa504d95', '2025-02-08 21:55:15.236', NULL, NULL, 'test', 'startEvent1', NULL, NULL, NULL, '', NULL, NULL, NULL, NULL, NULL, NULL, NULL);
INSERT INTO `ACT_HI_PROCINST` VALUES ('549544c5-e62d-11ef-9fbd-cc28aa504d95', 1, '549544c5-e62d-11ef-9fbd-cc28aa504d95', 'ASSET_202307004', 'assetCall:3:cff8a510-e622-11ef-a57b-cc28aa504d95', '2025-02-08 22:59:43.876', NULL, NULL, 'test', 'startEvent1', NULL, NULL, NULL, '', NULL, NULL, NULL, NULL, NULL, NULL, NULL);
INSERT INTO `ACT_HI_PROCINST` VALUES ('57ad1187-e88c-11ef-9400-cc28aa504d95', 2, '57ad1187-e88c-11ef-9400-cc28aa504d95', 'ASSET_20230611', 'assetCall:15:42561de6-e88c-11ef-9400-cc28aa504d95', '2025-02-11 23:24:53.580', '2025-02-11 23:55:25.740', 1832160, 'test', 'startEvent1', 'sid-C30768FC-431E-428B-8499-F5842D5D735A', NULL, NULL, '', NULL, NULL, NULL, NULL, NULL, NULL, NULL);
INSERT INTO `ACT_HI_PROCINST` VALUES ('6d1765cd-e704-11ef-8c34-cc28aa504d95', 1, '6d1765cd-e704-11ef-8c34-cc28aa504d95', 'ASSET_20230603', 'assetCall:9:615f36ec-e704-11ef-8c34-cc28aa504d95', '2025-02-10 00:39:26.791', NULL, NULL, 'test', 'startEvent1', NULL, NULL, NULL, '', NULL, NULL, NULL, NULL, NULL, NULL, NULL);
INSERT INTO `ACT_HI_PROCINST` VALUES ('75a1b0bf-e708-11ef-8c34-cc28aa504d95', 1, '75a1b0bf-e708-11ef-8c34-cc28aa504d95', 'ASSET_20230605', 'assetCall:9:615f36ec-e704-11ef-8c34-cc28aa504d95', '2025-02-10 01:08:19.106', NULL, NULL, 'test', 'startEvent1', NULL, NULL, NULL, '', NULL, NULL, NULL, NULL, NULL, NULL, NULL);
INSERT INTO `ACT_HI_PROCINST` VALUES ('7caa4dc1-e62c-11ef-9a09-cc28aa504d95', 1, '7caa4dc1-e62c-11ef-9a09-cc28aa504d95', 'ASSET_202307004', 'assetCall:3:cff8a510-e622-11ef-a57b-cc28aa504d95', '2025-02-08 22:53:41.626', NULL, NULL, 'test', 'startEvent1', NULL, NULL, NULL, '', NULL, NULL, NULL, NULL, NULL, NULL, NULL);
INSERT INTO `ACT_HI_PROCINST` VALUES ('87b7638a-e61c-11ef-ac58-cc28aa504d95', 1, '87b7638a-e61c-11ef-ac58-cc28aa504d95', 'ASSET_202307003', 'assetCall:1:0e29d5c9-e61c-11ef-ac58-cc28aa504d95', '2025-02-08 20:59:28.219', NULL, NULL, 'test', 'startEvent1', NULL, NULL, NULL, '', NULL, NULL, NULL, NULL, NULL, NULL, NULL);
INSERT INTO `ACT_HI_PROCINST` VALUES ('8a66ba79-e6fc-11ef-9d7f-cc28aa504d95', 1, '8a66ba79-e6fc-11ef-9d7f-cc28aa504d95', 'ASSET_20230602', 'assetCall:8:0f0bbfb8-e6fc-11ef-9d7f-cc28aa504d95', '2025-02-09 23:42:59.991', NULL, NULL, 'test', 'startEvent1', NULL, NULL, NULL, '', NULL, NULL, NULL, NULL, NULL, NULL, NULL);
INSERT INTO `ACT_HI_PROCINST` VALUES ('94007e76-e6f9-11ef-a5fe-cc28aa504d95', 1, '94007e76-e6f9-11ef-a5fe-cc28aa504d95', 'ASSET_20230601', 'assetCall:7:0fdd376f-e6f0-11ef-acc6-cc28aa504d95', '2025-02-09 23:21:47.608', NULL, NULL, 'test', 'startEvent1', NULL, NULL, NULL, '', NULL, NULL, NULL, NULL, NULL, NULL, NULL);
INSERT INTO `ACT_HI_PROCINST` VALUES ('a104e00b-e6f2-11ef-a872-cc28aa504d95', 1, 'a104e00b-e6f2-11ef-a872-cc28aa504d95', 'ASSET_202307007', 'assetCall:7:0fdd376f-e6f0-11ef-acc6-cc28aa504d95', '2025-02-09 22:32:02.970', NULL, NULL, 'test', 'startEvent1', NULL, NULL, NULL, '', NULL, NULL, NULL, NULL, NULL, NULL, NULL);
INSERT INTO `ACT_HI_PROCINST` VALUES ('b0ae3469-e6f4-11ef-95d7-cc28aa504d95', 1, 'b0ae3469-e6f4-11ef-95d7-cc28aa504d95', 'ASSET_202307009', 'assetCall:7:0fdd376f-e6f0-11ef-acc6-cc28aa504d95', '2025-02-09 22:46:48.239', NULL, NULL, 'test', 'startEvent1', NULL, NULL, NULL, '', NULL, NULL, NULL, NULL, NULL, NULL, NULL);
INSERT INTO `ACT_HI_PROCINST` VALUES ('be482860-e640-11ef-ad5d-cc28aa504d95', 1, 'be482860-e640-11ef-ad5d-cc28aa504d95', 'ASSET_202307005', 'assetCall:4:cdf0dd29-e63e-11ef-8eea-cc28aa504d95', '2025-02-09 01:18:41.647', NULL, NULL, 'test', 'startEvent1', NULL, NULL, NULL, '', NULL, NULL, NULL, NULL, NULL, NULL, NULL);
INSERT INTO `ACT_HI_PROCINST` VALUES ('d578b9f2-e86e-11ef-9e03-cc28aa504d95', 1, 'd578b9f2-e86e-11ef-9e03-cc28aa504d95', 'ASSET_20230606', 'assetCall:10:03e82224-e7bb-11ef-8aa3-cc28aa504d95', '2025-02-11 19:53:39.728', NULL, NULL, 'test', 'startEvent1', NULL, NULL, NULL, '', NULL, NULL, NULL, NULL, NULL, NULL, NULL);
INSERT INTO `ACT_HI_PROCINST` VALUES ('e9bb60a2-e6f2-11ef-a872-cc28aa504d95', 1, 'e9bb60a2-e6f2-11ef-a872-cc28aa504d95', 'ASSET_202307008', 'assetCall:7:0fdd376f-e6f0-11ef-acc6-cc28aa504d95', '2025-02-09 22:34:04.962', NULL, NULL, 'test', 'startEvent1', NULL, NULL, NULL, '', NULL, NULL, NULL, NULL, NULL, NULL, NULL);
INSERT INTO `ACT_HI_PROCINST` VALUES ('f472aa2e-e706-11ef-8c34-cc28aa504d95', 1, 'f472aa2e-e706-11ef-8c34-cc28aa504d95', 'ASSET_20230604', 'assetCall:9:615f36ec-e704-11ef-8c34-cc28aa504d95', '2025-02-10 00:57:32.875', NULL, NULL, 'test', 'startEvent1', NULL, NULL, NULL, '', NULL, NULL, NULL, NULL, NULL, NULL, NULL);

-- ----------------------------
-- Table structure for ACT_HI_TASKINST
-- ----------------------------
DROP TABLE IF EXISTS `ACT_HI_TASKINST`;
CREATE TABLE `ACT_HI_TASKINST`  (
  `ID_` varchar(64) CHARACTER SET utf8mb3 COLLATE utf8mb3_bin NOT NULL,
  `REV_` int NULL DEFAULT 1,
  `PROC_DEF_ID_` varchar(64) CHARACTER SET utf8mb3 COLLATE utf8mb3_bin NULL DEFAULT NULL,
  `TASK_DEF_ID_` varchar(64) CHARACTER SET utf8mb3 COLLATE utf8mb3_bin NULL DEFAULT NULL,
  `TASK_DEF_KEY_` varchar(255) CHARACTER SET utf8mb3 COLLATE utf8mb3_bin NULL DEFAULT NULL,
  `PROC_INST_ID_` varchar(64) CHARACTER SET utf8mb3 COLLATE utf8mb3_bin NULL DEFAULT NULL,
  `EXECUTION_ID_` varchar(64) CHARACTER SET utf8mb3 COLLATE utf8mb3_bin NULL DEFAULT NULL,
  `SCOPE_ID_` varchar(255) CHARACTER SET utf8mb3 COLLATE utf8mb3_bin NULL DEFAULT NULL,
  `SUB_SCOPE_ID_` varchar(255) CHARACTER SET utf8mb3 COLLATE utf8mb3_bin NULL DEFAULT NULL,
  `SCOPE_TYPE_` varchar(255) CHARACTER SET utf8mb3 COLLATE utf8mb3_bin NULL DEFAULT NULL,
  `SCOPE_DEFINITION_ID_` varchar(255) CHARACTER SET utf8mb3 COLLATE utf8mb3_bin NULL DEFAULT NULL,
  `PROPAGATED_STAGE_INST_ID_` varchar(255) CHARACTER SET utf8mb3 COLLATE utf8mb3_bin NULL DEFAULT NULL,
  `STATE_` varchar(255) CHARACTER SET utf8mb3 COLLATE utf8mb3_bin NULL DEFAULT NULL,
  `NAME_` varchar(255) CHARACTER SET utf8mb3 COLLATE utf8mb3_bin NULL DEFAULT NULL,
  `PARENT_TASK_ID_` varchar(64) CHARACTER SET utf8mb3 COLLATE utf8mb3_bin NULL DEFAULT NULL,
  `DESCRIPTION_` varchar(4000) CHARACTER SET utf8mb3 COLLATE utf8mb3_bin NULL DEFAULT NULL,
  `OWNER_` varchar(255) CHARACTER SET utf8mb3 COLLATE utf8mb3_bin NULL DEFAULT NULL,
  `ASSIGNEE_` varchar(255) CHARACTER SET utf8mb3 COLLATE utf8mb3_bin NULL DEFAULT NULL,
  `START_TIME_` datetime(3) NOT NULL,
  `IN_PROGRESS_TIME_` datetime(3) NULL DEFAULT NULL,
  `IN_PROGRESS_STARTED_BY_` varchar(255) CHARACTER SET utf8mb3 COLLATE utf8mb3_bin NULL DEFAULT NULL,
  `CLAIM_TIME_` datetime(3) NULL DEFAULT NULL,
  `CLAIMED_BY_` varchar(255) CHARACTER SET utf8mb3 COLLATE utf8mb3_bin NULL DEFAULT NULL,
  `SUSPENDED_TIME_` datetime(3) NULL DEFAULT NULL,
  `SUSPENDED_BY_` varchar(255) CHARACTER SET utf8mb3 COLLATE utf8mb3_bin NULL DEFAULT NULL,
  `END_TIME_` datetime(3) NULL DEFAULT NULL,
  `COMPLETED_BY_` varchar(255) CHARACTER SET utf8mb3 COLLATE utf8mb3_bin NULL DEFAULT NULL,
  `DURATION_` bigint NULL DEFAULT NULL,
  `DELETE_REASON_` varchar(4000) CHARACTER SET utf8mb3 COLLATE utf8mb3_bin NULL DEFAULT NULL,
  `PRIORITY_` int NULL DEFAULT NULL,
  `IN_PROGRESS_DUE_DATE_` datetime(3) NULL DEFAULT NULL,
  `DUE_DATE_` datetime(3) NULL DEFAULT NULL,
  `FORM_KEY_` varchar(255) CHARACTER SET utf8mb3 COLLATE utf8mb3_bin NULL DEFAULT NULL,
  `CATEGORY_` varchar(255) CHARACTER SET utf8mb3 COLLATE utf8mb3_bin NULL DEFAULT NULL,
  `TENANT_ID_` varchar(255) CHARACTER SET utf8mb3 COLLATE utf8mb3_bin NULL DEFAULT '',
  `LAST_UPDATED_TIME_` datetime(3) NULL DEFAULT NULL,
  PRIMARY KEY (`ID_`) USING BTREE,
  INDEX `ACT_IDX_HI_TASK_SCOPE`(`SCOPE_ID_` ASC, `SCOPE_TYPE_` ASC) USING BTREE,
  INDEX `ACT_IDX_HI_TASK_SUB_SCOPE`(`SUB_SCOPE_ID_` ASC, `SCOPE_TYPE_` ASC) USING BTREE,
  INDEX `ACT_IDX_HI_TASK_SCOPE_DEF`(`SCOPE_DEFINITION_ID_` ASC, `SCOPE_TYPE_` ASC) USING BTREE,
  INDEX `ACT_IDX_HI_TASK_INST_PROCINST`(`PROC_INST_ID_` ASC) USING BTREE
) ENGINE = InnoDB CHARACTER SET = utf8mb3 COLLATE = utf8mb3_bin ROW_FORMAT = Dynamic;

-- ----------------------------
-- Records of ACT_HI_TASKINST
-- ----------------------------
INSERT INTO `ACT_HI_TASKINST` VALUES ('0c177adc-e706-11ef-8c34-cc28aa504d95', 1, 'assetCall:9:615f36ec-e704-11ef-8c34-cc28aa504d95', NULL, 'sid-D76C049C-53A8-44F0-8A1C-930D9D685132', '6d1765cd-e704-11ef-8c34-cc28aa504d95', '6d17b3f1-e704-11ef-8c34-cc28aa504d95', NULL, NULL, NULL, NULL, NULL, 'created', '', NULL, NULL, NULL, '3', '2025-02-10 00:51:03.046', NULL, NULL, NULL, NULL, NULL, NULL, NULL, NULL, NULL, NULL, 50, NULL, NULL, NULL, NULL, '', '2025-02-10 00:51:03.047');
INSERT INTO `ACT_HI_TASKINST` VALUES ('12149801-e872-11ef-9e03-cc28aa504d95', 1, 'assetCall:10:03e82224-e7bb-11ef-8aa3-cc28aa504d95', NULL, 'sid-D76C049C-53A8-44F0-8A1C-930D9D685132', 'd578b9f2-e86e-11ef-9e03-cc28aa504d95', 'd578e106-e86e-11ef-9e03-cc28aa504d95', NULL, NULL, NULL, NULL, NULL, 'created', '2', NULL, NULL, NULL, '1', '2025-02-11 20:16:49.903', NULL, NULL, NULL, NULL, NULL, NULL, NULL, NULL, NULL, NULL, 50, NULL, NULL, NULL, NULL, '', '2025-02-11 20:16:49.905');
INSERT INTO `ACT_HI_TASKINST` VALUES ('18de5eed-e887-11ef-a646-cc28aa504d95', 1, 'assetCall:12:44abb554-e886-11ef-a646-cc28aa504d95', NULL, 'sid-28F4649C-2790-4561-8A7F-9A81B0D74E8E', '18d92ec5-e887-11ef-a646-cc28aa504d95', '18d97ce9-e887-11ef-a646-cc28aa504d95', NULL, NULL, NULL, NULL, NULL, 'created', '', NULL, NULL, NULL, '3', '2025-02-11 22:47:20.693', NULL, NULL, NULL, NULL, NULL, NULL, NULL, NULL, NULL, NULL, 50, NULL, NULL, NULL, NULL, '', '2025-02-11 22:47:20.725');
INSERT INTO `ACT_HI_TASKINST` VALUES ('194b53ed-e70e-11ef-8c34-cc28aa504d95', 1, 'assetCall:9:615f36ec-e704-11ef-8c34-cc28aa504d95', NULL, 'sid-28F4649C-2790-4561-8A7F-9A81B0D74E8E', '75a1b0bf-e708-11ef-8c34-cc28aa504d95', '75a1b0c3-e708-11ef-8c34-cc28aa504d95', NULL, NULL, NULL, NULL, NULL, 'created', '', NULL, NULL, NULL, '3', '2025-02-10 01:48:41.170', NULL, NULL, NULL, NULL, NULL, NULL, NULL, NULL, NULL, NULL, 50, NULL, NULL, NULL, NULL, '', '2025-02-10 01:48:41.170');
INSERT INTO `ACT_HI_TASKINST` VALUES ('332c2828-e889-11ef-9400-cc28aa504d95', 1, 'assetCall:14:259722ef-e889-11ef-9400-cc28aa504d95', NULL, 'sid-28F4649C-2790-4561-8A7F-9A81B0D74E8E', '332a2c50-e889-11ef-9400-cc28aa504d95', '332a5364-e889-11ef-9400-cc28aa504d95', NULL, NULL, NULL, NULL, NULL, 'created', '', NULL, NULL, NULL, '3', '2025-02-11 23:02:23.838', NULL, NULL, NULL, NULL, NULL, NULL, NULL, NULL, NULL, NULL, 50, NULL, NULL, NULL, NULL, '', '2025-02-11 23:02:23.848');
INSERT INTO `ACT_HI_TASKINST` VALUES ('34e4f7b2-e890-11ef-b567-cc28aa504d95', 2, 'assetCall:15:42561de6-e88c-11ef-9400-cc28aa504d95', NULL, 'sid-E3F94567-6F1D-46DB-8B88-CC193B1E34C0', '57ad1187-e88c-11ef-9400-cc28aa504d95', '57ad389b-e88c-11ef-9400-cc28aa504d95', NULL, NULL, NULL, NULL, NULL, 'completed', '1', NULL, NULL, NULL, '2', '2025-02-11 23:52:33.204', NULL, NULL, NULL, NULL, NULL, NULL, '2025-02-11 23:53:35.689', NULL, 62485, NULL, 50, NULL, NULL, NULL, NULL, '', '2025-02-11 23:53:35.689');
INSERT INTO `ACT_HI_TASKINST` VALUES ('3bb99532-e707-11ef-8c34-cc28aa504d95', 2, 'assetCall:9:615f36ec-e704-11ef-8c34-cc28aa504d95', NULL, 'sid-E3F94567-6F1D-46DB-8B88-CC193B1E34C0', 'f472aa2e-e706-11ef-8c34-cc28aa504d95', 'f472aa32-e706-11ef-8c34-cc28aa504d95', NULL, NULL, NULL, NULL, NULL, 'completed', '', NULL, NULL, NULL, '2', '2025-02-10 00:59:32.458', NULL, NULL, NULL, NULL, NULL, NULL, '2025-02-10 01:02:46.710', NULL, 194252, NULL, 50, NULL, NULL, NULL, NULL, '', '2025-02-10 01:02:46.710');
INSERT INTO `ACT_HI_TASKINST` VALUES ('3c044079-e623-11ef-a57b-cc28aa504d95', 1, 'assetCall:3:cff8a510-e622-11ef-a57b-cc28aa504d95', NULL, 'sid-28F4649C-2790-4561-8A7F-9A81B0D74E8E', '3c015a41-e623-11ef-a57b-cc28aa504d95', '3c018155-e623-11ef-a57b-cc28aa504d95', NULL, NULL, NULL, NULL, NULL, 'created', '', NULL, NULL, NULL, '3', '2025-02-08 21:47:27.677', NULL, NULL, NULL, NULL, NULL, NULL, NULL, NULL, NULL, NULL, 50, NULL, NULL, NULL, NULL, '', '2025-02-08 21:47:27.694');
INSERT INTO `ACT_HI_TASKINST` VALUES ('3e70bd5a-e6f0-11ef-acc6-cc28aa504d95', 2, 'assetCall:7:0fdd376f-e6f0-11ef-acc6-cc28aa504d95', NULL, 'sid-28F4649C-2790-4561-8A7F-9A81B0D74E8E', '3e6e9a70-e6f0-11ef-acc6-cc28aa504d95', '3e6ee896-e6f0-11ef-acc6-cc28aa504d95', NULL, NULL, NULL, NULL, NULL, 'completed', '', NULL, NULL, NULL, '3', '2025-02-09 22:14:58.579', NULL, NULL, NULL, NULL, NULL, NULL, '2025-02-09 22:19:38.278', NULL, 279699, NULL, 50, NULL, NULL, NULL, NULL, '', '2025-02-09 22:19:38.278');
INSERT INTO `ACT_HI_TASKINST` VALUES ('52b3a2fc-e624-11ef-88f5-cc28aa504d95', 1, 'assetCall:3:cff8a510-e622-11ef-a57b-cc28aa504d95', NULL, 'sid-28F4649C-2790-4561-8A7F-9A81B0D74E8E', '52b1a724-e624-11ef-88f5-cc28aa504d95', '52b1f548-e624-11ef-88f5-cc28aa504d95', NULL, NULL, NULL, NULL, NULL, 'created', '', NULL, NULL, NULL, '3', '2025-02-08 21:55:15.240', NULL, NULL, NULL, NULL, NULL, NULL, NULL, NULL, NULL, NULL, 50, NULL, NULL, NULL, NULL, '', '2025-02-08 21:55:15.251');
INSERT INTO `ACT_HI_TASKINST` VALUES ('5497409d-e62d-11ef-9fbd-cc28aa504d95', 1, 'assetCall:3:cff8a510-e622-11ef-a57b-cc28aa504d95', NULL, 'sid-28F4649C-2790-4561-8A7F-9A81B0D74E8E', '549544c5-e62d-11ef-9fbd-cc28aa504d95', '54956bd9-e62d-11ef-9fbd-cc28aa504d95', NULL, NULL, NULL, NULL, NULL, 'created', '', NULL, NULL, NULL, '3', '2025-02-08 22:59:43.880', NULL, NULL, NULL, NULL, NULL, NULL, NULL, NULL, NULL, NULL, 50, NULL, NULL, NULL, NULL, '', '2025-02-08 22:59:43.890');
INSERT INTO `ACT_HI_TASKINST` VALUES ('57ad389f-e88c-11ef-9400-cc28aa504d95', 2, 'assetCall:15:42561de6-e88c-11ef-9400-cc28aa504d95', NULL, 'sid-28F4649C-2790-4561-8A7F-9A81B0D74E8E', '57ad1187-e88c-11ef-9400-cc28aa504d95', '57ad389b-e88c-11ef-9400-cc28aa504d95', NULL, NULL, NULL, NULL, NULL, 'completed', '', NULL, NULL, NULL, '3', '2025-02-11 23:24:53.581', NULL, NULL, NULL, NULL, NULL, NULL, '2025-02-11 23:52:33.198', NULL, 1659617, NULL, 50, NULL, NULL, NULL, NULL, '', '2025-02-11 23:52:33.198');
INSERT INTO `ACT_HI_TASKINST` VALUES ('5a2281aa-e890-11ef-b567-cc28aa504d95', 2, 'assetCall:15:42561de6-e88c-11ef-9400-cc28aa504d95', NULL, 'sid-D76C049C-53A8-44F0-8A1C-930D9D685132', '57ad1187-e88c-11ef-9400-cc28aa504d95', '57ad389b-e88c-11ef-9400-cc28aa504d95', NULL, NULL, NULL, NULL, NULL, 'completed', '2', NULL, NULL, NULL, '1', '2025-02-11 23:53:35.692', NULL, NULL, NULL, NULL, NULL, NULL, '2025-02-11 23:55:25.615', NULL, 109923, NULL, 50, NULL, NULL, NULL, NULL, '', '2025-02-11 23:55:25.615');
INSERT INTO `ACT_HI_TASKINST` VALUES ('634d6626-e871-11ef-9e03-cc28aa504d95', 2, 'assetCall:10:03e82224-e7bb-11ef-8aa3-cc28aa504d95', NULL, 'sid-E3F94567-6F1D-46DB-8B88-CC193B1E34C0', 'd578b9f2-e86e-11ef-9e03-cc28aa504d95', 'd578e106-e86e-11ef-9e03-cc28aa504d95', NULL, NULL, NULL, NULL, NULL, 'completed', '1', NULL, NULL, NULL, '2', '2025-02-11 20:11:56.674', NULL, NULL, NULL, NULL, NULL, NULL, '2025-02-11 20:16:49.901', NULL, 293227, NULL, 50, NULL, NULL, NULL, NULL, '', '2025-02-11 20:16:49.901');
INSERT INTO `ACT_HI_TASKINST` VALUES ('6d1961a5-e704-11ef-8c34-cc28aa504d95', 2, 'assetCall:9:615f36ec-e704-11ef-8c34-cc28aa504d95', NULL, 'sid-28F4649C-2790-4561-8A7F-9A81B0D74E8E', '6d1765cd-e704-11ef-8c34-cc28aa504d95', '6d17b3f1-e704-11ef-8c34-cc28aa504d95', NULL, NULL, NULL, NULL, NULL, 'completed', '', NULL, NULL, NULL, '3', '2025-02-10 00:39:26.796', NULL, NULL, NULL, NULL, NULL, NULL, '2025-02-10 00:43:14.240', NULL, 227444, NULL, 50, NULL, NULL, NULL, NULL, '', '2025-02-10 00:43:14.240');
INSERT INTO `ACT_HI_TASKINST` VALUES ('75a1b0c7-e708-11ef-8c34-cc28aa504d95', 2, 'assetCall:9:615f36ec-e704-11ef-8c34-cc28aa504d95', NULL, 'sid-28F4649C-2790-4561-8A7F-9A81B0D74E8E', '75a1b0bf-e708-11ef-8c34-cc28aa504d95', '75a1b0c3-e708-11ef-8c34-cc28aa504d95', NULL, NULL, NULL, NULL, NULL, 'completed', '', NULL, NULL, NULL, '3', '2025-02-10 01:08:19.106', NULL, NULL, NULL, NULL, NULL, NULL, '2025-02-10 01:09:37.058', NULL, 77952, NULL, 50, NULL, NULL, NULL, NULL, '', '2025-02-10 01:09:37.058');
INSERT INTO `ACT_HI_TASKINST` VALUES ('7cac70a9-e62c-11ef-9a09-cc28aa504d95', 1, 'assetCall:3:cff8a510-e622-11ef-a57b-cc28aa504d95', NULL, 'sid-28F4649C-2790-4561-8A7F-9A81B0D74E8E', '7caa4dc1-e62c-11ef-9a09-cc28aa504d95', '7caa9be5-e62c-11ef-9a09-cc28aa504d95', NULL, NULL, NULL, NULL, NULL, 'created', '', NULL, NULL, NULL, '3', '2025-02-08 22:53:41.630', NULL, NULL, NULL, NULL, NULL, NULL, NULL, NULL, NULL, NULL, 50, NULL, NULL, NULL, NULL, '', '2025-02-08 22:53:41.641');
INSERT INTO `ACT_HI_TASKINST` VALUES ('87b95f62-e61c-11ef-ac58-cc28aa504d95', 1, 'assetCall:1:0e29d5c9-e61c-11ef-ac58-cc28aa504d95', NULL, 'sid-28F4649C-2790-4561-8A7F-9A81B0D74E8E', '87b7638a-e61c-11ef-ac58-cc28aa504d95', '87b7b1ae-e61c-11ef-ac58-cc28aa504d95', NULL, NULL, NULL, NULL, NULL, 'created', '', NULL, NULL, NULL, '3', '2025-02-08 20:59:28.223', NULL, NULL, NULL, NULL, NULL, NULL, NULL, NULL, NULL, NULL, 50, NULL, NULL, NULL, NULL, '', '2025-02-08 20:59:28.234');
INSERT INTO `ACT_HI_TASKINST` VALUES ('8a690471-e6fc-11ef-9d7f-cc28aa504d95', 1, 'assetCall:8:0f0bbfb8-e6fc-11ef-9d7f-cc28aa504d95', NULL, 'sid-28F4649C-2790-4561-8A7F-9A81B0D74E8E', '8a66ba79-e6fc-11ef-9d7f-cc28aa504d95', '8a67089d-e6fc-11ef-9d7f-cc28aa504d95', NULL, NULL, NULL, NULL, NULL, 'created', '', NULL, NULL, NULL, '3', '2025-02-09 23:42:59.996', NULL, NULL, NULL, NULL, NULL, NULL, NULL, NULL, NULL, NULL, 50, NULL, NULL, NULL, NULL, '', '2025-02-09 23:43:00.007');
INSERT INTO `ACT_HI_TASKINST` VALUES ('94027950-e6f9-11ef-a5fe-cc28aa504d95', 2, 'assetCall:7:0fdd376f-e6f0-11ef-acc6-cc28aa504d95', NULL, 'sid-28F4649C-2790-4561-8A7F-9A81B0D74E8E', '94007e76-e6f9-11ef-a5fe-cc28aa504d95', '9400cc9c-e6f9-11ef-a5fe-cc28aa504d95', NULL, NULL, NULL, NULL, NULL, 'completed', '', NULL, NULL, NULL, '3', '2025-02-09 23:21:47.612', NULL, NULL, NULL, NULL, NULL, NULL, '2025-02-09 23:23:56.132', NULL, 128520, NULL, 50, NULL, NULL, NULL, NULL, '', '2025-02-09 23:23:56.132');
INSERT INTO `ACT_HI_TASKINST` VALUES ('a106dbe5-e6f2-11ef-a872-cc28aa504d95', 2, 'assetCall:7:0fdd376f-e6f0-11ef-acc6-cc28aa504d95', NULL, 'sid-28F4649C-2790-4561-8A7F-9A81B0D74E8E', 'a104e00b-e6f2-11ef-a872-cc28aa504d95', 'a1052e31-e6f2-11ef-a872-cc28aa504d95', NULL, NULL, NULL, NULL, NULL, 'completed', '', NULL, NULL, NULL, '3', '2025-02-09 22:32:02.974', NULL, NULL, NULL, NULL, NULL, NULL, '2025-02-09 22:32:33.292', NULL, 30318, NULL, 50, NULL, NULL, NULL, NULL, '', '2025-02-09 22:32:33.292');
INSERT INTO `ACT_HI_TASKINST` VALUES ('a41886f3-e708-11ef-8c34-cc28aa504d95', 2, 'assetCall:9:615f36ec-e704-11ef-8c34-cc28aa504d95', NULL, 'sid-E3F94567-6F1D-46DB-8B88-CC193B1E34C0', '75a1b0bf-e708-11ef-8c34-cc28aa504d95', '75a1b0c3-e708-11ef-8c34-cc28aa504d95', NULL, NULL, NULL, NULL, NULL, 'completed', '', NULL, NULL, NULL, '2', '2025-02-10 01:09:37.060', NULL, NULL, NULL, NULL, NULL, NULL, '2025-02-10 01:10:27.223', NULL, 50163, NULL, 50, NULL, NULL, NULL, NULL, '', '2025-02-10 01:10:27.223');
INSERT INTO `ACT_HI_TASKINST` VALUES ('af828b2d-e707-11ef-8c34-cc28aa504d95', 1, 'assetCall:9:615f36ec-e704-11ef-8c34-cc28aa504d95', NULL, 'sid-D76C049C-53A8-44F0-8A1C-930D9D685132', 'f472aa2e-e706-11ef-8c34-cc28aa504d95', 'f472aa32-e706-11ef-8c34-cc28aa504d95', NULL, NULL, NULL, NULL, NULL, 'created', '', NULL, NULL, NULL, '3', '2025-02-10 01:02:46.713', NULL, NULL, NULL, NULL, NULL, NULL, NULL, NULL, NULL, NULL, 50, NULL, NULL, NULL, NULL, '', '2025-02-10 01:02:46.714');
INSERT INTO `ACT_HI_TASKINST` VALUES ('b0b05753-e6f4-11ef-95d7-cc28aa504d95', 2, 'assetCall:7:0fdd376f-e6f0-11ef-acc6-cc28aa504d95', NULL, 'sid-28F4649C-2790-4561-8A7F-9A81B0D74E8E', 'b0ae3469-e6f4-11ef-95d7-cc28aa504d95', 'b0ae828f-e6f4-11ef-95d7-cc28aa504d95', NULL, NULL, NULL, NULL, NULL, 'completed', '', NULL, NULL, NULL, '3', '2025-02-09 22:46:48.243', NULL, NULL, NULL, NULL, NULL, NULL, '2025-02-09 22:48:29.027', NULL, 100784, NULL, 50, NULL, NULL, NULL, NULL, '', '2025-02-09 22:48:29.027');
INSERT INTO `ACT_HI_TASKINST` VALUES ('b318417f-e6f2-11ef-a872-cc28aa504d95', 1, 'assetCall:7:0fdd376f-e6f0-11ef-acc6-cc28aa504d95', NULL, 'sid-E3F94567-6F1D-46DB-8B88-CC193B1E34C0', 'a104e00b-e6f2-11ef-a872-cc28aa504d95', 'a1052e31-e6f2-11ef-a872-cc28aa504d95', NULL, NULL, NULL, NULL, NULL, 'created', '', NULL, NULL, NULL, 'default_leader_id', '2025-02-09 22:32:33.296', NULL, NULL, NULL, NULL, NULL, NULL, NULL, NULL, NULL, NULL, 50, NULL, NULL, NULL, NULL, '', '2025-02-09 22:32:33.297');
INSERT INTO `ACT_HI_TASKINST` VALUES ('be4a2438-e640-11ef-ad5d-cc28aa504d95', 1, 'assetCall:4:cdf0dd29-e63e-11ef-8eea-cc28aa504d95', NULL, 'sid-28F4649C-2790-4561-8A7F-9A81B0D74E8E', 'be482860-e640-11ef-ad5d-cc28aa504d95', 'be484f74-e640-11ef-ad5d-cc28aa504d95', NULL, NULL, NULL, NULL, NULL, 'created', '', NULL, NULL, NULL, '3', '2025-02-09 01:18:41.651', NULL, NULL, NULL, NULL, NULL, NULL, NULL, NULL, NULL, NULL, 50, NULL, NULL, NULL, NULL, '', '2025-02-09 01:18:41.661');
INSERT INTO `ACT_HI_TASKINST` VALUES ('c1ff194e-e708-11ef-8c34-cc28aa504d95', 2, 'assetCall:9:615f36ec-e704-11ef-8c34-cc28aa504d95', NULL, 'sid-D76C049C-53A8-44F0-8A1C-930D9D685132', '75a1b0bf-e708-11ef-8c34-cc28aa504d95', '75a1b0c3-e708-11ef-8c34-cc28aa504d95', NULL, NULL, NULL, NULL, NULL, 'completed', '', NULL, NULL, NULL, '1', '2025-02-10 01:10:27.225', NULL, NULL, NULL, NULL, NULL, NULL, '2025-02-10 01:48:41.167', NULL, 2293942, NULL, 50, NULL, NULL, NULL, NULL, '', '2025-02-10 01:48:41.167');
INSERT INTO `ACT_HI_TASKINST` VALUES ('d57ab5ca-e86e-11ef-9e03-cc28aa504d95', 2, 'assetCall:10:03e82224-e7bb-11ef-8aa3-cc28aa504d95', NULL, 'sid-28F4649C-2790-4561-8A7F-9A81B0D74E8E', 'd578b9f2-e86e-11ef-9e03-cc28aa504d95', 'd578e106-e86e-11ef-9e03-cc28aa504d95', NULL, NULL, NULL, NULL, NULL, 'completed', '', NULL, NULL, NULL, '3', '2025-02-11 19:53:39.732', NULL, NULL, NULL, NULL, NULL, NULL, '2025-02-11 20:11:56.670', NULL, 1096938, NULL, 50, NULL, NULL, NULL, NULL, '', '2025-02-11 20:11:56.670');
INSERT INTO `ACT_HI_TASKINST` VALUES ('e09c4e8a-e6f9-11ef-a5fe-cc28aa504d95', 1, 'assetCall:7:0fdd376f-e6f0-11ef-acc6-cc28aa504d95', NULL, 'sid-E3F94567-6F1D-46DB-8B88-CC193B1E34C0', '94007e76-e6f9-11ef-a5fe-cc28aa504d95', '9400cc9c-e6f9-11ef-a5fe-cc28aa504d95', NULL, NULL, NULL, NULL, NULL, 'created', '', NULL, NULL, NULL, 'default_leader_id', '2025-02-09 23:23:56.136', NULL, NULL, NULL, NULL, NULL, NULL, NULL, NULL, NULL, NULL, 50, NULL, NULL, NULL, NULL, '', '2025-02-09 23:23:56.137');
INSERT INTO `ACT_HI_TASKINST` VALUES ('e5265a24-e6f0-11ef-acc6-cc28aa504d95', 1, 'assetCall:7:0fdd376f-e6f0-11ef-acc6-cc28aa504d95', NULL, 'sid-E3F94567-6F1D-46DB-8B88-CC193B1E34C0', '3e6e9a70-e6f0-11ef-acc6-cc28aa504d95', '3e6ee896-e6f0-11ef-acc6-cc28aa504d95', NULL, NULL, NULL, NULL, NULL, 'created', '', NULL, NULL, NULL, 'default_leader_id', '2025-02-09 22:19:38.281', NULL, NULL, NULL, NULL, NULL, NULL, NULL, NULL, NULL, NULL, 50, NULL, NULL, NULL, NULL, '', '2025-02-09 22:19:38.282');
INSERT INTO `ACT_HI_TASKINST` VALUES ('e9bb60ac-e6f2-11ef-a872-cc28aa504d95', 2, 'assetCall:7:0fdd376f-e6f0-11ef-acc6-cc28aa504d95', NULL, 'sid-28F4649C-2790-4561-8A7F-9A81B0D74E8E', 'e9bb60a2-e6f2-11ef-a872-cc28aa504d95', 'e9bb60a8-e6f2-11ef-a872-cc28aa504d95', NULL, NULL, NULL, NULL, NULL, 'completed', '', NULL, NULL, NULL, '3', '2025-02-09 22:34:04.962', NULL, NULL, NULL, NULL, NULL, NULL, '2025-02-09 22:34:27.957', NULL, 22995, NULL, 50, NULL, NULL, NULL, NULL, '', '2025-02-09 22:34:27.957');
INSERT INTO `ACT_HI_TASKINST` VALUES ('ecc5f6ad-e6f4-11ef-95d7-cc28aa504d95', 1, 'assetCall:7:0fdd376f-e6f0-11ef-acc6-cc28aa504d95', NULL, 'sid-E3F94567-6F1D-46DB-8B88-CC193B1E34C0', 'b0ae3469-e6f4-11ef-95d7-cc28aa504d95', 'b0ae828f-e6f4-11ef-95d7-cc28aa504d95', NULL, NULL, NULL, NULL, NULL, 'created', '', NULL, NULL, NULL, 'default_leader_id', '2025-02-09 22:48:29.058', NULL, NULL, NULL, NULL, NULL, NULL, NULL, NULL, NULL, NULL, 50, NULL, NULL, NULL, NULL, '', '2025-02-09 22:48:29.070');
INSERT INTO `ACT_HI_TASKINST` VALUES ('f472aa36-e706-11ef-8c34-cc28aa504d95', 2, 'assetCall:9:615f36ec-e704-11ef-8c34-cc28aa504d95', NULL, 'sid-28F4649C-2790-4561-8A7F-9A81B0D74E8E', 'f472aa2e-e706-11ef-8c34-cc28aa504d95', 'f472aa32-e706-11ef-8c34-cc28aa504d95', NULL, NULL, NULL, NULL, NULL, 'completed', '', NULL, NULL, NULL, '3', '2025-02-10 00:57:32.875', NULL, NULL, NULL, NULL, NULL, NULL, '2025-02-10 00:59:32.456', NULL, 119581, NULL, 50, NULL, NULL, NULL, NULL, '', '2025-02-10 00:59:32.456');
INSERT INTO `ACT_HI_TASKINST` VALUES ('f4a9d1a1-e704-11ef-8c34-cc28aa504d95', 2, 'assetCall:9:615f36ec-e704-11ef-8c34-cc28aa504d95', NULL, 'sid-E3F94567-6F1D-46DB-8B88-CC193B1E34C0', '6d1765cd-e704-11ef-8c34-cc28aa504d95', '6d17b3f1-e704-11ef-8c34-cc28aa504d95', NULL, NULL, NULL, NULL, NULL, 'completed', '', NULL, NULL, NULL, '2', '2025-02-10 00:43:14.243', NULL, NULL, NULL, NULL, NULL, NULL, '2025-02-10 00:51:03.043', NULL, 468800, NULL, 50, NULL, NULL, NULL, NULL, '', '2025-02-10 00:51:03.043');
INSERT INTO `ACT_HI_TASKINST` VALUES ('f77504e6-e6f2-11ef-a872-cc28aa504d95', 1, 'assetCall:7:0fdd376f-e6f0-11ef-acc6-cc28aa504d95', NULL, 'sid-E3F94567-6F1D-46DB-8B88-CC193B1E34C0', 'e9bb60a2-e6f2-11ef-a872-cc28aa504d95', 'e9bb60a8-e6f2-11ef-a872-cc28aa504d95', NULL, NULL, NULL, NULL, NULL, 'created', '', NULL, NULL, NULL, 'default_leader_id', '2025-02-09 22:34:27.989', NULL, NULL, NULL, NULL, NULL, NULL, NULL, NULL, NULL, NULL, 50, NULL, NULL, NULL, NULL, '', '2025-02-09 22:34:28.001');

-- ----------------------------
-- Table structure for ACT_HI_TSK_LOG
-- ----------------------------
DROP TABLE IF EXISTS `ACT_HI_TSK_LOG`;
CREATE TABLE `ACT_HI_TSK_LOG`  (
  `ID_` bigint NOT NULL AUTO_INCREMENT,
  `TYPE_` varchar(64) CHARACTER SET utf8mb3 COLLATE utf8mb3_bin NULL DEFAULT NULL,
  `TASK_ID_` varchar(64) CHARACTER SET utf8mb3 COLLATE utf8mb3_bin NOT NULL,
  `TIME_STAMP_` timestamp(3) NOT NULL,
  `USER_ID_` varchar(255) CHARACTER SET utf8mb3 COLLATE utf8mb3_bin NULL DEFAULT NULL,
  `DATA_` varchar(4000) CHARACTER SET utf8mb3 COLLATE utf8mb3_bin NULL DEFAULT NULL,
  `EXECUTION_ID_` varchar(64) CHARACTER SET utf8mb3 COLLATE utf8mb3_bin NULL DEFAULT NULL,
  `PROC_INST_ID_` varchar(64) CHARACTER SET utf8mb3 COLLATE utf8mb3_bin NULL DEFAULT NULL,
  `PROC_DEF_ID_` varchar(64) CHARACTER SET utf8mb3 COLLATE utf8mb3_bin NULL DEFAULT NULL,
  `SCOPE_ID_` varchar(255) CHARACTER SET utf8mb3 COLLATE utf8mb3_bin NULL DEFAULT NULL,
  `SCOPE_DEFINITION_ID_` varchar(255) CHARACTER SET utf8mb3 COLLATE utf8mb3_bin NULL DEFAULT NULL,
  `SUB_SCOPE_ID_` varchar(255) CHARACTER SET utf8mb3 COLLATE utf8mb3_bin NULL DEFAULT NULL,
  `SCOPE_TYPE_` varchar(255) CHARACTER SET utf8mb3 COLLATE utf8mb3_bin NULL DEFAULT NULL,
  `TENANT_ID_` varchar(255) CHARACTER SET utf8mb3 COLLATE utf8mb3_bin NULL DEFAULT '',
  PRIMARY KEY (`ID_`) USING BTREE
) ENGINE = InnoDB CHARACTER SET = utf8mb3 COLLATE = utf8mb3_bin ROW_FORMAT = Dynamic;

-- ----------------------------
-- Records of ACT_HI_TSK_LOG
-- ----------------------------

-- ----------------------------
-- Table structure for ACT_HI_VARINST
-- ----------------------------
DROP TABLE IF EXISTS `ACT_HI_VARINST`;
CREATE TABLE `ACT_HI_VARINST`  (
  `ID_` varchar(64) CHARACTER SET utf8mb3 COLLATE utf8mb3_bin NOT NULL,
  `REV_` int NULL DEFAULT 1,
  `PROC_INST_ID_` varchar(64) CHARACTER SET utf8mb3 COLLATE utf8mb3_bin NULL DEFAULT NULL,
  `EXECUTION_ID_` varchar(64) CHARACTER SET utf8mb3 COLLATE utf8mb3_bin NULL DEFAULT NULL,
  `TASK_ID_` varchar(64) CHARACTER SET utf8mb3 COLLATE utf8mb3_bin NULL DEFAULT NULL,
  `NAME_` varchar(255) CHARACTER SET utf8mb3 COLLATE utf8mb3_bin NOT NULL,
  `VAR_TYPE_` varchar(100) CHARACTER SET utf8mb3 COLLATE utf8mb3_bin NULL DEFAULT NULL,
  `SCOPE_ID_` varchar(255) CHARACTER SET utf8mb3 COLLATE utf8mb3_bin NULL DEFAULT NULL,
  `SUB_SCOPE_ID_` varchar(255) CHARACTER SET utf8mb3 COLLATE utf8mb3_bin NULL DEFAULT NULL,
  `SCOPE_TYPE_` varchar(255) CHARACTER SET utf8mb3 COLLATE utf8mb3_bin NULL DEFAULT NULL,
  `BYTEARRAY_ID_` varchar(64) CHARACTER SET utf8mb3 COLLATE utf8mb3_bin NULL DEFAULT NULL,
  `DOUBLE_` double NULL DEFAULT NULL,
  `LONG_` bigint NULL DEFAULT NULL,
  `TEXT_` varchar(4000) CHARACTER SET utf8mb3 COLLATE utf8mb3_bin NULL DEFAULT NULL,
  `TEXT2_` varchar(4000) CHARACTER SET utf8mb3 COLLATE utf8mb3_bin NULL DEFAULT NULL,
  `META_INFO_` varchar(4000) CHARACTER SET utf8mb3 COLLATE utf8mb3_bin NULL DEFAULT NULL,
  `CREATE_TIME_` datetime(3) NULL DEFAULT NULL,
  `LAST_UPDATED_TIME_` datetime(3) NULL DEFAULT NULL,
  PRIMARY KEY (`ID_`) USING BTREE,
  INDEX `ACT_IDX_HI_PROCVAR_NAME_TYPE`(`NAME_` ASC, `VAR_TYPE_` ASC) USING BTREE,
  INDEX `ACT_IDX_HI_VAR_SCOPE_ID_TYPE`(`SCOPE_ID_` ASC, `SCOPE_TYPE_` ASC) USING BTREE,
  INDEX `ACT_IDX_HI_VAR_SUB_ID_TYPE`(`SUB_SCOPE_ID_` ASC, `SCOPE_TYPE_` ASC) USING BTREE,
  INDEX `ACT_IDX_HI_PROCVAR_PROC_INST`(`PROC_INST_ID_` ASC) USING BTREE,
  INDEX `ACT_IDX_HI_PROCVAR_TASK_ID`(`TASK_ID_` ASC) USING BTREE,
  INDEX `ACT_IDX_HI_PROCVAR_EXE`(`EXECUTION_ID_` ASC) USING BTREE
) ENGINE = InnoDB CHARACTER SET = utf8mb3 COLLATE = utf8mb3_bin ROW_FORMAT = Dynamic;

-- ----------------------------
-- Records of ACT_HI_VARINST
-- ----------------------------
INSERT INTO `ACT_HI_VARINST` VALUES ('0c16b785-e706-11ef-8c34-cc28aa504d95', 0, '6d1765cd-e704-11ef-8c34-cc28aa504d95', '6d17b3f1-e704-11ef-8c34-cc28aa504d95', 'f4a9d1a1-e704-11ef-8c34-cc28aa504d95', 'leaderId', 'string', NULL, NULL, NULL, NULL, NULL, NULL, '3', NULL, NULL, '2025-02-10 00:51:03.041', '2025-02-10 00:51:03.041');
INSERT INTO `ACT_HI_VARINST` VALUES ('0c16de97-e706-11ef-8c34-cc28aa504d95', 0, '6d1765cd-e704-11ef-8c34-cc28aa504d95', '6d17b3f1-e704-11ef-8c34-cc28aa504d95', 'f4a9d1a1-e704-11ef-8c34-cc28aa504d95', 'businessKey', 'string', NULL, NULL, NULL, NULL, NULL, NULL, 'ASSET_20230603', NULL, NULL, '2025-02-10 00:51:03.042', '2025-02-10 00:51:03.042');
INSERT INTO `ACT_HI_VARINST` VALUES ('1213fbba-e872-11ef-9e03-cc28aa504d95', 0, 'd578b9f2-e86e-11ef-9e03-cc28aa504d95', 'd578e106-e86e-11ef-9e03-cc28aa504d95', '634d6626-e871-11ef-9e03-cc28aa504d95', 'leaderId', 'string', NULL, NULL, NULL, NULL, NULL, NULL, '1', NULL, NULL, '2025-02-11 20:16:49.899', '2025-02-11 20:16:49.899');
INSERT INTO `ACT_HI_VARINST` VALUES ('121422cc-e872-11ef-9e03-cc28aa504d95', 0, 'd578b9f2-e86e-11ef-9e03-cc28aa504d95', 'd578e106-e86e-11ef-9e03-cc28aa504d95', '634d6626-e871-11ef-9e03-cc28aa504d95', 'approveResult', 'boolean', NULL, NULL, NULL, NULL, NULL, 1, NULL, NULL, NULL, '2025-02-11 20:16:49.900', '2025-02-11 20:16:49.900');
INSERT INTO `ACT_HI_VARINST` VALUES ('18d955d7-e887-11ef-a646-cc28aa504d95', 0, '18d92ec5-e887-11ef-a646-cc28aa504d95', '18d92ec5-e887-11ef-a646-cc28aa504d95', NULL, 'userId', 'string', NULL, NULL, NULL, NULL, NULL, NULL, '3', NULL, NULL, '2025-02-11 22:47:20.690', '2025-02-11 22:47:20.690');
INSERT INTO `ACT_HI_VARINST` VALUES ('194a9092-e70e-11ef-8c34-cc28aa504d95', 0, '75a1b0bf-e708-11ef-8c34-cc28aa504d95', '75a1b0c3-e708-11ef-8c34-cc28aa504d95', 'c1ff194e-e708-11ef-8c34-cc28aa504d95', 'leaderId', 'string', NULL, NULL, NULL, NULL, NULL, NULL, '1', NULL, NULL, '2025-02-10 01:48:41.165', '2025-02-10 01:48:41.165');
INSERT INTO `ACT_HI_VARINST` VALUES ('194ab7a4-e70e-11ef-8c34-cc28aa504d95', 0, '75a1b0bf-e708-11ef-8c34-cc28aa504d95', '75a1b0c3-e708-11ef-8c34-cc28aa504d95', 'c1ff194e-e708-11ef-8c34-cc28aa504d95', 'approveResult', 'boolean', NULL, NULL, NULL, NULL, NULL, 1, NULL, NULL, NULL, '2025-02-10 01:48:41.166', '2025-02-10 01:48:41.166');
INSERT INTO `ACT_HI_VARINST` VALUES ('194ab7a6-e70e-11ef-8c34-cc28aa504d95', 0, '75a1b0bf-e708-11ef-8c34-cc28aa504d95', '75a1b0c3-e708-11ef-8c34-cc28aa504d95', 'c1ff194e-e708-11ef-8c34-cc28aa504d95', 'businessKey', 'string', NULL, NULL, NULL, NULL, NULL, NULL, 'ASSET_20230605', NULL, NULL, '2025-02-10 01:48:41.166', '2025-02-10 01:48:41.166');
INSERT INTO `ACT_HI_VARINST` VALUES ('332a5362-e889-11ef-9400-cc28aa504d95', 0, '332a2c50-e889-11ef-9400-cc28aa504d95', '332a2c50-e889-11ef-9400-cc28aa504d95', NULL, 'userId', 'string', NULL, NULL, NULL, NULL, NULL, NULL, '3', NULL, NULL, '2025-02-11 23:02:23.835', '2025-02-11 23:02:23.835');
INSERT INTO `ACT_HI_VARINST` VALUES ('34e2388b-e890-11ef-b567-cc28aa504d95', 2, '57ad1187-e88c-11ef-9400-cc28aa504d95', '57ad1187-e88c-11ef-9400-cc28aa504d95', NULL, 'leaderId', 'string', NULL, NULL, NULL, NULL, NULL, NULL, '', NULL, NULL, '2025-02-11 23:52:33.196', '2025-02-11 23:55:25.604');
INSERT INTO `ACT_HI_VARINST` VALUES ('34e286ad-e890-11ef-b567-cc28aa504d95', 2, '57ad1187-e88c-11ef-9400-cc28aa504d95', '57ad1187-e88c-11ef-9400-cc28aa504d95', NULL, 'approveResult', 'boolean', NULL, NULL, NULL, NULL, NULL, 1, NULL, NULL, NULL, '2025-02-11 23:52:33.197', '2025-02-11 23:55:25.599');
INSERT INTO `ACT_HI_VARINST` VALUES ('3bb7c069-e707-11ef-8c34-cc28aa504d95', 1, 'f472aa2e-e706-11ef-8c34-cc28aa504d95', 'f472aa2e-e706-11ef-8c34-cc28aa504d95', NULL, 'leaderId', 'string', NULL, NULL, NULL, NULL, NULL, NULL, '3', NULL, NULL, '2025-02-10 00:59:32.446', '2025-02-10 01:02:46.699');
INSERT INTO `ACT_HI_VARINST` VALUES ('3bb8d1db-e707-11ef-8c34-cc28aa504d95', 0, 'f472aa2e-e706-11ef-8c34-cc28aa504d95', 'f472aa32-e706-11ef-8c34-cc28aa504d95', 'f472aa36-e706-11ef-8c34-cc28aa504d95', 'leaderId', 'string', NULL, NULL, NULL, NULL, NULL, NULL, '2', NULL, NULL, '2025-02-10 00:59:32.453', '2025-02-10 00:59:32.453');
INSERT INTO `ACT_HI_VARINST` VALUES ('3bb8d1dd-e707-11ef-8c34-cc28aa504d95', 0, 'f472aa2e-e706-11ef-8c34-cc28aa504d95', 'f472aa32-e706-11ef-8c34-cc28aa504d95', 'f472aa36-e706-11ef-8c34-cc28aa504d95', 'businessKey', 'string', NULL, NULL, NULL, NULL, NULL, NULL, 'ASSET_20230604', NULL, NULL, '2025-02-10 00:59:32.453', '2025-02-10 00:59:32.453');
INSERT INTO `ACT_HI_VARINST` VALUES ('3c015a43-e623-11ef-a57b-cc28aa504d95', 0, '3c015a41-e623-11ef-a57b-cc28aa504d95', '3c015a41-e623-11ef-a57b-cc28aa504d95', NULL, 'userId', 'string', NULL, NULL, NULL, NULL, NULL, NULL, '3', NULL, NULL, '2025-02-08 21:47:27.675', '2025-02-08 21:47:27.675');
INSERT INTO `ACT_HI_VARINST` VALUES ('3e6ec182-e6f0-11ef-acc6-cc28aa504d95', 0, '3e6e9a70-e6f0-11ef-acc6-cc28aa504d95', '3e6e9a70-e6f0-11ef-acc6-cc28aa504d95', NULL, 'userId', 'string', NULL, NULL, NULL, NULL, NULL, NULL, '3', NULL, NULL, '2025-02-09 22:14:58.577', '2025-02-09 22:14:58.577');
INSERT INTO `ACT_HI_VARINST` VALUES ('3e6ee894-e6f0-11ef-acc6-cc28aa504d95', 0, '3e6e9a70-e6f0-11ef-acc6-cc28aa504d95', '3e6e9a70-e6f0-11ef-acc6-cc28aa504d95', NULL, 'leaderId', 'string', NULL, NULL, NULL, NULL, NULL, NULL, 'default_leader_id', NULL, NULL, '2025-02-09 22:14:58.577', '2025-02-09 22:14:58.577');
INSERT INTO `ACT_HI_VARINST` VALUES ('52b1ce36-e624-11ef-88f5-cc28aa504d95', 0, '52b1a724-e624-11ef-88f5-cc28aa504d95', '52b1a724-e624-11ef-88f5-cc28aa504d95', NULL, 'userId', 'string', NULL, NULL, NULL, NULL, NULL, NULL, '3', NULL, NULL, '2025-02-08 21:55:15.237', '2025-02-08 21:55:15.237');
INSERT INTO `ACT_HI_VARINST` VALUES ('54956bd7-e62d-11ef-9fbd-cc28aa504d95', 0, '549544c5-e62d-11ef-9fbd-cc28aa504d95', '549544c5-e62d-11ef-9fbd-cc28aa504d95', NULL, 'userId', 'string', NULL, NULL, NULL, NULL, NULL, NULL, '3', NULL, NULL, '2025-02-08 22:59:43.877', '2025-02-08 22:59:43.877');
INSERT INTO `ACT_HI_VARINST` VALUES ('57ad3899-e88c-11ef-9400-cc28aa504d95', 0, '57ad1187-e88c-11ef-9400-cc28aa504d95', '57ad1187-e88c-11ef-9400-cc28aa504d95', NULL, 'userId', 'string', NULL, NULL, NULL, NULL, NULL, NULL, '3', NULL, NULL, '2025-02-11 23:24:53.581', '2025-02-11 23:24:53.581');
INSERT INTO `ACT_HI_VARINST` VALUES ('634af61d-e871-11ef-9e03-cc28aa504d95', 2, 'd578b9f2-e86e-11ef-9e03-cc28aa504d95', 'd578b9f2-e86e-11ef-9e03-cc28aa504d95', NULL, 'leaderId', 'string', NULL, NULL, NULL, NULL, NULL, NULL, '1', NULL, NULL, '2025-02-11 20:11:56.658', '2025-02-11 21:52:31.094');
INSERT INTO `ACT_HI_VARINST` VALUES ('634c7cbf-e871-11ef-9e03-cc28aa504d95', 0, 'd578b9f2-e86e-11ef-9e03-cc28aa504d95', 'd578e106-e86e-11ef-9e03-cc28aa504d95', 'd57ab5ca-e86e-11ef-9e03-cc28aa504d95', 'leaderId', 'string', NULL, NULL, NULL, NULL, NULL, NULL, '2', NULL, NULL, '2025-02-11 20:11:56.668', '2025-02-11 20:11:56.668');
INSERT INTO `ACT_HI_VARINST` VALUES ('634ca2d1-e871-11ef-9e03-cc28aa504d95', 0, 'd578b9f2-e86e-11ef-9e03-cc28aa504d95', 'd578e106-e86e-11ef-9e03-cc28aa504d95', 'd57ab5ca-e86e-11ef-9e03-cc28aa504d95', 'approveResult', 'boolean', NULL, NULL, NULL, NULL, NULL, 1, NULL, NULL, NULL, '2025-02-11 20:11:56.669', '2025-02-11 20:11:56.669');
INSERT INTO `ACT_HI_VARINST` VALUES ('6d178cdf-e704-11ef-8c34-cc28aa504d95', 0, '6d1765cd-e704-11ef-8c34-cc28aa504d95', '6d1765cd-e704-11ef-8c34-cc28aa504d95', NULL, 'userId', 'string', NULL, NULL, NULL, NULL, NULL, NULL, '3', NULL, NULL, '2025-02-10 00:39:26.793', '2025-02-10 00:39:26.793');
INSERT INTO `ACT_HI_VARINST` VALUES ('75a1b0c1-e708-11ef-8c34-cc28aa504d95', 0, '75a1b0bf-e708-11ef-8c34-cc28aa504d95', '75a1b0bf-e708-11ef-8c34-cc28aa504d95', NULL, 'userId', 'string', NULL, NULL, NULL, NULL, NULL, NULL, '3', NULL, NULL, '2025-02-10 01:08:19.106', '2025-02-10 01:08:19.106');
INSERT INTO `ACT_HI_VARINST` VALUES ('7caa9be3-e62c-11ef-9a09-cc28aa504d95', 0, '7caa4dc1-e62c-11ef-9a09-cc28aa504d95', '7caa4dc1-e62c-11ef-9a09-cc28aa504d95', NULL, 'userId', 'string', NULL, NULL, NULL, NULL, NULL, NULL, '3', NULL, NULL, '2025-02-08 22:53:41.628', '2025-02-08 22:53:41.628');
INSERT INTO `ACT_HI_VARINST` VALUES ('87b78a9c-e61c-11ef-ac58-cc28aa504d95', 0, '87b7638a-e61c-11ef-ac58-cc28aa504d95', '87b7638a-e61c-11ef-ac58-cc28aa504d95', NULL, 'userId', 'string', NULL, NULL, NULL, NULL, NULL, NULL, '3', NULL, NULL, '2025-02-08 20:59:28.221', '2025-02-08 20:59:28.221');
INSERT INTO `ACT_HI_VARINST` VALUES ('8a66e18b-e6fc-11ef-9d7f-cc28aa504d95', 0, '8a66ba79-e6fc-11ef-9d7f-cc28aa504d95', '8a66ba79-e6fc-11ef-9d7f-cc28aa504d95', NULL, 'userId', 'string', NULL, NULL, NULL, NULL, NULL, NULL, '3', NULL, NULL, '2025-02-09 23:42:59.993', '2025-02-09 23:42:59.993');
INSERT INTO `ACT_HI_VARINST` VALUES ('9400a588-e6f9-11ef-a5fe-cc28aa504d95', 0, '94007e76-e6f9-11ef-a5fe-cc28aa504d95', '94007e76-e6f9-11ef-a5fe-cc28aa504d95', NULL, 'userId', 'string', NULL, NULL, NULL, NULL, NULL, NULL, '3', NULL, NULL, '2025-02-09 23:21:47.609', '2025-02-09 23:21:47.609');
INSERT INTO `ACT_HI_VARINST` VALUES ('9400a58a-e6f9-11ef-a5fe-cc28aa504d95', 0, '94007e76-e6f9-11ef-a5fe-cc28aa504d95', '94007e76-e6f9-11ef-a5fe-cc28aa504d95', NULL, 'leaderId', 'string', NULL, NULL, NULL, NULL, NULL, NULL, 'default_leader_id', NULL, NULL, '2025-02-09 23:21:47.609', '2025-02-09 23:21:47.609');
INSERT INTO `ACT_HI_VARINST` VALUES ('a105071d-e6f2-11ef-a872-cc28aa504d95', 0, 'a104e00b-e6f2-11ef-a872-cc28aa504d95', 'a104e00b-e6f2-11ef-a872-cc28aa504d95', NULL, 'userId', 'string', NULL, NULL, NULL, NULL, NULL, NULL, '3', NULL, NULL, '2025-02-09 22:32:02.971', '2025-02-09 22:32:02.971');
INSERT INTO `ACT_HI_VARINST` VALUES ('a105071f-e6f2-11ef-a872-cc28aa504d95', 0, 'a104e00b-e6f2-11ef-a872-cc28aa504d95', 'a104e00b-e6f2-11ef-a872-cc28aa504d95', NULL, 'leaderId', 'string', NULL, NULL, NULL, NULL, NULL, NULL, 'default_leader_id', NULL, NULL, '2025-02-09 22:32:02.971', '2025-02-09 22:32:02.971');
INSERT INTO `ACT_HI_VARINST` VALUES ('a417004a-e708-11ef-8c34-cc28aa504d95', 2, '75a1b0bf-e708-11ef-8c34-cc28aa504d95', '75a1b0bf-e708-11ef-8c34-cc28aa504d95', NULL, 'leaderId', 'string', NULL, NULL, NULL, NULL, NULL, NULL, '1', NULL, NULL, '2025-02-10 01:09:37.050', '2025-02-10 01:48:41.158');
INSERT INTO `ACT_HI_VARINST` VALUES ('a41811bc-e708-11ef-8c34-cc28aa504d95', 0, '75a1b0bf-e708-11ef-8c34-cc28aa504d95', '75a1b0c3-e708-11ef-8c34-cc28aa504d95', '75a1b0c7-e708-11ef-8c34-cc28aa504d95', 'leaderId', 'string', NULL, NULL, NULL, NULL, NULL, NULL, '2', NULL, NULL, '2025-02-10 01:09:37.057', '2025-02-10 01:09:37.057');
INSERT INTO `ACT_HI_VARINST` VALUES ('a41811be-e708-11ef-8c34-cc28aa504d95', 0, '75a1b0bf-e708-11ef-8c34-cc28aa504d95', '75a1b0c3-e708-11ef-8c34-cc28aa504d95', '75a1b0c7-e708-11ef-8c34-cc28aa504d95', 'businessKey', 'string', NULL, NULL, NULL, NULL, NULL, NULL, 'ASSET_20230605', NULL, NULL, '2025-02-10 01:09:37.057', '2025-02-10 01:09:37.057');
INSERT INTO `ACT_HI_VARINST` VALUES ('af81eee6-e707-11ef-8c34-cc28aa504d95', 0, 'f472aa2e-e706-11ef-8c34-cc28aa504d95', 'f472aa32-e706-11ef-8c34-cc28aa504d95', '3bb99532-e707-11ef-8c34-cc28aa504d95', 'leaderId', 'string', NULL, NULL, NULL, NULL, NULL, NULL, '3', NULL, NULL, '2025-02-10 01:02:46.709', '2025-02-10 01:02:46.709');
INSERT INTO `ACT_HI_VARINST` VALUES ('af81eee8-e707-11ef-8c34-cc28aa504d95', 0, 'f472aa2e-e706-11ef-8c34-cc28aa504d95', 'f472aa32-e706-11ef-8c34-cc28aa504d95', '3bb99532-e707-11ef-8c34-cc28aa504d95', 'businessKey', 'string', NULL, NULL, NULL, NULL, NULL, NULL, 'ASSET_20230604', NULL, NULL, '2025-02-10 01:02:46.709', '2025-02-10 01:02:46.709');
INSERT INTO `ACT_HI_VARINST` VALUES ('b0ae5b7b-e6f4-11ef-95d7-cc28aa504d95', 0, 'b0ae3469-e6f4-11ef-95d7-cc28aa504d95', 'b0ae3469-e6f4-11ef-95d7-cc28aa504d95', NULL, 'userId', 'string', NULL, NULL, NULL, NULL, NULL, NULL, '3', NULL, NULL, '2025-02-09 22:46:48.240', '2025-02-09 22:46:48.240');
INSERT INTO `ACT_HI_VARINST` VALUES ('b0ae5b7d-e6f4-11ef-95d7-cc28aa504d95', 0, 'b0ae3469-e6f4-11ef-95d7-cc28aa504d95', 'b0ae3469-e6f4-11ef-95d7-cc28aa504d95', NULL, 'leaderId', 'string', NULL, NULL, NULL, NULL, NULL, NULL, 'default_leader_id', NULL, NULL, '2025-02-09 22:46:48.240', '2025-02-09 22:46:48.240');
INSERT INTO `ACT_HI_VARINST` VALUES ('b3173008-e6f2-11ef-a872-cc28aa504d95', 0, 'a104e00b-e6f2-11ef-a872-cc28aa504d95', 'a1052e31-e6f2-11ef-a872-cc28aa504d95', 'a106dbe5-e6f2-11ef-a872-cc28aa504d95', 'leaderId', 'string', NULL, NULL, NULL, NULL, NULL, NULL, '2', NULL, NULL, '2025-02-09 22:32:33.289', '2025-02-09 22:32:33.289');
INSERT INTO `ACT_HI_VARINST` VALUES ('b317571a-e6f2-11ef-a872-cc28aa504d95', 0, 'a104e00b-e6f2-11ef-a872-cc28aa504d95', 'a1052e31-e6f2-11ef-a872-cc28aa504d95', 'a106dbe5-e6f2-11ef-a872-cc28aa504d95', 'approveResult', 'boolean', NULL, NULL, NULL, NULL, NULL, 1, NULL, NULL, NULL, '2025-02-09 22:32:33.290', '2025-02-09 22:32:33.290');
INSERT INTO `ACT_HI_VARINST` VALUES ('be484f72-e640-11ef-ad5d-cc28aa504d95', 0, 'be482860-e640-11ef-ad5d-cc28aa504d95', 'be482860-e640-11ef-ad5d-cc28aa504d95', NULL, 'userId', 'string', NULL, NULL, NULL, NULL, NULL, NULL, '3', NULL, NULL, '2025-02-09 01:18:41.648', '2025-02-09 01:18:41.648');
INSERT INTO `ACT_HI_VARINST` VALUES ('c1fea417-e708-11ef-8c34-cc28aa504d95', 0, '75a1b0bf-e708-11ef-8c34-cc28aa504d95', '75a1b0c3-e708-11ef-8c34-cc28aa504d95', 'a41886f3-e708-11ef-8c34-cc28aa504d95', 'leaderId', 'string', NULL, NULL, NULL, NULL, NULL, NULL, '1', NULL, NULL, '2025-02-10 01:10:27.222', '2025-02-10 01:10:27.222');
INSERT INTO `ACT_HI_VARINST` VALUES ('c1fea419-e708-11ef-8c34-cc28aa504d95', 0, '75a1b0bf-e708-11ef-8c34-cc28aa504d95', '75a1b0c3-e708-11ef-8c34-cc28aa504d95', 'a41886f3-e708-11ef-8c34-cc28aa504d95', 'businessKey', 'string', NULL, NULL, NULL, NULL, NULL, NULL, 'ASSET_20230605', NULL, NULL, '2025-02-10 01:10:27.222', '2025-02-10 01:10:27.222');
INSERT INTO `ACT_HI_VARINST` VALUES ('d578e104-e86e-11ef-9e03-cc28aa504d95', 0, 'd578b9f2-e86e-11ef-9e03-cc28aa504d95', 'd578b9f2-e86e-11ef-9e03-cc28aa504d95', NULL, 'userId', 'string', NULL, NULL, NULL, NULL, NULL, NULL, '3', NULL, NULL, '2025-02-11 19:53:39.729', '2025-02-11 19:53:39.729');
INSERT INTO `ACT_HI_VARINST` VALUES ('e09b6423-e6f9-11ef-a5fe-cc28aa504d95', 0, '94007e76-e6f9-11ef-a5fe-cc28aa504d95', '9400cc9c-e6f9-11ef-a5fe-cc28aa504d95', '94027950-e6f9-11ef-a5fe-cc28aa504d95', 'leaderId', 'string', NULL, NULL, NULL, NULL, NULL, NULL, '2', NULL, NULL, '2025-02-09 23:23:56.130', '2025-02-09 23:23:56.130');
INSERT INTO `ACT_HI_VARINST` VALUES ('e09b8b35-e6f9-11ef-a5fe-cc28aa504d95', 0, '94007e76-e6f9-11ef-a5fe-cc28aa504d95', '9400cc9c-e6f9-11ef-a5fe-cc28aa504d95', '94027950-e6f9-11ef-a5fe-cc28aa504d95', 'approveResult', 'boolean', NULL, NULL, NULL, NULL, NULL, 1, NULL, NULL, NULL, '2025-02-09 23:23:56.131', '2025-02-09 23:23:56.131');
INSERT INTO `ACT_HI_VARINST` VALUES ('e5256fbd-e6f0-11ef-acc6-cc28aa504d95', 0, '3e6e9a70-e6f0-11ef-acc6-cc28aa504d95', '3e6ee896-e6f0-11ef-acc6-cc28aa504d95', '3e70bd5a-e6f0-11ef-acc6-cc28aa504d95', 'leaderId', 'string', NULL, NULL, NULL, NULL, NULL, NULL, '2', NULL, NULL, '2025-02-09 22:19:38.275', '2025-02-09 22:19:38.275');
INSERT INTO `ACT_HI_VARINST` VALUES ('e52596cf-e6f0-11ef-acc6-cc28aa504d95', 0, '3e6e9a70-e6f0-11ef-acc6-cc28aa504d95', '3e6ee896-e6f0-11ef-acc6-cc28aa504d95', '3e70bd5a-e6f0-11ef-acc6-cc28aa504d95', 'approveResult', 'boolean', NULL, NULL, NULL, NULL, NULL, 1, NULL, NULL, NULL, '2025-02-09 22:19:38.276', '2025-02-09 22:19:38.276');
INSERT INTO `ACT_HI_VARINST` VALUES ('e9bb60a4-e6f2-11ef-a872-cc28aa504d95', 0, 'e9bb60a2-e6f2-11ef-a872-cc28aa504d95', 'e9bb60a2-e6f2-11ef-a872-cc28aa504d95', NULL, 'userId', 'string', NULL, NULL, NULL, NULL, NULL, NULL, '3', NULL, NULL, '2025-02-09 22:34:04.962', '2025-02-09 22:34:04.962');
INSERT INTO `ACT_HI_VARINST` VALUES ('e9bb60a6-e6f2-11ef-a872-cc28aa504d95', 0, 'e9bb60a2-e6f2-11ef-a872-cc28aa504d95', 'e9bb60a2-e6f2-11ef-a872-cc28aa504d95', NULL, 'leaderId', 'string', NULL, NULL, NULL, NULL, NULL, NULL, 'default_leader_id', NULL, NULL, '2025-02-09 22:34:04.962', '2025-02-09 22:34:04.962');
INSERT INTO `ACT_HI_VARINST` VALUES ('ecbd1d06-e6f4-11ef-95d7-cc28aa504d95', 0, 'b0ae3469-e6f4-11ef-95d7-cc28aa504d95', 'b0ae828f-e6f4-11ef-95d7-cc28aa504d95', 'b0b05753-e6f4-11ef-95d7-cc28aa504d95', 'leaderId', 'string', NULL, NULL, NULL, NULL, NULL, NULL, '2', NULL, NULL, '2025-02-09 22:48:29.000', '2025-02-09 22:48:29.000');
INSERT INTO `ACT_HI_VARINST` VALUES ('ecbecab8-e6f4-11ef-95d7-cc28aa504d95', 0, 'b0ae3469-e6f4-11ef-95d7-cc28aa504d95', 'b0ae828f-e6f4-11ef-95d7-cc28aa504d95', 'b0b05753-e6f4-11ef-95d7-cc28aa504d95', 'approveResult', 'boolean', NULL, NULL, NULL, NULL, NULL, 1, NULL, NULL, NULL, '2025-02-09 22:48:29.011', '2025-02-09 22:48:29.011');
INSERT INTO `ACT_HI_VARINST` VALUES ('f472aa30-e706-11ef-8c34-cc28aa504d95', 0, 'f472aa2e-e706-11ef-8c34-cc28aa504d95', 'f472aa2e-e706-11ef-8c34-cc28aa504d95', NULL, 'userId', 'string', NULL, NULL, NULL, NULL, NULL, NULL, '3', NULL, NULL, '2025-02-10 00:57:32.875', '2025-02-10 00:57:32.875');
INSERT INTO `ACT_HI_VARINST` VALUES ('f4a67638-e704-11ef-8c34-cc28aa504d95', 1, '6d1765cd-e704-11ef-8c34-cc28aa504d95', '6d1765cd-e704-11ef-8c34-cc28aa504d95', NULL, 'leaderId', 'string', NULL, NULL, NULL, NULL, NULL, NULL, '3', NULL, NULL, '2025-02-10 00:43:14.221', '2025-02-10 00:51:03.033');
INSERT INTO `ACT_HI_VARINST` VALUES ('f4a90e4a-e704-11ef-8c34-cc28aa504d95', 0, '6d1765cd-e704-11ef-8c34-cc28aa504d95', '6d17b3f1-e704-11ef-8c34-cc28aa504d95', '6d1961a5-e704-11ef-8c34-cc28aa504d95', 'leaderId', 'string', NULL, NULL, NULL, NULL, NULL, NULL, '2', NULL, NULL, '2025-02-10 00:43:14.238', '2025-02-10 00:43:14.238');
INSERT INTO `ACT_HI_VARINST` VALUES ('f4a9355c-e704-11ef-8c34-cc28aa504d95', 0, '6d1765cd-e704-11ef-8c34-cc28aa504d95', '6d17b3f1-e704-11ef-8c34-cc28aa504d95', '6d1961a5-e704-11ef-8c34-cc28aa504d95', 'businessKey', 'string', NULL, NULL, NULL, NULL, NULL, NULL, 'ASSET_20230603', NULL, NULL, '2025-02-10 00:43:14.239', '2025-02-10 00:43:14.239');
INSERT INTO `ACT_HI_VARINST` VALUES ('f76c524f-e6f2-11ef-a872-cc28aa504d95', 0, 'e9bb60a2-e6f2-11ef-a872-cc28aa504d95', 'e9bb60a8-e6f2-11ef-a872-cc28aa504d95', 'e9bb60ac-e6f2-11ef-a872-cc28aa504d95', 'leaderId', 'string', NULL, NULL, NULL, NULL, NULL, NULL, '2', NULL, NULL, '2025-02-09 22:34:27.932', '2025-02-09 22:34:27.932');
INSERT INTO `ACT_HI_VARINST` VALUES ('f76e0001-e6f2-11ef-a872-cc28aa504d95', 0, 'e9bb60a2-e6f2-11ef-a872-cc28aa504d95', 'e9bb60a8-e6f2-11ef-a872-cc28aa504d95', 'e9bb60ac-e6f2-11ef-a872-cc28aa504d95', 'approveResult', 'boolean', NULL, NULL, NULL, NULL, NULL, 1, NULL, NULL, NULL, '2025-02-09 22:34:27.943', '2025-02-09 22:34:27.943');

-- ----------------------------
-- Table structure for ACT_ID_BYTEARRAY
-- ----------------------------
DROP TABLE IF EXISTS `ACT_ID_BYTEARRAY`;
CREATE TABLE `ACT_ID_BYTEARRAY`  (
  `ID_` varchar(64) CHARACTER SET utf8mb3 COLLATE utf8mb3_bin NOT NULL,
  `REV_` int NULL DEFAULT NULL,
  `NAME_` varchar(255) CHARACTER SET utf8mb3 COLLATE utf8mb3_bin NULL DEFAULT NULL,
  `BYTES_` longblob NULL,
  PRIMARY KEY (`ID_`) USING BTREE
) ENGINE = InnoDB CHARACTER SET = utf8mb3 COLLATE = utf8mb3_bin ROW_FORMAT = Dynamic;

-- ----------------------------
-- Records of ACT_ID_BYTEARRAY
-- ----------------------------

-- ----------------------------
-- Table structure for ACT_ID_GROUP
-- ----------------------------
DROP TABLE IF EXISTS `ACT_ID_GROUP`;
CREATE TABLE `ACT_ID_GROUP`  (
  `ID_` varchar(64) CHARACTER SET utf8mb3 COLLATE utf8mb3_bin NOT NULL,
  `REV_` int NULL DEFAULT NULL,
  `NAME_` varchar(255) CHARACTER SET utf8mb3 COLLATE utf8mb3_bin NULL DEFAULT NULL,
  `TYPE_` varchar(255) CHARACTER SET utf8mb3 COLLATE utf8mb3_bin NULL DEFAULT NULL,
  PRIMARY KEY (`ID_`) USING BTREE
) ENGINE = InnoDB CHARACTER SET = utf8mb3 COLLATE = utf8mb3_bin ROW_FORMAT = Dynamic;

-- ----------------------------
-- Records of ACT_ID_GROUP
-- ----------------------------

-- ----------------------------
-- Table structure for ACT_ID_INFO
-- ----------------------------
DROP TABLE IF EXISTS `ACT_ID_INFO`;
CREATE TABLE `ACT_ID_INFO`  (
  `ID_` varchar(64) CHARACTER SET utf8mb3 COLLATE utf8mb3_bin NOT NULL,
  `REV_` int NULL DEFAULT NULL,
  `USER_ID_` varchar(64) CHARACTER SET utf8mb3 COLLATE utf8mb3_bin NULL DEFAULT NULL,
  `TYPE_` varchar(64) CHARACTER SET utf8mb3 COLLATE utf8mb3_bin NULL DEFAULT NULL,
  `KEY_` varchar(255) CHARACTER SET utf8mb3 COLLATE utf8mb3_bin NULL DEFAULT NULL,
  `VALUE_` varchar(255) CHARACTER SET utf8mb3 COLLATE utf8mb3_bin NULL DEFAULT NULL,
  `PASSWORD_` longblob NULL,
  `PARENT_ID_` varchar(255) CHARACTER SET utf8mb3 COLLATE utf8mb3_bin NULL DEFAULT NULL,
  PRIMARY KEY (`ID_`) USING BTREE
) ENGINE = InnoDB CHARACTER SET = utf8mb3 COLLATE = utf8mb3_bin ROW_FORMAT = Dynamic;

-- ----------------------------
-- Records of ACT_ID_INFO
-- ----------------------------

-- ----------------------------
-- Table structure for ACT_ID_MEMBERSHIP
-- ----------------------------
DROP TABLE IF EXISTS `ACT_ID_MEMBERSHIP`;
CREATE TABLE `ACT_ID_MEMBERSHIP`  (
  `USER_ID_` varchar(64) CHARACTER SET utf8mb3 COLLATE utf8mb3_bin NOT NULL,
  `GROUP_ID_` varchar(64) CHARACTER SET utf8mb3 COLLATE utf8mb3_bin NOT NULL,
  PRIMARY KEY (`USER_ID_`, `GROUP_ID_`) USING BTREE,
  INDEX `ACT_FK_MEMB_GROUP`(`GROUP_ID_` ASC) USING BTREE,
  CONSTRAINT `ACT_FK_MEMB_GROUP` FOREIGN KEY (`GROUP_ID_`) REFERENCES `ACT_ID_GROUP` (`ID_`) ON DELETE RESTRICT ON UPDATE RESTRICT,
  CONSTRAINT `ACT_FK_MEMB_USER` FOREIGN KEY (`USER_ID_`) REFERENCES `ACT_ID_USER` (`ID_`) ON DELETE RESTRICT ON UPDATE RESTRICT
) ENGINE = InnoDB CHARACTER SET = utf8mb3 COLLATE = utf8mb3_bin ROW_FORMAT = Dynamic;

-- ----------------------------
-- Records of ACT_ID_MEMBERSHIP
-- ----------------------------

-- ----------------------------
-- Table structure for ACT_ID_PRIV
-- ----------------------------
DROP TABLE IF EXISTS `ACT_ID_PRIV`;
CREATE TABLE `ACT_ID_PRIV`  (
  `ID_` varchar(64) CHARACTER SET utf8mb3 COLLATE utf8mb3_bin NOT NULL,
  `NAME_` varchar(255) CHARACTER SET utf8mb3 COLLATE utf8mb3_bin NOT NULL,
  PRIMARY KEY (`ID_`) USING BTREE,
  UNIQUE INDEX `ACT_UNIQ_PRIV_NAME`(`NAME_` ASC) USING BTREE
) ENGINE = InnoDB CHARACTER SET = utf8mb3 COLLATE = utf8mb3_bin ROW_FORMAT = Dynamic;

-- ----------------------------
-- Records of ACT_ID_PRIV
-- ----------------------------

-- ----------------------------
-- Table structure for ACT_ID_PRIV_MAPPING
-- ----------------------------
DROP TABLE IF EXISTS `ACT_ID_PRIV_MAPPING`;
CREATE TABLE `ACT_ID_PRIV_MAPPING`  (
  `ID_` varchar(64) CHARACTER SET utf8mb3 COLLATE utf8mb3_bin NOT NULL,
  `PRIV_ID_` varchar(64) CHARACTER SET utf8mb3 COLLATE utf8mb3_bin NOT NULL,
  `USER_ID_` varchar(255) CHARACTER SET utf8mb3 COLLATE utf8mb3_bin NULL DEFAULT NULL,
  `GROUP_ID_` varchar(255) CHARACTER SET utf8mb3 COLLATE utf8mb3_bin NULL DEFAULT NULL,
  PRIMARY KEY (`ID_`) USING BTREE,
  INDEX `ACT_FK_PRIV_MAPPING`(`PRIV_ID_` ASC) USING BTREE,
  INDEX `ACT_IDX_PRIV_USER`(`USER_ID_` ASC) USING BTREE,
  INDEX `ACT_IDX_PRIV_GROUP`(`GROUP_ID_` ASC) USING BTREE,
  CONSTRAINT `ACT_FK_PRIV_MAPPING` FOREIGN KEY (`PRIV_ID_`) REFERENCES `ACT_ID_PRIV` (`ID_`) ON DELETE RESTRICT ON UPDATE RESTRICT
) ENGINE = InnoDB CHARACTER SET = utf8mb3 COLLATE = utf8mb3_bin ROW_FORMAT = Dynamic;

-- ----------------------------
-- Records of ACT_ID_PRIV_MAPPING
-- ----------------------------

-- ----------------------------
-- Table structure for ACT_ID_PROPERTY
-- ----------------------------
DROP TABLE IF EXISTS `ACT_ID_PROPERTY`;
CREATE TABLE `ACT_ID_PROPERTY`  (
  `NAME_` varchar(64) CHARACTER SET utf8mb3 COLLATE utf8mb3_bin NOT NULL,
  `VALUE_` varchar(300) CHARACTER SET utf8mb3 COLLATE utf8mb3_bin NULL DEFAULT NULL,
  `REV_` int NULL DEFAULT NULL,
  PRIMARY KEY (`NAME_`) USING BTREE
) ENGINE = InnoDB CHARACTER SET = utf8mb3 COLLATE = utf8mb3_bin ROW_FORMAT = Dynamic;

-- ----------------------------
-- Records of ACT_ID_PROPERTY
-- ----------------------------
INSERT INTO `ACT_ID_PROPERTY` VALUES ('schema.version', '7.0.1.1', 1);

-- ----------------------------
-- Table structure for ACT_ID_TOKEN
-- ----------------------------
DROP TABLE IF EXISTS `ACT_ID_TOKEN`;
CREATE TABLE `ACT_ID_TOKEN`  (
  `ID_` varchar(64) CHARACTER SET utf8mb3 COLLATE utf8mb3_bin NOT NULL,
  `REV_` int NULL DEFAULT NULL,
  `TOKEN_VALUE_` varchar(255) CHARACTER SET utf8mb3 COLLATE utf8mb3_bin NULL DEFAULT NULL,
  `TOKEN_DATE_` timestamp(3) NULL DEFAULT NULL,
  `IP_ADDRESS_` varchar(255) CHARACTER SET utf8mb3 COLLATE utf8mb3_bin NULL DEFAULT NULL,
  `USER_AGENT_` varchar(255) CHARACTER SET utf8mb3 COLLATE utf8mb3_bin NULL DEFAULT NULL,
  `USER_ID_` varchar(255) CHARACTER SET utf8mb3 COLLATE utf8mb3_bin NULL DEFAULT NULL,
  `TOKEN_DATA_` varchar(2000) CHARACTER SET utf8mb3 COLLATE utf8mb3_bin NULL DEFAULT NULL,
  PRIMARY KEY (`ID_`) USING BTREE
) ENGINE = InnoDB CHARACTER SET = utf8mb3 COLLATE = utf8mb3_bin ROW_FORMAT = Dynamic;

-- ----------------------------
-- Records of ACT_ID_TOKEN
-- ----------------------------

-- ----------------------------
-- Table structure for ACT_ID_USER
-- ----------------------------
DROP TABLE IF EXISTS `ACT_ID_USER`;
CREATE TABLE `ACT_ID_USER`  (
  `ID_` varchar(64) CHARACTER SET utf8mb3 COLLATE utf8mb3_bin NOT NULL,
  `REV_` int NULL DEFAULT NULL,
  `FIRST_` varchar(255) CHARACTER SET utf8mb3 COLLATE utf8mb3_bin NULL DEFAULT NULL,
  `LAST_` varchar(255) CHARACTER SET utf8mb3 COLLATE utf8mb3_bin NULL DEFAULT NULL,
  `DISPLAY_NAME_` varchar(255) CHARACTER SET utf8mb3 COLLATE utf8mb3_bin NULL DEFAULT NULL,
  `EMAIL_` varchar(255) CHARACTER SET utf8mb3 COLLATE utf8mb3_bin NULL DEFAULT NULL,
  `PWD_` varchar(255) CHARACTER SET utf8mb3 COLLATE utf8mb3_bin NULL DEFAULT NULL,
  `PICTURE_ID_` varchar(64) CHARACTER SET utf8mb3 COLLATE utf8mb3_bin NULL DEFAULT NULL,
  `TENANT_ID_` varchar(255) CHARACTER SET utf8mb3 COLLATE utf8mb3_bin NULL DEFAULT '',
  PRIMARY KEY (`ID_`) USING BTREE
) ENGINE = InnoDB CHARACTER SET = utf8mb3 COLLATE = utf8mb3_bin ROW_FORMAT = Dynamic;

-- ----------------------------
-- Records of ACT_ID_USER
-- ----------------------------

-- ----------------------------
-- Table structure for ACT_PROCDEF_INFO
-- ----------------------------
DROP TABLE IF EXISTS `ACT_PROCDEF_INFO`;
CREATE TABLE `ACT_PROCDEF_INFO`  (
  `ID_` varchar(64) CHARACTER SET utf8mb3 COLLATE utf8mb3_bin NOT NULL,
  `PROC_DEF_ID_` varchar(64) CHARACTER SET utf8mb3 COLLATE utf8mb3_bin NOT NULL,
  `REV_` int NULL DEFAULT NULL,
  `INFO_JSON_ID_` varchar(64) CHARACTER SET utf8mb3 COLLATE utf8mb3_bin NULL DEFAULT NULL,
  PRIMARY KEY (`ID_`) USING BTREE,
  UNIQUE INDEX `ACT_UNIQ_INFO_PROCDEF`(`PROC_DEF_ID_` ASC) USING BTREE,
  INDEX `ACT_IDX_INFO_PROCDEF`(`PROC_DEF_ID_` ASC) USING BTREE,
  INDEX `ACT_FK_INFO_JSON_BA`(`INFO_JSON_ID_` ASC) USING BTREE,
  CONSTRAINT `ACT_FK_INFO_JSON_BA` FOREIGN KEY (`INFO_JSON_ID_`) REFERENCES `ACT_GE_BYTEARRAY` (`ID_`) ON DELETE RESTRICT ON UPDATE RESTRICT,
  CONSTRAINT `ACT_FK_INFO_PROCDEF` FOREIGN KEY (`PROC_DEF_ID_`) REFERENCES `ACT_RE_PROCDEF` (`ID_`) ON DELETE RESTRICT ON UPDATE RESTRICT
) ENGINE = InnoDB CHARACTER SET = utf8mb3 COLLATE = utf8mb3_bin ROW_FORMAT = Dynamic;

-- ----------------------------
-- Records of ACT_PROCDEF_INFO
-- ----------------------------

-- ----------------------------
-- Table structure for ACT_RE_DEPLOYMENT
-- ----------------------------
DROP TABLE IF EXISTS `ACT_RE_DEPLOYMENT`;
CREATE TABLE `ACT_RE_DEPLOYMENT`  (
  `ID_` varchar(64) CHARACTER SET utf8mb3 COLLATE utf8mb3_bin NOT NULL,
  `NAME_` varchar(255) CHARACTER SET utf8mb3 COLLATE utf8mb3_bin NULL DEFAULT NULL,
  `CATEGORY_` varchar(255) CHARACTER SET utf8mb3 COLLATE utf8mb3_bin NULL DEFAULT NULL,
  `KEY_` varchar(255) CHARACTER SET utf8mb3 COLLATE utf8mb3_bin NULL DEFAULT NULL,
  `TENANT_ID_` varchar(255) CHARACTER SET utf8mb3 COLLATE utf8mb3_bin NULL DEFAULT '',
  `DEPLOY_TIME_` timestamp(3) NULL DEFAULT NULL,
  `DERIVED_FROM_` varchar(64) CHARACTER SET utf8mb3 COLLATE utf8mb3_bin NULL DEFAULT NULL,
  `DERIVED_FROM_ROOT_` varchar(64) CHARACTER SET utf8mb3 COLLATE utf8mb3_bin NULL DEFAULT NULL,
  `PARENT_DEPLOYMENT_ID_` varchar(255) CHARACTER SET utf8mb3 COLLATE utf8mb3_bin NULL DEFAULT NULL,
  `ENGINE_VERSION_` varchar(255) CHARACTER SET utf8mb3 COLLATE utf8mb3_bin NULL DEFAULT NULL,
  PRIMARY KEY (`ID_`) USING BTREE
) ENGINE = InnoDB CHARACTER SET = utf8mb3 COLLATE = utf8mb3_bin ROW_FORMAT = Dynamic;

-- ----------------------------
-- Records of ACT_RE_DEPLOYMENT
-- ----------------------------
INSERT INTO `ACT_RE_DEPLOYMENT` VALUES ('03c04ecd-e7bb-11ef-8aa3-cc28aa504d95', 'D:\\Code\\system2\\target\\classes\\processes\\test.bpmn20.xml', NULL, NULL, '', '2025-02-10 22:26:27.959', NULL, NULL, '03c04ecd-e7bb-11ef-8aa3-cc28aa504d95', NULL);
INSERT INTO `ACT_RE_DEPLOYMENT` VALUES ('03e11d41-e7bb-11ef-8aa3-cc28aa504d95', 'D:\\Code\\system2\\target\\classes\\processes\\.bpmn20.xml', NULL, NULL, '', '2025-02-10 22:26:28.174', NULL, NULL, '03e11d41-e7bb-11ef-8aa3-cc28aa504d95', NULL);
INSERT INTO `ACT_RE_DEPLOYMENT` VALUES ('0e100c36-e61c-11ef-ac58-cc28aa504d95', '.bpmn20.xml', 'OA', NULL, '', '2025-02-08 20:56:04.118', NULL, NULL, '0e100c36-e61c-11ef-ac58-cc28aa504d95', NULL);
INSERT INTO `ACT_RE_DEPLOYMENT` VALUES ('0ef02165-e6fc-11ef-9d7f-cc28aa504d95', '.bpmn20.xml', 'OA', NULL, '', '2025-02-09 23:39:32.854', NULL, NULL, '0ef02165-e6fc-11ef-9d7f-cc28aa504d95', NULL);
INSERT INTO `ACT_RE_DEPLOYMENT` VALUES ('0fc2355c-e6f0-11ef-acc6-cc28aa504d95', '.bpmn20.xml', 'OA', NULL, '', '2025-02-09 22:13:40.270', NULL, NULL, '0fc2355c-e6f0-11ef-acc6-cc28aa504d95', NULL);
INSERT INTO `ACT_RE_DEPLOYMENT` VALUES ('258ff6fc-e889-11ef-9400-cc28aa504d95', '.bpmn20.xml', 'OA', NULL, '', '2025-02-11 23:02:01.013', NULL, NULL, '258ff6fc-e889-11ef-9400-cc28aa504d95', NULL);
INSERT INTO `ACT_RE_DEPLOYMENT` VALUES ('424fdc53-e88c-11ef-9400-cc28aa504d95', '.bpmn20.xml', 'OA', NULL, '', '2025-02-11 23:24:17.737', NULL, NULL, '424fdc53-e88c-11ef-9400-cc28aa504d95', NULL);
INSERT INTO `ACT_RE_DEPLOYMENT` VALUES ('44a329d1-e886-11ef-a646-cc28aa504d95', '.bpmn20.xml', 'OA', NULL, '', '2025-02-11 22:41:24.658', NULL, NULL, '44a329d1-e886-11ef-a646-cc28aa504d95', NULL);
INSERT INTO `ACT_RE_DEPLOYMENT` VALUES ('6140d979-e704-11ef-8c34-cc28aa504d95', '.bpmn20.xml', 'OA', NULL, '', '2025-02-10 00:39:06.930', NULL, NULL, '6140d979-e704-11ef-8c34-cc28aa504d95', NULL);
INSERT INTO `ACT_RE_DEPLOYMENT` VALUES ('9b7c9c90-e6ec-11ef-9352-cc28aa504d95', 'D:\\Code\\system2\\target\\classes\\processes\\.bpmn20.xml', NULL, NULL, '', '2025-02-09 21:48:56.707', NULL, NULL, '9b7c9c90-e6ec-11ef-9352-cc28aa504d95', NULL);
INSERT INTO `ACT_RE_DEPLOYMENT` VALUES ('a17e8ded-e883-11ef-a646-cc28aa504d95', 'D:\\Code\\system2\\target\\classes\\processes\\.bpmn20.xml', NULL, NULL, '', '2025-02-11 22:22:31.954', NULL, NULL, 'a17e8ded-e883-11ef-a646-cc28aa504d95', NULL);
INSERT INTO `ACT_RE_DEPLOYMENT` VALUES ('a5451593-e88f-11ef-89cd-cc28aa504d95', 'D:\\Code\\system2\\target\\classes\\processes\\.bpmn20.xml', NULL, NULL, '', '2025-02-11 23:48:32.250', NULL, NULL, 'a5451593-e88f-11ef-89cd-cc28aa504d95', NULL);
INSERT INTO `ACT_RE_DEPLOYMENT` VALUES ('bdf872f9-e621-11ef-a57b-cc28aa504d95', 'D:\\Code\\system2\\target\\classes\\processes\\.bpmn20.xml', NULL, NULL, '', '2025-02-08 21:36:46.724', NULL, NULL, 'bdf872f9-e621-11ef-a57b-cc28aa504d95', NULL);
INSERT INTO `ACT_RE_DEPLOYMENT` VALUES ('cdcd9db2-e63e-11ef-8eea-cc28aa504d95', 'D:\\Code\\system2\\target\\classes\\processes\\ExpenseProcess.bpmn20.xml', NULL, NULL, '', '2025-02-09 01:04:48.692', NULL, NULL, 'cdcd9db2-e63e-11ef-8eea-cc28aa504d95', NULL);
INSERT INTO `ACT_RE_DEPLOYMENT` VALUES ('cde98a26-e63e-11ef-8eea-cc28aa504d95', 'D:\\Code\\system2\\target\\classes\\processes\\.bpmn20.xml', NULL, NULL, '', '2025-02-09 01:04:48.875', NULL, NULL, 'cde98a26-e63e-11ef-8eea-cc28aa504d95', NULL);
INSERT INTO `ACT_RE_DEPLOYMENT` VALUES ('cff0dcdd-e622-11ef-a57b-cc28aa504d95', '.bpmn20.xml', 'OA', NULL, '', '2025-02-08 21:44:26.372', NULL, NULL, 'cff0dcdd-e622-11ef-a57b-cc28aa504d95', NULL);
INSERT INTO `ACT_RE_DEPLOYMENT` VALUES ('da55d3b5-e6ed-11ef-92dc-cc28aa504d95', 'D:\\Code\\system2\\target\\classes\\processes\\.bpmn20.xml', NULL, NULL, '', '2025-02-09 21:57:51.646', NULL, NULL, 'da55d3b5-e6ed-11ef-92dc-cc28aa504d95', NULL);
INSERT INTO `ACT_RE_DEPLOYMENT` VALUES ('f7df08e8-e888-11ef-9400-cc28aa504d95', 'D:\\Code\\system2\\target\\classes\\processes\\.bpmn20.xml', NULL, NULL, '', '2025-02-11 23:00:44.355', NULL, NULL, 'f7df08e8-e888-11ef-9400-cc28aa504d95', NULL);

-- ----------------------------
-- Table structure for ACT_RE_MODEL
-- ----------------------------
DROP TABLE IF EXISTS `ACT_RE_MODEL`;
CREATE TABLE `ACT_RE_MODEL`  (
  `ID_` varchar(64) CHARACTER SET utf8mb3 COLLATE utf8mb3_bin NOT NULL,
  `REV_` int NULL DEFAULT NULL,
  `NAME_` varchar(255) CHARACTER SET utf8mb3 COLLATE utf8mb3_bin NULL DEFAULT NULL,
  `KEY_` varchar(255) CHARACTER SET utf8mb3 COLLATE utf8mb3_bin NULL DEFAULT NULL,
  `CATEGORY_` varchar(255) CHARACTER SET utf8mb3 COLLATE utf8mb3_bin NULL DEFAULT NULL,
  `CREATE_TIME_` timestamp(3) NULL DEFAULT NULL,
  `LAST_UPDATE_TIME_` timestamp(3) NULL DEFAULT NULL,
  `VERSION_` int NULL DEFAULT NULL,
  `META_INFO_` varchar(4000) CHARACTER SET utf8mb3 COLLATE utf8mb3_bin NULL DEFAULT NULL,
  `DEPLOYMENT_ID_` varchar(64) CHARACTER SET utf8mb3 COLLATE utf8mb3_bin NULL DEFAULT NULL,
  `EDITOR_SOURCE_VALUE_ID_` varchar(64) CHARACTER SET utf8mb3 COLLATE utf8mb3_bin NULL DEFAULT NULL,
  `EDITOR_SOURCE_EXTRA_VALUE_ID_` varchar(64) CHARACTER SET utf8mb3 COLLATE utf8mb3_bin NULL DEFAULT NULL,
  `TENANT_ID_` varchar(255) CHARACTER SET utf8mb3 COLLATE utf8mb3_bin NULL DEFAULT '',
  PRIMARY KEY (`ID_`) USING BTREE,
  INDEX `ACT_FK_MODEL_SOURCE`(`EDITOR_SOURCE_VALUE_ID_` ASC) USING BTREE,
  INDEX `ACT_FK_MODEL_SOURCE_EXTRA`(`EDITOR_SOURCE_EXTRA_VALUE_ID_` ASC) USING BTREE,
  INDEX `ACT_FK_MODEL_DEPLOYMENT`(`DEPLOYMENT_ID_` ASC) USING BTREE,
  CONSTRAINT `ACT_FK_MODEL_DEPLOYMENT` FOREIGN KEY (`DEPLOYMENT_ID_`) REFERENCES `ACT_RE_DEPLOYMENT` (`ID_`) ON DELETE RESTRICT ON UPDATE RESTRICT,
  CONSTRAINT `ACT_FK_MODEL_SOURCE` FOREIGN KEY (`EDITOR_SOURCE_VALUE_ID_`) REFERENCES `ACT_GE_BYTEARRAY` (`ID_`) ON DELETE RESTRICT ON UPDATE RESTRICT,
  CONSTRAINT `ACT_FK_MODEL_SOURCE_EXTRA` FOREIGN KEY (`EDITOR_SOURCE_EXTRA_VALUE_ID_`) REFERENCES `ACT_GE_BYTEARRAY` (`ID_`) ON DELETE RESTRICT ON UPDATE RESTRICT
) ENGINE = InnoDB CHARACTER SET = utf8mb3 COLLATE = utf8mb3_bin ROW_FORMAT = Dynamic;

-- ----------------------------
-- Records of ACT_RE_MODEL
-- ----------------------------

-- ----------------------------
-- Table structure for ACT_RE_PROCDEF
-- ----------------------------
DROP TABLE IF EXISTS `ACT_RE_PROCDEF`;
CREATE TABLE `ACT_RE_PROCDEF`  (
  `ID_` varchar(64) CHARACTER SET utf8mb3 COLLATE utf8mb3_bin NOT NULL,
  `REV_` int NULL DEFAULT NULL,
  `CATEGORY_` varchar(255) CHARACTER SET utf8mb3 COLLATE utf8mb3_bin NULL DEFAULT NULL,
  `NAME_` varchar(255) CHARACTER SET utf8mb3 COLLATE utf8mb3_bin NULL DEFAULT NULL,
  `KEY_` varchar(255) CHARACTER SET utf8mb3 COLLATE utf8mb3_bin NOT NULL,
  `VERSION_` int NOT NULL,
  `DEPLOYMENT_ID_` varchar(64) CHARACTER SET utf8mb3 COLLATE utf8mb3_bin NULL DEFAULT NULL,
  `RESOURCE_NAME_` varchar(4000) CHARACTER SET utf8mb3 COLLATE utf8mb3_bin NULL DEFAULT NULL,
  `DGRM_RESOURCE_NAME_` varchar(4000) CHARACTER SET utf8mb3 COLLATE utf8mb3_bin NULL DEFAULT NULL,
  `DESCRIPTION_` varchar(4000) CHARACTER SET utf8mb3 COLLATE utf8mb3_bin NULL DEFAULT NULL,
  `HAS_START_FORM_KEY_` tinyint NULL DEFAULT NULL,
  `HAS_GRAPHICAL_NOTATION_` tinyint NULL DEFAULT NULL,
  `SUSPENSION_STATE_` int NULL DEFAULT NULL,
  `TENANT_ID_` varchar(255) CHARACTER SET utf8mb3 COLLATE utf8mb3_bin NULL DEFAULT '',
  `ENGINE_VERSION_` varchar(255) CHARACTER SET utf8mb3 COLLATE utf8mb3_bin NULL DEFAULT NULL,
  `DERIVED_FROM_` varchar(64) CHARACTER SET utf8mb3 COLLATE utf8mb3_bin NULL DEFAULT NULL,
  `DERIVED_FROM_ROOT_` varchar(64) CHARACTER SET utf8mb3 COLLATE utf8mb3_bin NULL DEFAULT NULL,
  `DERIVED_VERSION_` int NOT NULL DEFAULT 0,
  PRIMARY KEY (`ID_`) USING BTREE,
  UNIQUE INDEX `ACT_UNIQ_PROCDEF`(`KEY_` ASC, `VERSION_` ASC, `DERIVED_VERSION_` ASC, `TENANT_ID_` ASC) USING BTREE
) ENGINE = InnoDB CHARACTER SET = utf8mb3 COLLATE = utf8mb3_bin ROW_FORMAT = Dynamic;

-- ----------------------------
-- Records of ACT_RE_PROCDEF
-- ----------------------------
INSERT INTO `ACT_RE_PROCDEF` VALUES ('03de3710-e7bb-11ef-8aa3-cc28aa504d95', 1, 'http://www.flowable.org/processdef', '', 'CommonExamineAndApproveFlow', 1, '03c04ecd-e7bb-11ef-8aa3-cc28aa504d95', 'D:\\Code\\system2\\target\\classes\\processes\\test.bpmn20.xml', 'D:\\Code\\system2\\target\\classes\\processes\\test.CommonExamineAndApproveFlow.png', NULL, 0, 1, 1, '', NULL, NULL, NULL, 0);
INSERT INTO `ACT_RE_PROCDEF` VALUES ('Expense:1:cde74035-e63e-11ef-8eea-cc28aa504d95', 1, 'http://www.flowable.org/processdef', 'ExpenseProcess', 'Expense', 1, 'cdcd9db2-e63e-11ef-8eea-cc28aa504d95', 'D:\\Code\\system2\\target\\classes\\processes\\ExpenseProcess.bpmn20.xml', 'D:\\Code\\system2\\target\\classes\\processes\\ExpenseProcess.Expense.png', '', 0, 1, 1, '', NULL, NULL, NULL, 0);
INSERT INTO `ACT_RE_PROCDEF` VALUES ('assetCall:10:03e82224-e7bb-11ef-8aa3-cc28aa504d95', 1, 'http://www.flowable.org/processdef', '', 'assetCall', 10, '03e11d41-e7bb-11ef-8aa3-cc28aa504d95', 'D:\\Code\\system2\\target\\classes\\processes\\.bpmn20.xml', 'D:\\Code\\system2\\target\\classes\\processes\\.assetCall.png', '', 0, 1, 1, '', NULL, NULL, NULL, 0);
INSERT INTO `ACT_RE_PROCDEF` VALUES ('assetCall:11:a19941e0-e883-11ef-a646-cc28aa504d95', 1, 'http://www.flowable.org/processdef', '', 'assetCall', 11, 'a17e8ded-e883-11ef-a646-cc28aa504d95', 'D:\\Code\\system2\\target\\classes\\processes\\.bpmn20.xml', 'D:\\Code\\system2\\target\\classes\\processes\\.assetCall.png', '', 0, 1, 1, '', NULL, NULL, NULL, 0);
INSERT INTO `ACT_RE_PROCDEF` VALUES ('assetCall:12:44abb554-e886-11ef-a646-cc28aa504d95', 1, 'http://www.flowable.org/processdef', '', 'assetCall', 12, '44a329d1-e886-11ef-a646-cc28aa504d95', '.bpmn20.xml', '.assetCall.png', '', 0, 1, 1, '', NULL, NULL, NULL, 0);
INSERT INTO `ACT_RE_PROCDEF` VALUES ('assetCall:13:f7f799fb-e888-11ef-9400-cc28aa504d95', 1, 'http://www.flowable.org/processdef', '', 'assetCall', 13, 'f7df08e8-e888-11ef-9400-cc28aa504d95', 'D:\\Code\\system2\\target\\classes\\processes\\.bpmn20.xml', 'D:\\Code\\system2\\target\\classes\\processes\\.assetCall.png', '', 0, 1, 1, '', NULL, NULL, NULL, 0);
INSERT INTO `ACT_RE_PROCDEF` VALUES ('assetCall:14:259722ef-e889-11ef-9400-cc28aa504d95', 1, 'http://www.flowable.org/processdef', '', 'assetCall', 14, '258ff6fc-e889-11ef-9400-cc28aa504d95', '.bpmn20.xml', '.assetCall.png', '', 0, 1, 1, '', NULL, NULL, NULL, 0);
INSERT INTO `ACT_RE_PROCDEF` VALUES ('assetCall:15:42561de6-e88c-11ef-9400-cc28aa504d95', 1, 'http://www.flowable.org/processdef', '', 'assetCall', 15, '424fdc53-e88c-11ef-9400-cc28aa504d95', '.bpmn20.xml', '.assetCall.png', '', 0, 1, 1, '', NULL, NULL, NULL, 0);
INSERT INTO `ACT_RE_PROCDEF` VALUES ('assetCall:16:a55e42e6-e88f-11ef-89cd-cc28aa504d95', 1, 'http://www.flowable.org/processdef', '', 'assetCall', 16, 'a5451593-e88f-11ef-89cd-cc28aa504d95', 'D:\\Code\\system2\\target\\classes\\processes\\.bpmn20.xml', 'D:\\Code\\system2\\target\\classes\\processes\\.assetCall.png', '', 0, 1, 1, '', NULL, NULL, NULL, 0);
INSERT INTO `ACT_RE_PROCDEF` VALUES ('assetCall:1:0e29d5c9-e61c-11ef-ac58-cc28aa504d95', 1, 'http://www.flowable.org/processdef', '', 'assetCall', 1, '0e100c36-e61c-11ef-ac58-cc28aa504d95', '.bpmn20.xml', '.assetCall.png', '', 0, 1, 1, '', NULL, NULL, NULL, 0);
INSERT INTO `ACT_RE_PROCDEF` VALUES ('assetCall:2:be12157c-e621-11ef-a57b-cc28aa504d95', 1, 'http://www.flowable.org/processdef', '', 'assetCall', 2, 'bdf872f9-e621-11ef-a57b-cc28aa504d95', 'D:\\Code\\system2\\target\\classes\\processes\\.bpmn20.xml', 'D:\\Code\\system2\\target\\classes\\processes\\.assetCall.png', '', 0, 1, 1, '', NULL, NULL, NULL, 0);
INSERT INTO `ACT_RE_PROCDEF` VALUES ('assetCall:3:cff8a510-e622-11ef-a57b-cc28aa504d95', 1, 'http://www.flowable.org/processdef', '', 'assetCall', 3, 'cff0dcdd-e622-11ef-a57b-cc28aa504d95', '.bpmn20.xml', '.assetCall.png', '', 0, 1, 1, '', NULL, NULL, NULL, 0);
INSERT INTO `ACT_RE_PROCDEF` VALUES ('assetCall:4:cdf0dd29-e63e-11ef-8eea-cc28aa504d95', 1, 'http://www.flowable.org/processdef', '', 'assetCall', 4, 'cde98a26-e63e-11ef-8eea-cc28aa504d95', 'D:\\Code\\system2\\target\\classes\\processes\\.bpmn20.xml', 'D:\\Code\\system2\\target\\classes\\processes\\.assetCall.png', '', 0, 1, 1, '', NULL, NULL, NULL, 0);
INSERT INTO `ACT_RE_PROCDEF` VALUES ('assetCall:5:9b997363-e6ec-11ef-9352-cc28aa504d95', 1, 'http://www.flowable.org/processdef', '', 'assetCall', 5, '9b7c9c90-e6ec-11ef-9352-cc28aa504d95', 'D:\\Code\\system2\\target\\classes\\processes\\.bpmn20.xml', 'D:\\Code\\system2\\target\\classes\\processes\\.assetCall.png', '', 0, 1, 1, '', NULL, NULL, NULL, 0);
INSERT INTO `ACT_RE_PROCDEF` VALUES ('assetCall:6:da6f0108-e6ed-11ef-92dc-cc28aa504d95', 1, 'http://www.flowable.org/processdef', '', 'assetCall', 6, 'da55d3b5-e6ed-11ef-92dc-cc28aa504d95', 'D:\\Code\\system2\\target\\classes\\processes\\.bpmn20.xml', 'D:\\Code\\system2\\target\\classes\\processes\\.assetCall.png', '', 0, 1, 1, '', NULL, NULL, NULL, 0);
INSERT INTO `ACT_RE_PROCDEF` VALUES ('assetCall:7:0fdd376f-e6f0-11ef-acc6-cc28aa504d95', 1, 'http://www.flowable.org/processdef', '', 'assetCall', 7, '0fc2355c-e6f0-11ef-acc6-cc28aa504d95', '.bpmn20.xml', '.assetCall.png', '', 0, 1, 1, '', NULL, NULL, NULL, 0);
INSERT INTO `ACT_RE_PROCDEF` VALUES ('assetCall:8:0f0bbfb8-e6fc-11ef-9d7f-cc28aa504d95', 1, 'http://www.flowable.org/processdef', '', 'assetCall', 8, '0ef02165-e6fc-11ef-9d7f-cc28aa504d95', '.bpmn20.xml', '.assetCall.png', '', 0, 1, 1, '', NULL, NULL, NULL, 0);
INSERT INTO `ACT_RE_PROCDEF` VALUES ('assetCall:9:615f36ec-e704-11ef-8c34-cc28aa504d95', 1, 'http://www.flowable.org/processdef', '', 'assetCall', 9, '6140d979-e704-11ef-8c34-cc28aa504d95', '.bpmn20.xml', '.assetCall.png', '', 0, 1, 1, '', NULL, NULL, NULL, 0);

-- ----------------------------
-- Table structure for ACT_RU_ACTINST
-- ----------------------------
DROP TABLE IF EXISTS `ACT_RU_ACTINST`;
CREATE TABLE `ACT_RU_ACTINST`  (
  `ID_` varchar(64) CHARACTER SET utf8mb3 COLLATE utf8mb3_bin NOT NULL,
  `REV_` int NULL DEFAULT 1,
  `PROC_DEF_ID_` varchar(64) CHARACTER SET utf8mb3 COLLATE utf8mb3_bin NOT NULL,
  `PROC_INST_ID_` varchar(64) CHARACTER SET utf8mb3 COLLATE utf8mb3_bin NOT NULL,
  `EXECUTION_ID_` varchar(64) CHARACTER SET utf8mb3 COLLATE utf8mb3_bin NOT NULL,
  `ACT_ID_` varchar(255) CHARACTER SET utf8mb3 COLLATE utf8mb3_bin NOT NULL,
  `TASK_ID_` varchar(64) CHARACTER SET utf8mb3 COLLATE utf8mb3_bin NULL DEFAULT NULL,
  `CALL_PROC_INST_ID_` varchar(64) CHARACTER SET utf8mb3 COLLATE utf8mb3_bin NULL DEFAULT NULL,
  `ACT_NAME_` varchar(255) CHARACTER SET utf8mb3 COLLATE utf8mb3_bin NULL DEFAULT NULL,
  `ACT_TYPE_` varchar(255) CHARACTER SET utf8mb3 COLLATE utf8mb3_bin NOT NULL,
  `ASSIGNEE_` varchar(255) CHARACTER SET utf8mb3 COLLATE utf8mb3_bin NULL DEFAULT NULL,
  `START_TIME_` datetime(3) NOT NULL,
  `END_TIME_` datetime(3) NULL DEFAULT NULL,
  `DURATION_` bigint NULL DEFAULT NULL,
  `TRANSACTION_ORDER_` int NULL DEFAULT NULL,
  `DELETE_REASON_` varchar(4000) CHARACTER SET utf8mb3 COLLATE utf8mb3_bin NULL DEFAULT NULL,
  `TENANT_ID_` varchar(255) CHARACTER SET utf8mb3 COLLATE utf8mb3_bin NULL DEFAULT '',
  PRIMARY KEY (`ID_`) USING BTREE,
  INDEX `ACT_IDX_RU_ACTI_START`(`START_TIME_` ASC) USING BTREE,
  INDEX `ACT_IDX_RU_ACTI_END`(`END_TIME_` ASC) USING BTREE,
  INDEX `ACT_IDX_RU_ACTI_PROC`(`PROC_INST_ID_` ASC) USING BTREE,
  INDEX `ACT_IDX_RU_ACTI_PROC_ACT`(`PROC_INST_ID_` ASC, `ACT_ID_` ASC) USING BTREE,
  INDEX `ACT_IDX_RU_ACTI_EXEC`(`EXECUTION_ID_` ASC) USING BTREE,
  INDEX `ACT_IDX_RU_ACTI_EXEC_ACT`(`EXECUTION_ID_` ASC, `ACT_ID_` ASC) USING BTREE,
  INDEX `ACT_IDX_RU_ACTI_TASK`(`TASK_ID_` ASC) USING BTREE
) ENGINE = InnoDB CHARACTER SET = utf8mb3 COLLATE = utf8mb3_bin ROW_FORMAT = Dynamic;

-- ----------------------------
-- Records of ACT_RU_ACTINST
-- ----------------------------
INSERT INTO `ACT_RU_ACTINST` VALUES ('0c177ada-e706-11ef-8c34-cc28aa504d95', 1, 'assetCall:9:615f36ec-e704-11ef-8c34-cc28aa504d95', '6d1765cd-e704-11ef-8c34-cc28aa504d95', '6d17b3f1-e704-11ef-8c34-cc28aa504d95', 'sid-F0401001-ED62-4B72-9487-C9D4713774BE', NULL, NULL, NULL, 'sequenceFlow', NULL, '2025-02-10 00:51:03.046', '2025-02-10 00:51:03.046', 0, 1, NULL, '');
INSERT INTO `ACT_RU_ACTINST` VALUES ('0c177adb-e706-11ef-8c34-cc28aa504d95', 1, 'assetCall:9:615f36ec-e704-11ef-8c34-cc28aa504d95', '6d1765cd-e704-11ef-8c34-cc28aa504d95', '6d17b3f1-e704-11ef-8c34-cc28aa504d95', 'sid-D76C049C-53A8-44F0-8A1C-930D9D685132', '0c177adc-e706-11ef-8c34-cc28aa504d95', NULL, '', 'userTask', '3', '2025-02-10 00:51:03.046', NULL, NULL, 2, NULL, '');
INSERT INTO `ACT_RU_ACTINST` VALUES ('121497ff-e872-11ef-9e03-cc28aa504d95', 1, 'assetCall:10:03e82224-e7bb-11ef-8aa3-cc28aa504d95', 'd578b9f2-e86e-11ef-9e03-cc28aa504d95', 'd578e106-e86e-11ef-9e03-cc28aa504d95', 'sid-F0401001-ED62-4B72-9487-C9D4713774BE', NULL, NULL, NULL, 'sequenceFlow', NULL, '2025-02-11 20:16:49.903', '2025-02-11 20:16:49.903', 0, 1, NULL, '');
INSERT INTO `ACT_RU_ACTINST` VALUES ('12149800-e872-11ef-9e03-cc28aa504d95', 1, 'assetCall:10:03e82224-e7bb-11ef-8aa3-cc28aa504d95', 'd578b9f2-e86e-11ef-9e03-cc28aa504d95', 'd578e106-e86e-11ef-9e03-cc28aa504d95', 'sid-D76C049C-53A8-44F0-8A1C-930D9D685132', '12149801-e872-11ef-9e03-cc28aa504d95', NULL, '2', 'userTask', '1', '2025-02-11 20:16:49.903', NULL, NULL, 2, NULL, '');
INSERT INTO `ACT_RU_ACTINST` VALUES ('18d97cea-e887-11ef-a646-cc28aa504d95', 1, 'assetCall:12:44abb554-e886-11ef-a646-cc28aa504d95', '18d92ec5-e887-11ef-a646-cc28aa504d95', '18d97ce9-e887-11ef-a646-cc28aa504d95', 'startEvent1', NULL, NULL, NULL, 'startEvent', NULL, '2025-02-11 22:47:20.691', '2025-02-11 22:47:20.692', 1, 1, NULL, '');
INSERT INTO `ACT_RU_ACTINST` VALUES ('18d9cb0b-e887-11ef-a646-cc28aa504d95', 1, 'assetCall:12:44abb554-e886-11ef-a646-cc28aa504d95', '18d92ec5-e887-11ef-a646-cc28aa504d95', '18d97ce9-e887-11ef-a646-cc28aa504d95', 'sid-D79E8532-796F-45A3-992A-78ECF18727F0', NULL, NULL, NULL, 'sequenceFlow', NULL, '2025-02-11 22:47:20.693', '2025-02-11 22:47:20.693', 0, 2, NULL, '');
INSERT INTO `ACT_RU_ACTINST` VALUES ('18d9cb0c-e887-11ef-a646-cc28aa504d95', 1, 'assetCall:12:44abb554-e886-11ef-a646-cc28aa504d95', '18d92ec5-e887-11ef-a646-cc28aa504d95', '18d97ce9-e887-11ef-a646-cc28aa504d95', 'sid-28F4649C-2790-4561-8A7F-9A81B0D74E8E', '18de5eed-e887-11ef-a646-cc28aa504d95', NULL, '', 'userTask', '3', '2025-02-11 22:47:20.693', NULL, NULL, 3, NULL, '');
INSERT INTO `ACT_RU_ACTINST` VALUES ('194b2cd9-e70e-11ef-8c34-cc28aa504d95', 1, 'assetCall:9:615f36ec-e704-11ef-8c34-cc28aa504d95', '75a1b0bf-e708-11ef-8c34-cc28aa504d95', '75a1b0c3-e708-11ef-8c34-cc28aa504d95', 'sid-C18B5D15-740C-4058-804E-2A89379D9EF5', NULL, NULL, NULL, 'sequenceFlow', NULL, '2025-02-10 01:48:41.169', '2025-02-10 01:48:41.169', 0, 1, NULL, '');
INSERT INTO `ACT_RU_ACTINST` VALUES ('194b2cda-e70e-11ef-8c34-cc28aa504d95', 1, 'assetCall:9:615f36ec-e704-11ef-8c34-cc28aa504d95', '75a1b0bf-e708-11ef-8c34-cc28aa504d95', '75a1b0c3-e708-11ef-8c34-cc28aa504d95', 'sid-65BE3F99-8DED-483F-92F3-A3D34F51DAC3', NULL, NULL, NULL, 'exclusiveGateway', NULL, '2025-02-10 01:48:41.169', '2025-02-10 01:48:41.169', 0, 2, NULL, '');
INSERT INTO `ACT_RU_ACTINST` VALUES ('194b2cdb-e70e-11ef-8c34-cc28aa504d95', 1, 'assetCall:9:615f36ec-e704-11ef-8c34-cc28aa504d95', '75a1b0bf-e708-11ef-8c34-cc28aa504d95', '75a1b0c3-e708-11ef-8c34-cc28aa504d95', 'sid-0AB9B4A2-C9F0-4D17-8ECF-8073B78EA26D', NULL, NULL, NULL, 'sequenceFlow', NULL, '2025-02-10 01:48:41.169', '2025-02-10 01:48:41.169', 0, 3, NULL, '');
INSERT INTO `ACT_RU_ACTINST` VALUES ('194b53ec-e70e-11ef-8c34-cc28aa504d95', 1, 'assetCall:9:615f36ec-e704-11ef-8c34-cc28aa504d95', '75a1b0bf-e708-11ef-8c34-cc28aa504d95', '75a1b0c3-e708-11ef-8c34-cc28aa504d95', 'sid-28F4649C-2790-4561-8A7F-9A81B0D74E8E', '194b53ed-e70e-11ef-8c34-cc28aa504d95', NULL, '', 'userTask', '3', '2025-02-10 01:48:41.170', NULL, NULL, 4, NULL, '');
INSERT INTO `ACT_RU_ACTINST` VALUES ('332a5365-e889-11ef-9400-cc28aa504d95', 1, 'assetCall:14:259722ef-e889-11ef-9400-cc28aa504d95', '332a2c50-e889-11ef-9400-cc28aa504d95', '332a5364-e889-11ef-9400-cc28aa504d95', 'startEvent1', NULL, NULL, NULL, 'startEvent', NULL, '2025-02-11 23:02:23.835', '2025-02-11 23:02:23.837', 2, 1, NULL, '');
INSERT INTO `ACT_RU_ACTINST` VALUES ('332ac896-e889-11ef-9400-cc28aa504d95', 1, 'assetCall:14:259722ef-e889-11ef-9400-cc28aa504d95', '332a2c50-e889-11ef-9400-cc28aa504d95', '332a5364-e889-11ef-9400-cc28aa504d95', 'sid-D79E8532-796F-45A3-992A-78ECF18727F0', NULL, NULL, NULL, 'sequenceFlow', NULL, '2025-02-11 23:02:23.838', '2025-02-11 23:02:23.838', 0, 2, NULL, '');
INSERT INTO `ACT_RU_ACTINST` VALUES ('332ac897-e889-11ef-9400-cc28aa504d95', 1, 'assetCall:14:259722ef-e889-11ef-9400-cc28aa504d95', '332a2c50-e889-11ef-9400-cc28aa504d95', '332a5364-e889-11ef-9400-cc28aa504d95', 'sid-28F4649C-2790-4561-8A7F-9A81B0D74E8E', '332c2828-e889-11ef-9400-cc28aa504d95', NULL, '', 'userTask', '3', '2025-02-11 23:02:23.838', NULL, NULL, 3, NULL, '');
INSERT INTO `ACT_RU_ACTINST` VALUES ('3bb96e20-e707-11ef-8c34-cc28aa504d95', 1, 'assetCall:9:615f36ec-e704-11ef-8c34-cc28aa504d95', 'f472aa2e-e706-11ef-8c34-cc28aa504d95', 'f472aa32-e706-11ef-8c34-cc28aa504d95', 'sid-5D644AEA-9B8E-4A54-B6A1-3F36CE995EEB', NULL, NULL, NULL, 'sequenceFlow', NULL, '2025-02-10 00:59:32.457', '2025-02-10 00:59:32.457', 0, 1, NULL, '');
INSERT INTO `ACT_RU_ACTINST` VALUES ('3bb99531-e707-11ef-8c34-cc28aa504d95', 2, 'assetCall:9:615f36ec-e704-11ef-8c34-cc28aa504d95', 'f472aa2e-e706-11ef-8c34-cc28aa504d95', 'f472aa32-e706-11ef-8c34-cc28aa504d95', 'sid-E3F94567-6F1D-46DB-8B88-CC193B1E34C0', '3bb99532-e707-11ef-8c34-cc28aa504d95', NULL, '', 'userTask', '2', '2025-02-10 00:59:32.458', '2025-02-10 01:02:46.712', 194254, 2, NULL, '');
INSERT INTO `ACT_RU_ACTINST` VALUES ('3c018156-e623-11ef-a57b-cc28aa504d95', 1, 'assetCall:3:cff8a510-e622-11ef-a57b-cc28aa504d95', '3c015a41-e623-11ef-a57b-cc28aa504d95', '3c018155-e623-11ef-a57b-cc28aa504d95', 'startEvent1', NULL, NULL, NULL, 'startEvent', NULL, '2025-02-08 21:47:27.675', '2025-02-08 21:47:27.677', 2, 1, NULL, '');
INSERT INTO `ACT_RU_ACTINST` VALUES ('3c01cf77-e623-11ef-a57b-cc28aa504d95', 1, 'assetCall:3:cff8a510-e622-11ef-a57b-cc28aa504d95', '3c015a41-e623-11ef-a57b-cc28aa504d95', '3c018155-e623-11ef-a57b-cc28aa504d95', 'sid-D79E8532-796F-45A3-992A-78ECF18727F0', NULL, NULL, NULL, 'sequenceFlow', NULL, '2025-02-08 21:47:27.677', '2025-02-08 21:47:27.677', 0, 2, NULL, '');
INSERT INTO `ACT_RU_ACTINST` VALUES ('3c01cf78-e623-11ef-a57b-cc28aa504d95', 1, 'assetCall:3:cff8a510-e622-11ef-a57b-cc28aa504d95', '3c015a41-e623-11ef-a57b-cc28aa504d95', '3c018155-e623-11ef-a57b-cc28aa504d95', 'sid-28F4649C-2790-4561-8A7F-9A81B0D74E8E', '3c044079-e623-11ef-a57b-cc28aa504d95', NULL, '', 'userTask', '3', '2025-02-08 21:47:27.677', NULL, NULL, 3, NULL, '');
INSERT INTO `ACT_RU_ACTINST` VALUES ('3e6ee897-e6f0-11ef-acc6-cc28aa504d95', 1, 'assetCall:7:0fdd376f-e6f0-11ef-acc6-cc28aa504d95', '3e6e9a70-e6f0-11ef-acc6-cc28aa504d95', '3e6ee896-e6f0-11ef-acc6-cc28aa504d95', 'startEvent1', NULL, NULL, NULL, 'startEvent', NULL, '2025-02-09 22:14:58.577', '2025-02-09 22:14:58.579', 2, 1, NULL, '');
INSERT INTO `ACT_RU_ACTINST` VALUES ('3e6f36b8-e6f0-11ef-acc6-cc28aa504d95', 1, 'assetCall:7:0fdd376f-e6f0-11ef-acc6-cc28aa504d95', '3e6e9a70-e6f0-11ef-acc6-cc28aa504d95', '3e6ee896-e6f0-11ef-acc6-cc28aa504d95', 'sid-D79E8532-796F-45A3-992A-78ECF18727F0', NULL, NULL, NULL, 'sequenceFlow', NULL, '2025-02-09 22:14:58.579', '2025-02-09 22:14:58.579', 0, 2, NULL, '');
INSERT INTO `ACT_RU_ACTINST` VALUES ('3e6f36b9-e6f0-11ef-acc6-cc28aa504d95', 2, 'assetCall:7:0fdd376f-e6f0-11ef-acc6-cc28aa504d95', '3e6e9a70-e6f0-11ef-acc6-cc28aa504d95', '3e6ee896-e6f0-11ef-acc6-cc28aa504d95', 'sid-28F4649C-2790-4561-8A7F-9A81B0D74E8E', '3e70bd5a-e6f0-11ef-acc6-cc28aa504d95', NULL, '', 'userTask', '3', '2025-02-09 22:14:58.579', '2025-02-09 22:19:38.280', 279701, 3, NULL, '');
INSERT INTO `ACT_RU_ACTINST` VALUES ('52b1f549-e624-11ef-88f5-cc28aa504d95', 1, 'assetCall:3:cff8a510-e622-11ef-a57b-cc28aa504d95', '52b1a724-e624-11ef-88f5-cc28aa504d95', '52b1f548-e624-11ef-88f5-cc28aa504d95', 'startEvent1', NULL, NULL, NULL, 'startEvent', NULL, '2025-02-08 21:55:15.238', '2025-02-08 21:55:15.239', 1, 1, NULL, '');
INSERT INTO `ACT_RU_ACTINST` VALUES ('52b2436a-e624-11ef-88f5-cc28aa504d95', 1, 'assetCall:3:cff8a510-e622-11ef-a57b-cc28aa504d95', '52b1a724-e624-11ef-88f5-cc28aa504d95', '52b1f548-e624-11ef-88f5-cc28aa504d95', 'sid-D79E8532-796F-45A3-992A-78ECF18727F0', NULL, NULL, NULL, 'sequenceFlow', NULL, '2025-02-08 21:55:15.240', '2025-02-08 21:55:15.240', 0, 2, NULL, '');
INSERT INTO `ACT_RU_ACTINST` VALUES ('52b2436b-e624-11ef-88f5-cc28aa504d95', 1, 'assetCall:3:cff8a510-e622-11ef-a57b-cc28aa504d95', '52b1a724-e624-11ef-88f5-cc28aa504d95', '52b1f548-e624-11ef-88f5-cc28aa504d95', 'sid-28F4649C-2790-4561-8A7F-9A81B0D74E8E', '52b3a2fc-e624-11ef-88f5-cc28aa504d95', NULL, '', 'userTask', '3', '2025-02-08 21:55:15.240', NULL, NULL, 3, NULL, '');
INSERT INTO `ACT_RU_ACTINST` VALUES ('54956bda-e62d-11ef-9fbd-cc28aa504d95', 1, 'assetCall:3:cff8a510-e622-11ef-a57b-cc28aa504d95', '549544c5-e62d-11ef-9fbd-cc28aa504d95', '54956bd9-e62d-11ef-9fbd-cc28aa504d95', 'startEvent1', NULL, NULL, NULL, 'startEvent', NULL, '2025-02-08 22:59:43.877', '2025-02-08 22:59:43.879', 2, 1, NULL, '');
INSERT INTO `ACT_RU_ACTINST` VALUES ('5495b9fb-e62d-11ef-9fbd-cc28aa504d95', 1, 'assetCall:3:cff8a510-e622-11ef-a57b-cc28aa504d95', '549544c5-e62d-11ef-9fbd-cc28aa504d95', '54956bd9-e62d-11ef-9fbd-cc28aa504d95', 'sid-D79E8532-796F-45A3-992A-78ECF18727F0', NULL, NULL, NULL, 'sequenceFlow', NULL, '2025-02-08 22:59:43.879', '2025-02-08 22:59:43.879', 0, 2, NULL, '');
INSERT INTO `ACT_RU_ACTINST` VALUES ('5495b9fc-e62d-11ef-9fbd-cc28aa504d95', 1, 'assetCall:3:cff8a510-e622-11ef-a57b-cc28aa504d95', '549544c5-e62d-11ef-9fbd-cc28aa504d95', '54956bd9-e62d-11ef-9fbd-cc28aa504d95', 'sid-28F4649C-2790-4561-8A7F-9A81B0D74E8E', '5497409d-e62d-11ef-9fbd-cc28aa504d95', NULL, '', 'userTask', '3', '2025-02-08 22:59:43.879', NULL, NULL, 3, NULL, '');
INSERT INTO `ACT_RU_ACTINST` VALUES ('634d6624-e871-11ef-9e03-cc28aa504d95', 1, 'assetCall:10:03e82224-e7bb-11ef-8aa3-cc28aa504d95', 'd578b9f2-e86e-11ef-9e03-cc28aa504d95', 'd578e106-e86e-11ef-9e03-cc28aa504d95', 'sid-5D644AEA-9B8E-4A54-B6A1-3F36CE995EEB', NULL, NULL, NULL, 'sequenceFlow', NULL, '2025-02-11 20:11:56.674', '2025-02-11 20:11:56.674', 0, 1, NULL, '');
INSERT INTO `ACT_RU_ACTINST` VALUES ('634d6625-e871-11ef-9e03-cc28aa504d95', 2, 'assetCall:10:03e82224-e7bb-11ef-8aa3-cc28aa504d95', 'd578b9f2-e86e-11ef-9e03-cc28aa504d95', 'd578e106-e86e-11ef-9e03-cc28aa504d95', 'sid-E3F94567-6F1D-46DB-8B88-CC193B1E34C0', '634d6626-e871-11ef-9e03-cc28aa504d95', NULL, '1', 'userTask', '2', '2025-02-11 20:11:56.674', '2025-02-11 20:16:49.902', 293228, 2, NULL, '');
INSERT INTO `ACT_RU_ACTINST` VALUES ('6d17b3f2-e704-11ef-8c34-cc28aa504d95', 1, 'assetCall:9:615f36ec-e704-11ef-8c34-cc28aa504d95', '6d1765cd-e704-11ef-8c34-cc28aa504d95', '6d17b3f1-e704-11ef-8c34-cc28aa504d95', 'startEvent1', NULL, NULL, NULL, 'startEvent', NULL, '2025-02-10 00:39:26.793', '2025-02-10 00:39:26.795', 2, 1, NULL, '');
INSERT INTO `ACT_RU_ACTINST` VALUES ('6d180213-e704-11ef-8c34-cc28aa504d95', 1, 'assetCall:9:615f36ec-e704-11ef-8c34-cc28aa504d95', '6d1765cd-e704-11ef-8c34-cc28aa504d95', '6d17b3f1-e704-11ef-8c34-cc28aa504d95', 'sid-D79E8532-796F-45A3-992A-78ECF18727F0', NULL, NULL, NULL, 'sequenceFlow', NULL, '2025-02-10 00:39:26.795', '2025-02-10 00:39:26.795', 0, 2, NULL, '');
INSERT INTO `ACT_RU_ACTINST` VALUES ('6d182924-e704-11ef-8c34-cc28aa504d95', 2, 'assetCall:9:615f36ec-e704-11ef-8c34-cc28aa504d95', '6d1765cd-e704-11ef-8c34-cc28aa504d95', '6d17b3f1-e704-11ef-8c34-cc28aa504d95', 'sid-28F4649C-2790-4561-8A7F-9A81B0D74E8E', '6d1961a5-e704-11ef-8c34-cc28aa504d95', NULL, '', 'userTask', '3', '2025-02-10 00:39:26.796', '2025-02-10 00:43:14.242', 227446, 3, NULL, '');
INSERT INTO `ACT_RU_ACTINST` VALUES ('75a1b0c4-e708-11ef-8c34-cc28aa504d95', 1, 'assetCall:9:615f36ec-e704-11ef-8c34-cc28aa504d95', '75a1b0bf-e708-11ef-8c34-cc28aa504d95', '75a1b0c3-e708-11ef-8c34-cc28aa504d95', 'startEvent1', NULL, NULL, NULL, 'startEvent', NULL, '2025-02-10 01:08:19.106', '2025-02-10 01:08:19.106', 0, 1, NULL, '');
INSERT INTO `ACT_RU_ACTINST` VALUES ('75a1b0c5-e708-11ef-8c34-cc28aa504d95', 1, 'assetCall:9:615f36ec-e704-11ef-8c34-cc28aa504d95', '75a1b0bf-e708-11ef-8c34-cc28aa504d95', '75a1b0c3-e708-11ef-8c34-cc28aa504d95', 'sid-D79E8532-796F-45A3-992A-78ECF18727F0', NULL, NULL, NULL, 'sequenceFlow', NULL, '2025-02-10 01:08:19.106', '2025-02-10 01:08:19.106', 0, 2, NULL, '');
INSERT INTO `ACT_RU_ACTINST` VALUES ('75a1b0c6-e708-11ef-8c34-cc28aa504d95', 2, 'assetCall:9:615f36ec-e704-11ef-8c34-cc28aa504d95', '75a1b0bf-e708-11ef-8c34-cc28aa504d95', '75a1b0c3-e708-11ef-8c34-cc28aa504d95', 'sid-28F4649C-2790-4561-8A7F-9A81B0D74E8E', '75a1b0c7-e708-11ef-8c34-cc28aa504d95', NULL, '', 'userTask', '3', '2025-02-10 01:08:19.106', '2025-02-10 01:09:37.059', 77953, 3, NULL, '');
INSERT INTO `ACT_RU_ACTINST` VALUES ('7caa9be6-e62c-11ef-9a09-cc28aa504d95', 1, 'assetCall:3:cff8a510-e622-11ef-a57b-cc28aa504d95', '7caa4dc1-e62c-11ef-9a09-cc28aa504d95', '7caa9be5-e62c-11ef-9a09-cc28aa504d95', 'startEvent1', NULL, NULL, NULL, 'startEvent', NULL, '2025-02-08 22:53:41.628', '2025-02-08 22:53:41.630', 2, 1, NULL, '');
INSERT INTO `ACT_RU_ACTINST` VALUES ('7caaea07-e62c-11ef-9a09-cc28aa504d95', 1, 'assetCall:3:cff8a510-e622-11ef-a57b-cc28aa504d95', '7caa4dc1-e62c-11ef-9a09-cc28aa504d95', '7caa9be5-e62c-11ef-9a09-cc28aa504d95', 'sid-D79E8532-796F-45A3-992A-78ECF18727F0', NULL, NULL, NULL, 'sequenceFlow', NULL, '2025-02-08 22:53:41.630', '2025-02-08 22:53:41.630', 0, 2, NULL, '');
INSERT INTO `ACT_RU_ACTINST` VALUES ('7caaea08-e62c-11ef-9a09-cc28aa504d95', 1, 'assetCall:3:cff8a510-e622-11ef-a57b-cc28aa504d95', '7caa4dc1-e62c-11ef-9a09-cc28aa504d95', '7caa9be5-e62c-11ef-9a09-cc28aa504d95', 'sid-28F4649C-2790-4561-8A7F-9A81B0D74E8E', '7cac70a9-e62c-11ef-9a09-cc28aa504d95', NULL, '', 'userTask', '3', '2025-02-08 22:53:41.630', NULL, NULL, 3, NULL, '');
INSERT INTO `ACT_RU_ACTINST` VALUES ('87b7b1af-e61c-11ef-ac58-cc28aa504d95', 1, 'assetCall:1:0e29d5c9-e61c-11ef-ac58-cc28aa504d95', '87b7638a-e61c-11ef-ac58-cc28aa504d95', '87b7b1ae-e61c-11ef-ac58-cc28aa504d95', 'startEvent1', NULL, NULL, NULL, 'startEvent', NULL, '2025-02-08 20:59:28.221', '2025-02-08 20:59:28.223', 2, 1, NULL, '');
INSERT INTO `ACT_RU_ACTINST` VALUES ('87b7ffd0-e61c-11ef-ac58-cc28aa504d95', 1, 'assetCall:1:0e29d5c9-e61c-11ef-ac58-cc28aa504d95', '87b7638a-e61c-11ef-ac58-cc28aa504d95', '87b7b1ae-e61c-11ef-ac58-cc28aa504d95', 'sid-D79E8532-796F-45A3-992A-78ECF18727F0', NULL, NULL, NULL, 'sequenceFlow', NULL, '2025-02-08 20:59:28.223', '2025-02-08 20:59:28.223', 0, 2, NULL, '');
INSERT INTO `ACT_RU_ACTINST` VALUES ('87b7ffd1-e61c-11ef-ac58-cc28aa504d95', 1, 'assetCall:1:0e29d5c9-e61c-11ef-ac58-cc28aa504d95', '87b7638a-e61c-11ef-ac58-cc28aa504d95', '87b7b1ae-e61c-11ef-ac58-cc28aa504d95', 'sid-28F4649C-2790-4561-8A7F-9A81B0D74E8E', '87b95f62-e61c-11ef-ac58-cc28aa504d95', NULL, '', 'userTask', '3', '2025-02-08 20:59:28.223', NULL, NULL, 3, NULL, '');
INSERT INTO `ACT_RU_ACTINST` VALUES ('8a67089e-e6fc-11ef-9d7f-cc28aa504d95', 1, 'assetCall:8:0f0bbfb8-e6fc-11ef-9d7f-cc28aa504d95', '8a66ba79-e6fc-11ef-9d7f-cc28aa504d95', '8a67089d-e6fc-11ef-9d7f-cc28aa504d95', 'startEvent1', NULL, NULL, NULL, 'startEvent', NULL, '2025-02-09 23:42:59.993', '2025-02-09 23:42:59.995', 2, 1, NULL, '');
INSERT INTO `ACT_RU_ACTINST` VALUES ('8a677dcf-e6fc-11ef-9d7f-cc28aa504d95', 1, 'assetCall:8:0f0bbfb8-e6fc-11ef-9d7f-cc28aa504d95', '8a66ba79-e6fc-11ef-9d7f-cc28aa504d95', '8a67089d-e6fc-11ef-9d7f-cc28aa504d95', 'sid-D79E8532-796F-45A3-992A-78ECF18727F0', NULL, NULL, NULL, 'sequenceFlow', NULL, '2025-02-09 23:42:59.996', '2025-02-09 23:42:59.996', 0, 2, NULL, '');
INSERT INTO `ACT_RU_ACTINST` VALUES ('8a677dd0-e6fc-11ef-9d7f-cc28aa504d95', 1, 'assetCall:8:0f0bbfb8-e6fc-11ef-9d7f-cc28aa504d95', '8a66ba79-e6fc-11ef-9d7f-cc28aa504d95', '8a67089d-e6fc-11ef-9d7f-cc28aa504d95', 'sid-28F4649C-2790-4561-8A7F-9A81B0D74E8E', '8a690471-e6fc-11ef-9d7f-cc28aa504d95', NULL, '', 'userTask', '3', '2025-02-09 23:42:59.996', NULL, NULL, 3, NULL, '');
INSERT INTO `ACT_RU_ACTINST` VALUES ('9400cc9d-e6f9-11ef-a5fe-cc28aa504d95', 1, 'assetCall:7:0fdd376f-e6f0-11ef-acc6-cc28aa504d95', '94007e76-e6f9-11ef-a5fe-cc28aa504d95', '9400cc9c-e6f9-11ef-a5fe-cc28aa504d95', 'startEvent1', NULL, NULL, NULL, 'startEvent', NULL, '2025-02-09 23:21:47.610', '2025-02-09 23:21:47.611', 1, 1, NULL, '');
INSERT INTO `ACT_RU_ACTINST` VALUES ('94011abe-e6f9-11ef-a5fe-cc28aa504d95', 1, 'assetCall:7:0fdd376f-e6f0-11ef-acc6-cc28aa504d95', '94007e76-e6f9-11ef-a5fe-cc28aa504d95', '9400cc9c-e6f9-11ef-a5fe-cc28aa504d95', 'sid-D79E8532-796F-45A3-992A-78ECF18727F0', NULL, NULL, NULL, 'sequenceFlow', NULL, '2025-02-09 23:21:47.612', '2025-02-09 23:21:47.612', 0, 2, NULL, '');
INSERT INTO `ACT_RU_ACTINST` VALUES ('94011abf-e6f9-11ef-a5fe-cc28aa504d95', 2, 'assetCall:7:0fdd376f-e6f0-11ef-acc6-cc28aa504d95', '94007e76-e6f9-11ef-a5fe-cc28aa504d95', '9400cc9c-e6f9-11ef-a5fe-cc28aa504d95', 'sid-28F4649C-2790-4561-8A7F-9A81B0D74E8E', '94027950-e6f9-11ef-a5fe-cc28aa504d95', NULL, '', 'userTask', '3', '2025-02-09 23:21:47.612', '2025-02-09 23:23:56.135', 128523, 3, NULL, '');
INSERT INTO `ACT_RU_ACTINST` VALUES ('a1052e32-e6f2-11ef-a872-cc28aa504d95', 1, 'assetCall:7:0fdd376f-e6f0-11ef-acc6-cc28aa504d95', 'a104e00b-e6f2-11ef-a872-cc28aa504d95', 'a1052e31-e6f2-11ef-a872-cc28aa504d95', 'startEvent1', NULL, NULL, NULL, 'startEvent', NULL, '2025-02-09 22:32:02.972', '2025-02-09 22:32:02.973', 1, 1, NULL, '');
INSERT INTO `ACT_RU_ACTINST` VALUES ('a1057c53-e6f2-11ef-a872-cc28aa504d95', 1, 'assetCall:7:0fdd376f-e6f0-11ef-acc6-cc28aa504d95', 'a104e00b-e6f2-11ef-a872-cc28aa504d95', 'a1052e31-e6f2-11ef-a872-cc28aa504d95', 'sid-D79E8532-796F-45A3-992A-78ECF18727F0', NULL, NULL, NULL, 'sequenceFlow', NULL, '2025-02-09 22:32:02.974', '2025-02-09 22:32:02.974', 0, 2, NULL, '');
INSERT INTO `ACT_RU_ACTINST` VALUES ('a1057c54-e6f2-11ef-a872-cc28aa504d95', 2, 'assetCall:7:0fdd376f-e6f0-11ef-acc6-cc28aa504d95', 'a104e00b-e6f2-11ef-a872-cc28aa504d95', 'a1052e31-e6f2-11ef-a872-cc28aa504d95', 'sid-28F4649C-2790-4561-8A7F-9A81B0D74E8E', 'a106dbe5-e6f2-11ef-a872-cc28aa504d95', NULL, '', 'userTask', '3', '2025-02-09 22:32:02.974', '2025-02-09 22:32:33.295', 30321, 3, NULL, '');
INSERT INTO `ACT_RU_ACTINST` VALUES ('a41886f1-e708-11ef-8c34-cc28aa504d95', 1, 'assetCall:9:615f36ec-e704-11ef-8c34-cc28aa504d95', '75a1b0bf-e708-11ef-8c34-cc28aa504d95', '75a1b0c3-e708-11ef-8c34-cc28aa504d95', 'sid-5D644AEA-9B8E-4A54-B6A1-3F36CE995EEB', NULL, NULL, NULL, 'sequenceFlow', NULL, '2025-02-10 01:09:37.060', '2025-02-10 01:09:37.060', 0, 1, NULL, '');
INSERT INTO `ACT_RU_ACTINST` VALUES ('a41886f2-e708-11ef-8c34-cc28aa504d95', 2, 'assetCall:9:615f36ec-e704-11ef-8c34-cc28aa504d95', '75a1b0bf-e708-11ef-8c34-cc28aa504d95', '75a1b0c3-e708-11ef-8c34-cc28aa504d95', 'sid-E3F94567-6F1D-46DB-8B88-CC193B1E34C0', 'a41886f3-e708-11ef-8c34-cc28aa504d95', NULL, '', 'userTask', '2', '2025-02-10 01:09:37.060', '2025-02-10 01:10:27.225', 50165, 2, NULL, '');
INSERT INTO `ACT_RU_ACTINST` VALUES ('af82641b-e707-11ef-8c34-cc28aa504d95', 1, 'assetCall:9:615f36ec-e704-11ef-8c34-cc28aa504d95', 'f472aa2e-e706-11ef-8c34-cc28aa504d95', 'f472aa32-e706-11ef-8c34-cc28aa504d95', 'sid-F0401001-ED62-4B72-9487-C9D4713774BE', NULL, NULL, NULL, 'sequenceFlow', NULL, '2025-02-10 01:02:46.712', '2025-02-10 01:02:46.712', 0, 1, NULL, '');
INSERT INTO `ACT_RU_ACTINST` VALUES ('af828b2c-e707-11ef-8c34-cc28aa504d95', 1, 'assetCall:9:615f36ec-e704-11ef-8c34-cc28aa504d95', 'f472aa2e-e706-11ef-8c34-cc28aa504d95', 'f472aa32-e706-11ef-8c34-cc28aa504d95', 'sid-D76C049C-53A8-44F0-8A1C-930D9D685132', 'af828b2d-e707-11ef-8c34-cc28aa504d95', NULL, '', 'userTask', '3', '2025-02-10 01:02:46.713', NULL, NULL, 2, NULL, '');
INSERT INTO `ACT_RU_ACTINST` VALUES ('b0ae8290-e6f4-11ef-95d7-cc28aa504d95', 1, 'assetCall:7:0fdd376f-e6f0-11ef-acc6-cc28aa504d95', 'b0ae3469-e6f4-11ef-95d7-cc28aa504d95', 'b0ae828f-e6f4-11ef-95d7-cc28aa504d95', 'startEvent1', NULL, NULL, NULL, 'startEvent', NULL, '2025-02-09 22:46:48.241', '2025-02-09 22:46:48.242', 1, 1, NULL, '');
INSERT INTO `ACT_RU_ACTINST` VALUES ('b0aed0b1-e6f4-11ef-95d7-cc28aa504d95', 1, 'assetCall:7:0fdd376f-e6f0-11ef-acc6-cc28aa504d95', 'b0ae3469-e6f4-11ef-95d7-cc28aa504d95', 'b0ae828f-e6f4-11ef-95d7-cc28aa504d95', 'sid-D79E8532-796F-45A3-992A-78ECF18727F0', NULL, NULL, NULL, 'sequenceFlow', NULL, '2025-02-09 22:46:48.243', '2025-02-09 22:46:48.243', 0, 2, NULL, '');
INSERT INTO `ACT_RU_ACTINST` VALUES ('b0aed0b2-e6f4-11ef-95d7-cc28aa504d95', 2, 'assetCall:7:0fdd376f-e6f0-11ef-acc6-cc28aa504d95', 'b0ae3469-e6f4-11ef-95d7-cc28aa504d95', 'b0ae828f-e6f4-11ef-95d7-cc28aa504d95', 'sid-28F4649C-2790-4561-8A7F-9A81B0D74E8E', 'b0b05753-e6f4-11ef-95d7-cc28aa504d95', NULL, '', 'userTask', '3', '2025-02-09 22:46:48.243', '2025-02-09 22:48:29.049', 100806, 3, NULL, '');
INSERT INTO `ACT_RU_ACTINST` VALUES ('b3181a6d-e6f2-11ef-a872-cc28aa504d95', 1, 'assetCall:7:0fdd376f-e6f0-11ef-acc6-cc28aa504d95', 'a104e00b-e6f2-11ef-a872-cc28aa504d95', 'a1052e31-e6f2-11ef-a872-cc28aa504d95', 'sid-5D644AEA-9B8E-4A54-B6A1-3F36CE995EEB', NULL, NULL, NULL, 'sequenceFlow', NULL, '2025-02-09 22:32:33.295', '2025-02-09 22:32:33.295', 0, 1, NULL, '');
INSERT INTO `ACT_RU_ACTINST` VALUES ('b318417e-e6f2-11ef-a872-cc28aa504d95', 1, 'assetCall:7:0fdd376f-e6f0-11ef-acc6-cc28aa504d95', 'a104e00b-e6f2-11ef-a872-cc28aa504d95', 'a1052e31-e6f2-11ef-a872-cc28aa504d95', 'sid-E3F94567-6F1D-46DB-8B88-CC193B1E34C0', 'b318417f-e6f2-11ef-a872-cc28aa504d95', NULL, '', 'userTask', 'default_leader_id', '2025-02-09 22:32:33.296', NULL, NULL, 2, NULL, '');
INSERT INTO `ACT_RU_ACTINST` VALUES ('be484f75-e640-11ef-ad5d-cc28aa504d95', 1, 'assetCall:4:cdf0dd29-e63e-11ef-8eea-cc28aa504d95', 'be482860-e640-11ef-ad5d-cc28aa504d95', 'be484f74-e640-11ef-ad5d-cc28aa504d95', 'startEvent1', NULL, NULL, NULL, 'startEvent', NULL, '2025-02-09 01:18:41.648', '2025-02-09 01:18:41.650', 2, 1, NULL, '');
INSERT INTO `ACT_RU_ACTINST` VALUES ('be48c4a6-e640-11ef-ad5d-cc28aa504d95', 1, 'assetCall:4:cdf0dd29-e63e-11ef-8eea-cc28aa504d95', 'be482860-e640-11ef-ad5d-cc28aa504d95', 'be484f74-e640-11ef-ad5d-cc28aa504d95', 'sid-D79E8532-796F-45A3-992A-78ECF18727F0', NULL, NULL, NULL, 'sequenceFlow', NULL, '2025-02-09 01:18:41.651', '2025-02-09 01:18:41.651', 0, 2, NULL, '');
INSERT INTO `ACT_RU_ACTINST` VALUES ('be48c4a7-e640-11ef-ad5d-cc28aa504d95', 1, 'assetCall:4:cdf0dd29-e63e-11ef-8eea-cc28aa504d95', 'be482860-e640-11ef-ad5d-cc28aa504d95', 'be484f74-e640-11ef-ad5d-cc28aa504d95', 'sid-28F4649C-2790-4561-8A7F-9A81B0D74E8E', 'be4a2438-e640-11ef-ad5d-cc28aa504d95', NULL, '', 'userTask', '3', '2025-02-09 01:18:41.651', NULL, NULL, 3, NULL, '');
INSERT INTO `ACT_RU_ACTINST` VALUES ('c1ff194c-e708-11ef-8c34-cc28aa504d95', 1, 'assetCall:9:615f36ec-e704-11ef-8c34-cc28aa504d95', '75a1b0bf-e708-11ef-8c34-cc28aa504d95', '75a1b0c3-e708-11ef-8c34-cc28aa504d95', 'sid-F0401001-ED62-4B72-9487-C9D4713774BE', NULL, NULL, NULL, 'sequenceFlow', NULL, '2025-02-10 01:10:27.225', '2025-02-10 01:10:27.225', 0, 1, NULL, '');
INSERT INTO `ACT_RU_ACTINST` VALUES ('c1ff194d-e708-11ef-8c34-cc28aa504d95', 2, 'assetCall:9:615f36ec-e704-11ef-8c34-cc28aa504d95', '75a1b0bf-e708-11ef-8c34-cc28aa504d95', '75a1b0c3-e708-11ef-8c34-cc28aa504d95', 'sid-D76C049C-53A8-44F0-8A1C-930D9D685132', 'c1ff194e-e708-11ef-8c34-cc28aa504d95', NULL, '', 'userTask', '1', '2025-02-10 01:10:27.225', '2025-02-10 01:48:41.168', 2293943, 2, NULL, '');
INSERT INTO `ACT_RU_ACTINST` VALUES ('d578e107-e86e-11ef-9e03-cc28aa504d95', 1, 'assetCall:10:03e82224-e7bb-11ef-8aa3-cc28aa504d95', 'd578b9f2-e86e-11ef-9e03-cc28aa504d95', 'd578e106-e86e-11ef-9e03-cc28aa504d95', 'startEvent1', NULL, NULL, NULL, 'startEvent', NULL, '2025-02-11 19:53:39.729', '2025-02-11 19:53:39.731', 2, 1, NULL, '');
INSERT INTO `ACT_RU_ACTINST` VALUES ('d5795638-e86e-11ef-9e03-cc28aa504d95', 1, 'assetCall:10:03e82224-e7bb-11ef-8aa3-cc28aa504d95', 'd578b9f2-e86e-11ef-9e03-cc28aa504d95', 'd578e106-e86e-11ef-9e03-cc28aa504d95', 'sid-D79E8532-796F-45A3-992A-78ECF18727F0', NULL, NULL, NULL, 'sequenceFlow', NULL, '2025-02-11 19:53:39.732', '2025-02-11 19:53:39.732', 0, 2, NULL, '');
INSERT INTO `ACT_RU_ACTINST` VALUES ('d5795639-e86e-11ef-9e03-cc28aa504d95', 2, 'assetCall:10:03e82224-e7bb-11ef-8aa3-cc28aa504d95', 'd578b9f2-e86e-11ef-9e03-cc28aa504d95', 'd578e106-e86e-11ef-9e03-cc28aa504d95', 'sid-28F4649C-2790-4561-8A7F-9A81B0D74E8E', 'd57ab5ca-e86e-11ef-9e03-cc28aa504d95', NULL, '', 'userTask', '3', '2025-02-11 19:53:39.732', '2025-02-11 20:11:56.673', 1096941, 3, NULL, '');
INSERT INTO `ACT_RU_ACTINST` VALUES ('e09c2778-e6f9-11ef-a5fe-cc28aa504d95', 1, 'assetCall:7:0fdd376f-e6f0-11ef-acc6-cc28aa504d95', '94007e76-e6f9-11ef-a5fe-cc28aa504d95', '9400cc9c-e6f9-11ef-a5fe-cc28aa504d95', 'sid-5D644AEA-9B8E-4A54-B6A1-3F36CE995EEB', NULL, NULL, NULL, 'sequenceFlow', NULL, '2025-02-09 23:23:56.135', '2025-02-09 23:23:56.135', 0, 1, NULL, '');
INSERT INTO `ACT_RU_ACTINST` VALUES ('e09c2779-e6f9-11ef-a5fe-cc28aa504d95', 1, 'assetCall:7:0fdd376f-e6f0-11ef-acc6-cc28aa504d95', '94007e76-e6f9-11ef-a5fe-cc28aa504d95', '9400cc9c-e6f9-11ef-a5fe-cc28aa504d95', 'sid-E3F94567-6F1D-46DB-8B88-CC193B1E34C0', 'e09c4e8a-e6f9-11ef-a5fe-cc28aa504d95', NULL, '', 'userTask', 'default_leader_id', '2025-02-09 23:23:56.135', NULL, NULL, 2, NULL, '');
INSERT INTO `ACT_RU_ACTINST` VALUES ('e5263312-e6f0-11ef-acc6-cc28aa504d95', 1, 'assetCall:7:0fdd376f-e6f0-11ef-acc6-cc28aa504d95', '3e6e9a70-e6f0-11ef-acc6-cc28aa504d95', '3e6ee896-e6f0-11ef-acc6-cc28aa504d95', 'sid-5D644AEA-9B8E-4A54-B6A1-3F36CE995EEB', NULL, NULL, NULL, 'sequenceFlow', NULL, '2025-02-09 22:19:38.280', '2025-02-09 22:19:38.280', 0, 1, NULL, '');
INSERT INTO `ACT_RU_ACTINST` VALUES ('e5265a23-e6f0-11ef-acc6-cc28aa504d95', 1, 'assetCall:7:0fdd376f-e6f0-11ef-acc6-cc28aa504d95', '3e6e9a70-e6f0-11ef-acc6-cc28aa504d95', '3e6ee896-e6f0-11ef-acc6-cc28aa504d95', 'sid-E3F94567-6F1D-46DB-8B88-CC193B1E34C0', 'e5265a24-e6f0-11ef-acc6-cc28aa504d95', NULL, '', 'userTask', 'default_leader_id', '2025-02-09 22:19:38.281', NULL, NULL, 2, NULL, '');
INSERT INTO `ACT_RU_ACTINST` VALUES ('e9bb60a9-e6f2-11ef-a872-cc28aa504d95', 1, 'assetCall:7:0fdd376f-e6f0-11ef-acc6-cc28aa504d95', 'e9bb60a2-e6f2-11ef-a872-cc28aa504d95', 'e9bb60a8-e6f2-11ef-a872-cc28aa504d95', 'startEvent1', NULL, NULL, NULL, 'startEvent', NULL, '2025-02-09 22:34:04.962', '2025-02-09 22:34:04.962', 0, 1, NULL, '');
INSERT INTO `ACT_RU_ACTINST` VALUES ('e9bb60aa-e6f2-11ef-a872-cc28aa504d95', 1, 'assetCall:7:0fdd376f-e6f0-11ef-acc6-cc28aa504d95', 'e9bb60a2-e6f2-11ef-a872-cc28aa504d95', 'e9bb60a8-e6f2-11ef-a872-cc28aa504d95', 'sid-D79E8532-796F-45A3-992A-78ECF18727F0', NULL, NULL, NULL, 'sequenceFlow', NULL, '2025-02-09 22:34:04.962', '2025-02-09 22:34:04.962', 0, 2, NULL, '');
INSERT INTO `ACT_RU_ACTINST` VALUES ('e9bb60ab-e6f2-11ef-a872-cc28aa504d95', 2, 'assetCall:7:0fdd376f-e6f0-11ef-acc6-cc28aa504d95', 'e9bb60a2-e6f2-11ef-a872-cc28aa504d95', 'e9bb60a8-e6f2-11ef-a872-cc28aa504d95', 'sid-28F4649C-2790-4561-8A7F-9A81B0D74E8E', 'e9bb60ac-e6f2-11ef-a872-cc28aa504d95', NULL, '', 'userTask', '3', '2025-02-09 22:34:04.962', '2025-02-09 22:34:27.981', 23019, 3, NULL, '');
INSERT INTO `ACT_RU_ACTINST` VALUES ('ecc55a6b-e6f4-11ef-95d7-cc28aa504d95', 1, 'assetCall:7:0fdd376f-e6f0-11ef-acc6-cc28aa504d95', 'b0ae3469-e6f4-11ef-95d7-cc28aa504d95', 'b0ae828f-e6f4-11ef-95d7-cc28aa504d95', 'sid-5D644AEA-9B8E-4A54-B6A1-3F36CE995EEB', NULL, NULL, NULL, 'sequenceFlow', NULL, '2025-02-09 22:48:29.054', '2025-02-09 22:48:29.054', 0, 1, NULL, '');
INSERT INTO `ACT_RU_ACTINST` VALUES ('ecc5f6ac-e6f4-11ef-95d7-cc28aa504d95', 1, 'assetCall:7:0fdd376f-e6f0-11ef-acc6-cc28aa504d95', 'b0ae3469-e6f4-11ef-95d7-cc28aa504d95', 'b0ae828f-e6f4-11ef-95d7-cc28aa504d95', 'sid-E3F94567-6F1D-46DB-8B88-CC193B1E34C0', 'ecc5f6ad-e6f4-11ef-95d7-cc28aa504d95', NULL, '', 'userTask', 'default_leader_id', '2025-02-09 22:48:29.058', NULL, NULL, 2, NULL, '');
INSERT INTO `ACT_RU_ACTINST` VALUES ('f472aa33-e706-11ef-8c34-cc28aa504d95', 1, 'assetCall:9:615f36ec-e704-11ef-8c34-cc28aa504d95', 'f472aa2e-e706-11ef-8c34-cc28aa504d95', 'f472aa32-e706-11ef-8c34-cc28aa504d95', 'startEvent1', NULL, NULL, NULL, 'startEvent', NULL, '2025-02-10 00:57:32.875', '2025-02-10 00:57:32.875', 0, 1, NULL, '');
INSERT INTO `ACT_RU_ACTINST` VALUES ('f472aa34-e706-11ef-8c34-cc28aa504d95', 1, 'assetCall:9:615f36ec-e704-11ef-8c34-cc28aa504d95', 'f472aa2e-e706-11ef-8c34-cc28aa504d95', 'f472aa32-e706-11ef-8c34-cc28aa504d95', 'sid-D79E8532-796F-45A3-992A-78ECF18727F0', NULL, NULL, NULL, 'sequenceFlow', NULL, '2025-02-10 00:57:32.875', '2025-02-10 00:57:32.875', 0, 2, NULL, '');
INSERT INTO `ACT_RU_ACTINST` VALUES ('f472aa35-e706-11ef-8c34-cc28aa504d95', 2, 'assetCall:9:615f36ec-e704-11ef-8c34-cc28aa504d95', 'f472aa2e-e706-11ef-8c34-cc28aa504d95', 'f472aa32-e706-11ef-8c34-cc28aa504d95', 'sid-28F4649C-2790-4561-8A7F-9A81B0D74E8E', 'f472aa36-e706-11ef-8c34-cc28aa504d95', NULL, '', 'userTask', '3', '2025-02-10 00:57:32.875', '2025-02-10 00:59:32.457', 119582, 3, NULL, '');
INSERT INTO `ACT_RU_ACTINST` VALUES ('f4a9d19f-e704-11ef-8c34-cc28aa504d95', 1, 'assetCall:9:615f36ec-e704-11ef-8c34-cc28aa504d95', '6d1765cd-e704-11ef-8c34-cc28aa504d95', '6d17b3f1-e704-11ef-8c34-cc28aa504d95', 'sid-5D644AEA-9B8E-4A54-B6A1-3F36CE995EEB', NULL, NULL, NULL, 'sequenceFlow', NULL, '2025-02-10 00:43:14.243', '2025-02-10 00:43:14.243', 0, 1, NULL, '');
INSERT INTO `ACT_RU_ACTINST` VALUES ('f4a9d1a0-e704-11ef-8c34-cc28aa504d95', 2, 'assetCall:9:615f36ec-e704-11ef-8c34-cc28aa504d95', '6d1765cd-e704-11ef-8c34-cc28aa504d95', '6d17b3f1-e704-11ef-8c34-cc28aa504d95', 'sid-E3F94567-6F1D-46DB-8B88-CC193B1E34C0', 'f4a9d1a1-e704-11ef-8c34-cc28aa504d95', NULL, '', 'userTask', '2', '2025-02-10 00:43:14.243', '2025-02-10 00:51:03.046', 468803, 2, NULL, '');
INSERT INTO `ACT_RU_ACTINST` VALUES ('f77468a4-e6f2-11ef-a872-cc28aa504d95', 1, 'assetCall:7:0fdd376f-e6f0-11ef-acc6-cc28aa504d95', 'e9bb60a2-e6f2-11ef-a872-cc28aa504d95', 'e9bb60a8-e6f2-11ef-a872-cc28aa504d95', 'sid-5D644AEA-9B8E-4A54-B6A1-3F36CE995EEB', NULL, NULL, NULL, 'sequenceFlow', NULL, '2025-02-09 22:34:27.985', '2025-02-09 22:34:27.985', 0, 1, NULL, '');
INSERT INTO `ACT_RU_ACTINST` VALUES ('f77504e5-e6f2-11ef-a872-cc28aa504d95', 1, 'assetCall:7:0fdd376f-e6f0-11ef-acc6-cc28aa504d95', 'e9bb60a2-e6f2-11ef-a872-cc28aa504d95', 'e9bb60a8-e6f2-11ef-a872-cc28aa504d95', 'sid-E3F94567-6F1D-46DB-8B88-CC193B1E34C0', 'f77504e6-e6f2-11ef-a872-cc28aa504d95', NULL, '', 'userTask', 'default_leader_id', '2025-02-09 22:34:27.989', NULL, NULL, 2, NULL, '');

-- ----------------------------
-- Table structure for ACT_RU_DEADLETTER_JOB
-- ----------------------------
DROP TABLE IF EXISTS `ACT_RU_DEADLETTER_JOB`;
CREATE TABLE `ACT_RU_DEADLETTER_JOB`  (
  `ID_` varchar(64) CHARACTER SET utf8mb3 COLLATE utf8mb3_bin NOT NULL,
  `REV_` int NULL DEFAULT NULL,
  `CATEGORY_` varchar(255) CHARACTER SET utf8mb3 COLLATE utf8mb3_bin NULL DEFAULT NULL,
  `TYPE_` varchar(255) CHARACTER SET utf8mb3 COLLATE utf8mb3_bin NOT NULL,
  `EXCLUSIVE_` tinyint(1) NULL DEFAULT NULL,
  `EXECUTION_ID_` varchar(64) CHARACTER SET utf8mb3 COLLATE utf8mb3_bin NULL DEFAULT NULL,
  `PROCESS_INSTANCE_ID_` varchar(64) CHARACTER SET utf8mb3 COLLATE utf8mb3_bin NULL DEFAULT NULL,
  `PROC_DEF_ID_` varchar(64) CHARACTER SET utf8mb3 COLLATE utf8mb3_bin NULL DEFAULT NULL,
  `ELEMENT_ID_` varchar(255) CHARACTER SET utf8mb3 COLLATE utf8mb3_bin NULL DEFAULT NULL,
  `ELEMENT_NAME_` varchar(255) CHARACTER SET utf8mb3 COLLATE utf8mb3_bin NULL DEFAULT NULL,
  `SCOPE_ID_` varchar(255) CHARACTER SET utf8mb3 COLLATE utf8mb3_bin NULL DEFAULT NULL,
  `SUB_SCOPE_ID_` varchar(255) CHARACTER SET utf8mb3 COLLATE utf8mb3_bin NULL DEFAULT NULL,
  `SCOPE_TYPE_` varchar(255) CHARACTER SET utf8mb3 COLLATE utf8mb3_bin NULL DEFAULT NULL,
  `SCOPE_DEFINITION_ID_` varchar(255) CHARACTER SET utf8mb3 COLLATE utf8mb3_bin NULL DEFAULT NULL,
  `CORRELATION_ID_` varchar(255) CHARACTER SET utf8mb3 COLLATE utf8mb3_bin NULL DEFAULT NULL,
  `EXCEPTION_STACK_ID_` varchar(64) CHARACTER SET utf8mb3 COLLATE utf8mb3_bin NULL DEFAULT NULL,
  `EXCEPTION_MSG_` varchar(4000) CHARACTER SET utf8mb3 COLLATE utf8mb3_bin NULL DEFAULT NULL,
  `DUEDATE_` timestamp(3) NULL DEFAULT NULL,
  `REPEAT_` varchar(255) CHARACTER SET utf8mb3 COLLATE utf8mb3_bin NULL DEFAULT NULL,
  `HANDLER_TYPE_` varchar(255) CHARACTER SET utf8mb3 COLLATE utf8mb3_bin NULL DEFAULT NULL,
  `HANDLER_CFG_` varchar(4000) CHARACTER SET utf8mb3 COLLATE utf8mb3_bin NULL DEFAULT NULL,
  `CUSTOM_VALUES_ID_` varchar(64) CHARACTER SET utf8mb3 COLLATE utf8mb3_bin NULL DEFAULT NULL,
  `CREATE_TIME_` timestamp(3) NULL DEFAULT NULL,
  `TENANT_ID_` varchar(255) CHARACTER SET utf8mb3 COLLATE utf8mb3_bin NULL DEFAULT '',
  PRIMARY KEY (`ID_`) USING BTREE,
  INDEX `ACT_IDX_DEADLETTER_JOB_EXCEPTION_STACK_ID`(`EXCEPTION_STACK_ID_` ASC) USING BTREE,
  INDEX `ACT_IDX_DEADLETTER_JOB_CUSTOM_VALUES_ID`(`CUSTOM_VALUES_ID_` ASC) USING BTREE,
  INDEX `ACT_IDX_DEADLETTER_JOB_CORRELATION_ID`(`CORRELATION_ID_` ASC) USING BTREE,
  INDEX `ACT_IDX_DJOB_SCOPE`(`SCOPE_ID_` ASC, `SCOPE_TYPE_` ASC) USING BTREE,
  INDEX `ACT_IDX_DJOB_SUB_SCOPE`(`SUB_SCOPE_ID_` ASC, `SCOPE_TYPE_` ASC) USING BTREE,
  INDEX `ACT_IDX_DJOB_SCOPE_DEF`(`SCOPE_DEFINITION_ID_` ASC, `SCOPE_TYPE_` ASC) USING BTREE,
  INDEX `ACT_FK_DEADLETTER_JOB_EXECUTION`(`EXECUTION_ID_` ASC) USING BTREE,
  INDEX `ACT_FK_DEADLETTER_JOB_PROCESS_INSTANCE`(`PROCESS_INSTANCE_ID_` ASC) USING BTREE,
  INDEX `ACT_FK_DEADLETTER_JOB_PROC_DEF`(`PROC_DEF_ID_` ASC) USING BTREE,
  CONSTRAINT `ACT_FK_DEADLETTER_JOB_CUSTOM_VALUES` FOREIGN KEY (`CUSTOM_VALUES_ID_`) REFERENCES `ACT_GE_BYTEARRAY` (`ID_`) ON DELETE RESTRICT ON UPDATE RESTRICT,
  CONSTRAINT `ACT_FK_DEADLETTER_JOB_EXCEPTION` FOREIGN KEY (`EXCEPTION_STACK_ID_`) REFERENCES `ACT_GE_BYTEARRAY` (`ID_`) ON DELETE RESTRICT ON UPDATE RESTRICT,
  CONSTRAINT `ACT_FK_DEADLETTER_JOB_EXECUTION` FOREIGN KEY (`EXECUTION_ID_`) REFERENCES `ACT_RU_EXECUTION` (`ID_`) ON DELETE RESTRICT ON UPDATE RESTRICT,
  CONSTRAINT `ACT_FK_DEADLETTER_JOB_PROC_DEF` FOREIGN KEY (`PROC_DEF_ID_`) REFERENCES `ACT_RE_PROCDEF` (`ID_`) ON DELETE RESTRICT ON UPDATE RESTRICT,
  CONSTRAINT `ACT_FK_DEADLETTER_JOB_PROCESS_INSTANCE` FOREIGN KEY (`PROCESS_INSTANCE_ID_`) REFERENCES `ACT_RU_EXECUTION` (`ID_`) ON DELETE RESTRICT ON UPDATE RESTRICT
) ENGINE = InnoDB CHARACTER SET = utf8mb3 COLLATE = utf8mb3_bin ROW_FORMAT = Dynamic;

-- ----------------------------
-- Records of ACT_RU_DEADLETTER_JOB
-- ----------------------------

-- ----------------------------
-- Table structure for ACT_RU_ENTITYLINK
-- ----------------------------
DROP TABLE IF EXISTS `ACT_RU_ENTITYLINK`;
CREATE TABLE `ACT_RU_ENTITYLINK`  (
  `ID_` varchar(64) CHARACTER SET utf8mb3 COLLATE utf8mb3_bin NOT NULL,
  `REV_` int NULL DEFAULT NULL,
  `CREATE_TIME_` datetime(3) NULL DEFAULT NULL,
  `LINK_TYPE_` varchar(255) CHARACTER SET utf8mb3 COLLATE utf8mb3_bin NULL DEFAULT NULL,
  `SCOPE_ID_` varchar(255) CHARACTER SET utf8mb3 COLLATE utf8mb3_bin NULL DEFAULT NULL,
  `SUB_SCOPE_ID_` varchar(255) CHARACTER SET utf8mb3 COLLATE utf8mb3_bin NULL DEFAULT NULL,
  `SCOPE_TYPE_` varchar(255) CHARACTER SET utf8mb3 COLLATE utf8mb3_bin NULL DEFAULT NULL,
  `SCOPE_DEFINITION_ID_` varchar(255) CHARACTER SET utf8mb3 COLLATE utf8mb3_bin NULL DEFAULT NULL,
  `PARENT_ELEMENT_ID_` varchar(255) CHARACTER SET utf8mb3 COLLATE utf8mb3_bin NULL DEFAULT NULL,
  `REF_SCOPE_ID_` varchar(255) CHARACTER SET utf8mb3 COLLATE utf8mb3_bin NULL DEFAULT NULL,
  `REF_SCOPE_TYPE_` varchar(255) CHARACTER SET utf8mb3 COLLATE utf8mb3_bin NULL DEFAULT NULL,
  `REF_SCOPE_DEFINITION_ID_` varchar(255) CHARACTER SET utf8mb3 COLLATE utf8mb3_bin NULL DEFAULT NULL,
  `ROOT_SCOPE_ID_` varchar(255) CHARACTER SET utf8mb3 COLLATE utf8mb3_bin NULL DEFAULT NULL,
  `ROOT_SCOPE_TYPE_` varchar(255) CHARACTER SET utf8mb3 COLLATE utf8mb3_bin NULL DEFAULT NULL,
  `HIERARCHY_TYPE_` varchar(255) CHARACTER SET utf8mb3 COLLATE utf8mb3_bin NULL DEFAULT NULL,
  PRIMARY KEY (`ID_`) USING BTREE,
  INDEX `ACT_IDX_ENT_LNK_SCOPE`(`SCOPE_ID_` ASC, `SCOPE_TYPE_` ASC, `LINK_TYPE_` ASC) USING BTREE,
  INDEX `ACT_IDX_ENT_LNK_REF_SCOPE`(`REF_SCOPE_ID_` ASC, `REF_SCOPE_TYPE_` ASC, `LINK_TYPE_` ASC) USING BTREE,
  INDEX `ACT_IDX_ENT_LNK_ROOT_SCOPE`(`ROOT_SCOPE_ID_` ASC, `ROOT_SCOPE_TYPE_` ASC, `LINK_TYPE_` ASC) USING BTREE,
  INDEX `ACT_IDX_ENT_LNK_SCOPE_DEF`(`SCOPE_DEFINITION_ID_` ASC, `SCOPE_TYPE_` ASC, `LINK_TYPE_` ASC) USING BTREE
) ENGINE = InnoDB CHARACTER SET = utf8mb3 COLLATE = utf8mb3_bin ROW_FORMAT = Dynamic;

-- ----------------------------
-- Records of ACT_RU_ENTITYLINK
-- ----------------------------

-- ----------------------------
-- Table structure for ACT_RU_EVENT_SUBSCR
-- ----------------------------
DROP TABLE IF EXISTS `ACT_RU_EVENT_SUBSCR`;
CREATE TABLE `ACT_RU_EVENT_SUBSCR`  (
  `ID_` varchar(64) CHARACTER SET utf8mb3 COLLATE utf8mb3_bin NOT NULL,
  `REV_` int NULL DEFAULT NULL,
  `EVENT_TYPE_` varchar(255) CHARACTER SET utf8mb3 COLLATE utf8mb3_bin NOT NULL,
  `EVENT_NAME_` varchar(255) CHARACTER SET utf8mb3 COLLATE utf8mb3_bin NULL DEFAULT NULL,
  `EXECUTION_ID_` varchar(64) CHARACTER SET utf8mb3 COLLATE utf8mb3_bin NULL DEFAULT NULL,
  `PROC_INST_ID_` varchar(64) CHARACTER SET utf8mb3 COLLATE utf8mb3_bin NULL DEFAULT NULL,
  `ACTIVITY_ID_` varchar(64) CHARACTER SET utf8mb3 COLLATE utf8mb3_bin NULL DEFAULT NULL,
  `CONFIGURATION_` varchar(255) CHARACTER SET utf8mb3 COLLATE utf8mb3_bin NULL DEFAULT NULL,
  `CREATED_` timestamp(3) NOT NULL DEFAULT CURRENT_TIMESTAMP(3),
  `PROC_DEF_ID_` varchar(64) CHARACTER SET utf8mb3 COLLATE utf8mb3_bin NULL DEFAULT NULL,
  `SUB_SCOPE_ID_` varchar(64) CHARACTER SET utf8mb3 COLLATE utf8mb3_bin NULL DEFAULT NULL,
  `SCOPE_ID_` varchar(64) CHARACTER SET utf8mb3 COLLATE utf8mb3_bin NULL DEFAULT NULL,
  `SCOPE_DEFINITION_ID_` varchar(64) CHARACTER SET utf8mb3 COLLATE utf8mb3_bin NULL DEFAULT NULL,
  `SCOPE_DEFINITION_KEY_` varchar(255) CHARACTER SET utf8mb3 COLLATE utf8mb3_bin NULL DEFAULT NULL,
  `SCOPE_TYPE_` varchar(64) CHARACTER SET utf8mb3 COLLATE utf8mb3_bin NULL DEFAULT NULL,
  `LOCK_TIME_` timestamp(3) NULL DEFAULT NULL,
  `LOCK_OWNER_` varchar(255) CHARACTER SET utf8mb3 COLLATE utf8mb3_bin NULL DEFAULT NULL,
  `TENANT_ID_` varchar(255) CHARACTER SET utf8mb3 COLLATE utf8mb3_bin NULL DEFAULT '',
  PRIMARY KEY (`ID_`) USING BTREE,
  INDEX `ACT_IDX_EVENT_SUBSCR_CONFIG_`(`CONFIGURATION_` ASC) USING BTREE,
  INDEX `ACT_IDX_EVENT_SUBSCR_SCOPEREF_`(`SCOPE_ID_` ASC, `SCOPE_TYPE_` ASC) USING BTREE,
  INDEX `ACT_FK_EVENT_EXEC`(`EXECUTION_ID_` ASC) USING BTREE,
  CONSTRAINT `ACT_FK_EVENT_EXEC` FOREIGN KEY (`EXECUTION_ID_`) REFERENCES `ACT_RU_EXECUTION` (`ID_`) ON DELETE RESTRICT ON UPDATE RESTRICT
) ENGINE = InnoDB CHARACTER SET = utf8mb3 COLLATE = utf8mb3_bin ROW_FORMAT = Dynamic;

-- ----------------------------
-- Records of ACT_RU_EVENT_SUBSCR
-- ----------------------------

-- ----------------------------
-- Table structure for ACT_RU_EXECUTION
-- ----------------------------
DROP TABLE IF EXISTS `ACT_RU_EXECUTION`;
CREATE TABLE `ACT_RU_EXECUTION`  (
  `ID_` varchar(64) CHARACTER SET utf8mb3 COLLATE utf8mb3_bin NOT NULL,
  `REV_` int NULL DEFAULT NULL,
  `PROC_INST_ID_` varchar(64) CHARACTER SET utf8mb3 COLLATE utf8mb3_bin NULL DEFAULT NULL,
  `BUSINESS_KEY_` varchar(255) CHARACTER SET utf8mb3 COLLATE utf8mb3_bin NULL DEFAULT NULL,
  `PARENT_ID_` varchar(64) CHARACTER SET utf8mb3 COLLATE utf8mb3_bin NULL DEFAULT NULL,
  `PROC_DEF_ID_` varchar(64) CHARACTER SET utf8mb3 COLLATE utf8mb3_bin NULL DEFAULT NULL,
  `SUPER_EXEC_` varchar(64) CHARACTER SET utf8mb3 COLLATE utf8mb3_bin NULL DEFAULT NULL,
  `ROOT_PROC_INST_ID_` varchar(64) CHARACTER SET utf8mb3 COLLATE utf8mb3_bin NULL DEFAULT NULL,
  `ACT_ID_` varchar(255) CHARACTER SET utf8mb3 COLLATE utf8mb3_bin NULL DEFAULT NULL,
  `IS_ACTIVE_` tinyint NULL DEFAULT NULL,
  `IS_CONCURRENT_` tinyint NULL DEFAULT NULL,
  `IS_SCOPE_` tinyint NULL DEFAULT NULL,
  `IS_EVENT_SCOPE_` tinyint NULL DEFAULT NULL,
  `IS_MI_ROOT_` tinyint NULL DEFAULT NULL,
  `SUSPENSION_STATE_` int NULL DEFAULT NULL,
  `CACHED_ENT_STATE_` int NULL DEFAULT NULL,
  `TENANT_ID_` varchar(255) CHARACTER SET utf8mb3 COLLATE utf8mb3_bin NULL DEFAULT '',
  `NAME_` varchar(255) CHARACTER SET utf8mb3 COLLATE utf8mb3_bin NULL DEFAULT NULL,
  `START_ACT_ID_` varchar(255) CHARACTER SET utf8mb3 COLLATE utf8mb3_bin NULL DEFAULT NULL,
  `START_TIME_` datetime(3) NULL DEFAULT NULL,
  `START_USER_ID_` varchar(255) CHARACTER SET utf8mb3 COLLATE utf8mb3_bin NULL DEFAULT NULL,
  `LOCK_TIME_` timestamp(3) NULL DEFAULT NULL,
  `LOCK_OWNER_` varchar(255) CHARACTER SET utf8mb3 COLLATE utf8mb3_bin NULL DEFAULT NULL,
  `IS_COUNT_ENABLED_` tinyint NULL DEFAULT NULL,
  `EVT_SUBSCR_COUNT_` int NULL DEFAULT NULL,
  `TASK_COUNT_` int NULL DEFAULT NULL,
  `JOB_COUNT_` int NULL DEFAULT NULL,
  `TIMER_JOB_COUNT_` int NULL DEFAULT NULL,
  `SUSP_JOB_COUNT_` int NULL DEFAULT NULL,
  `DEADLETTER_JOB_COUNT_` int NULL DEFAULT NULL,
  `EXTERNAL_WORKER_JOB_COUNT_` int NULL DEFAULT NULL,
  `VAR_COUNT_` int NULL DEFAULT NULL,
  `ID_LINK_COUNT_` int NULL DEFAULT NULL,
  `CALLBACK_ID_` varchar(255) CHARACTER SET utf8mb3 COLLATE utf8mb3_bin NULL DEFAULT NULL,
  `CALLBACK_TYPE_` varchar(255) CHARACTER SET utf8mb3 COLLATE utf8mb3_bin NULL DEFAULT NULL,
  `REFERENCE_ID_` varchar(255) CHARACTER SET utf8mb3 COLLATE utf8mb3_bin NULL DEFAULT NULL,
  `REFERENCE_TYPE_` varchar(255) CHARACTER SET utf8mb3 COLLATE utf8mb3_bin NULL DEFAULT NULL,
  `PROPAGATED_STAGE_INST_ID_` varchar(255) CHARACTER SET utf8mb3 COLLATE utf8mb3_bin NULL DEFAULT NULL,
  `BUSINESS_STATUS_` varchar(255) CHARACTER SET utf8mb3 COLLATE utf8mb3_bin NULL DEFAULT NULL,
  PRIMARY KEY (`ID_`) USING BTREE,
  INDEX `ACT_IDX_EXEC_BUSKEY`(`BUSINESS_KEY_` ASC) USING BTREE,
  INDEX `ACT_IDC_EXEC_ROOT`(`ROOT_PROC_INST_ID_` ASC) USING BTREE,
  INDEX `ACT_IDX_EXEC_REF_ID_`(`REFERENCE_ID_` ASC) USING BTREE,
  INDEX `ACT_FK_EXE_PROCINST`(`PROC_INST_ID_` ASC) USING BTREE,
  INDEX `ACT_FK_EXE_PARENT`(`PARENT_ID_` ASC) USING BTREE,
  INDEX `ACT_FK_EXE_SUPER`(`SUPER_EXEC_` ASC) USING BTREE,
  INDEX `ACT_FK_EXE_PROCDEF`(`PROC_DEF_ID_` ASC) USING BTREE,
  CONSTRAINT `ACT_FK_EXE_PARENT` FOREIGN KEY (`PARENT_ID_`) REFERENCES `ACT_RU_EXECUTION` (`ID_`) ON DELETE CASCADE ON UPDATE RESTRICT,
  CONSTRAINT `ACT_FK_EXE_PROCDEF` FOREIGN KEY (`PROC_DEF_ID_`) REFERENCES `ACT_RE_PROCDEF` (`ID_`) ON DELETE RESTRICT ON UPDATE RESTRICT,
  CONSTRAINT `ACT_FK_EXE_PROCINST` FOREIGN KEY (`PROC_INST_ID_`) REFERENCES `ACT_RU_EXECUTION` (`ID_`) ON DELETE CASCADE ON UPDATE CASCADE,
  CONSTRAINT `ACT_FK_EXE_SUPER` FOREIGN KEY (`SUPER_EXEC_`) REFERENCES `ACT_RU_EXECUTION` (`ID_`) ON DELETE CASCADE ON UPDATE RESTRICT
) ENGINE = InnoDB CHARACTER SET = utf8mb3 COLLATE = utf8mb3_bin ROW_FORMAT = Dynamic;

-- ----------------------------
-- Records of ACT_RU_EXECUTION
-- ----------------------------
INSERT INTO `ACT_RU_EXECUTION` VALUES ('18d92ec5-e887-11ef-a646-cc28aa504d95', 1, '18d92ec5-e887-11ef-a646-cc28aa504d95', 'ASSET_20230607', NULL, 'assetCall:12:44abb554-e886-11ef-a646-cc28aa504d95', NULL, '18d92ec5-e887-11ef-a646-cc28aa504d95', NULL, 1, 0, 1, 0, 0, 1, NULL, '', NULL, 'startEvent1', '2025-02-11 22:47:20.689', 'test', NULL, NULL, 1, 0, 0, 0, 0, 0, 0, 0, 0, 0, NULL, NULL, NULL, NULL, NULL, NULL);
INSERT INTO `ACT_RU_EXECUTION` VALUES ('18d97ce9-e887-11ef-a646-cc28aa504d95', 1, '18d92ec5-e887-11ef-a646-cc28aa504d95', NULL, '18d92ec5-e887-11ef-a646-cc28aa504d95', 'assetCall:12:44abb554-e886-11ef-a646-cc28aa504d95', NULL, '18d92ec5-e887-11ef-a646-cc28aa504d95', 'sid-28F4649C-2790-4561-8A7F-9A81B0D74E8E', 1, 0, 0, 0, 0, 1, NULL, '', NULL, NULL, '2025-02-11 22:47:20.691', NULL, NULL, NULL, 1, 0, 1, 0, 0, 0, 0, 0, 0, 0, NULL, NULL, NULL, NULL, NULL, NULL);
INSERT INTO `ACT_RU_EXECUTION` VALUES ('332a2c50-e889-11ef-9400-cc28aa504d95', 1, '332a2c50-e889-11ef-9400-cc28aa504d95', 'ASSET_20230607', NULL, 'assetCall:14:259722ef-e889-11ef-9400-cc28aa504d95', NULL, '332a2c50-e889-11ef-9400-cc28aa504d95', NULL, 1, 0, 1, 0, 0, 1, NULL, '', NULL, 'startEvent1', '2025-02-11 23:02:23.834', 'test', NULL, NULL, 1, 0, 0, 0, 0, 0, 0, 0, 0, 0, NULL, NULL, NULL, NULL, NULL, NULL);
INSERT INTO `ACT_RU_EXECUTION` VALUES ('332a5364-e889-11ef-9400-cc28aa504d95', 1, '332a2c50-e889-11ef-9400-cc28aa504d95', NULL, '332a2c50-e889-11ef-9400-cc28aa504d95', 'assetCall:14:259722ef-e889-11ef-9400-cc28aa504d95', NULL, '332a2c50-e889-11ef-9400-cc28aa504d95', 'sid-28F4649C-2790-4561-8A7F-9A81B0D74E8E', 1, 0, 0, 0, 0, 1, NULL, '', NULL, NULL, '2025-02-11 23:02:23.835', NULL, NULL, NULL, 1, 0, 1, 0, 0, 0, 0, 0, 0, 0, NULL, NULL, NULL, NULL, NULL, NULL);
INSERT INTO `ACT_RU_EXECUTION` VALUES ('3c015a41-e623-11ef-a57b-cc28aa504d95', 1, '3c015a41-e623-11ef-a57b-cc28aa504d95', 'ASSET_202307004', NULL, 'assetCall:3:cff8a510-e622-11ef-a57b-cc28aa504d95', NULL, '3c015a41-e623-11ef-a57b-cc28aa504d95', NULL, 1, 0, 1, 0, 0, 1, NULL, '', NULL, 'startEvent1', '2025-02-08 21:47:27.674', 'test', NULL, NULL, 1, 0, 0, 0, 0, 0, 0, 0, 0, 0, NULL, NULL, NULL, NULL, NULL, NULL);
INSERT INTO `ACT_RU_EXECUTION` VALUES ('3c018155-e623-11ef-a57b-cc28aa504d95', 1, '3c015a41-e623-11ef-a57b-cc28aa504d95', NULL, '3c015a41-e623-11ef-a57b-cc28aa504d95', 'assetCall:3:cff8a510-e622-11ef-a57b-cc28aa504d95', NULL, '3c015a41-e623-11ef-a57b-cc28aa504d95', 'sid-28F4649C-2790-4561-8A7F-9A81B0D74E8E', 1, 0, 0, 0, 0, 1, NULL, '', NULL, NULL, '2025-02-08 21:47:27.675', NULL, NULL, NULL, 1, 0, 1, 0, 0, 0, 0, 0, 0, 0, NULL, NULL, NULL, NULL, NULL, NULL);
INSERT INTO `ACT_RU_EXECUTION` VALUES ('3e6e9a70-e6f0-11ef-acc6-cc28aa504d95', 1, '3e6e9a70-e6f0-11ef-acc6-cc28aa504d95', 'ASSET_202307006', NULL, 'assetCall:7:0fdd376f-e6f0-11ef-acc6-cc28aa504d95', NULL, '3e6e9a70-e6f0-11ef-acc6-cc28aa504d95', NULL, 1, 0, 1, 0, 0, 1, NULL, '', NULL, 'startEvent1', '2025-02-09 22:14:58.575', 'test', NULL, NULL, 1, 0, 0, 0, 0, 0, 0, 0, 0, 0, NULL, NULL, NULL, NULL, NULL, NULL);
INSERT INTO `ACT_RU_EXECUTION` VALUES ('3e6ee896-e6f0-11ef-acc6-cc28aa504d95', 2, '3e6e9a70-e6f0-11ef-acc6-cc28aa504d95', NULL, '3e6e9a70-e6f0-11ef-acc6-cc28aa504d95', 'assetCall:7:0fdd376f-e6f0-11ef-acc6-cc28aa504d95', NULL, '3e6e9a70-e6f0-11ef-acc6-cc28aa504d95', 'sid-E3F94567-6F1D-46DB-8B88-CC193B1E34C0', 1, 0, 0, 0, 0, 1, NULL, '', NULL, NULL, '2025-02-09 22:14:58.577', NULL, NULL, NULL, 1, 0, 1, 0, 0, 0, 0, 0, 0, 0, NULL, NULL, NULL, NULL, NULL, NULL);
INSERT INTO `ACT_RU_EXECUTION` VALUES ('52b1a724-e624-11ef-88f5-cc28aa504d95', 1, '52b1a724-e624-11ef-88f5-cc28aa504d95', 'ASSET_202307004', NULL, 'assetCall:3:cff8a510-e622-11ef-a57b-cc28aa504d95', NULL, '52b1a724-e624-11ef-88f5-cc28aa504d95', NULL, 1, 0, 1, 0, 0, 1, NULL, '', NULL, 'startEvent1', '2025-02-08 21:55:15.236', 'test', NULL, NULL, 1, 0, 0, 0, 0, 0, 0, 0, 0, 0, NULL, NULL, NULL, NULL, NULL, NULL);
INSERT INTO `ACT_RU_EXECUTION` VALUES ('52b1f548-e624-11ef-88f5-cc28aa504d95', 1, '52b1a724-e624-11ef-88f5-cc28aa504d95', NULL, '52b1a724-e624-11ef-88f5-cc28aa504d95', 'assetCall:3:cff8a510-e622-11ef-a57b-cc28aa504d95', NULL, '52b1a724-e624-11ef-88f5-cc28aa504d95', 'sid-28F4649C-2790-4561-8A7F-9A81B0D74E8E', 1, 0, 0, 0, 0, 1, NULL, '', NULL, NULL, '2025-02-08 21:55:15.238', NULL, NULL, NULL, 1, 0, 1, 0, 0, 0, 0, 0, 0, 0, NULL, NULL, NULL, NULL, NULL, NULL);
INSERT INTO `ACT_RU_EXECUTION` VALUES ('549544c5-e62d-11ef-9fbd-cc28aa504d95', 1, '549544c5-e62d-11ef-9fbd-cc28aa504d95', 'ASSET_202307004', NULL, 'assetCall:3:cff8a510-e622-11ef-a57b-cc28aa504d95', NULL, '549544c5-e62d-11ef-9fbd-cc28aa504d95', NULL, 1, 0, 1, 0, 0, 1, NULL, '', NULL, 'startEvent1', '2025-02-08 22:59:43.876', 'test', NULL, NULL, 1, 0, 0, 0, 0, 0, 0, 0, 0, 0, NULL, NULL, NULL, NULL, NULL, NULL);
INSERT INTO `ACT_RU_EXECUTION` VALUES ('54956bd9-e62d-11ef-9fbd-cc28aa504d95', 1, '549544c5-e62d-11ef-9fbd-cc28aa504d95', NULL, '549544c5-e62d-11ef-9fbd-cc28aa504d95', 'assetCall:3:cff8a510-e622-11ef-a57b-cc28aa504d95', NULL, '549544c5-e62d-11ef-9fbd-cc28aa504d95', 'sid-28F4649C-2790-4561-8A7F-9A81B0D74E8E', 1, 0, 0, 0, 0, 1, NULL, '', NULL, NULL, '2025-02-08 22:59:43.877', NULL, NULL, NULL, 1, 0, 1, 0, 0, 0, 0, 0, 0, 0, NULL, NULL, NULL, NULL, NULL, NULL);
INSERT INTO `ACT_RU_EXECUTION` VALUES ('6d1765cd-e704-11ef-8c34-cc28aa504d95', 3, '6d1765cd-e704-11ef-8c34-cc28aa504d95', 'ASSET_20230603', NULL, 'assetCall:9:615f36ec-e704-11ef-8c34-cc28aa504d95', NULL, '6d1765cd-e704-11ef-8c34-cc28aa504d95', NULL, 1, 0, 1, 0, 0, 1, NULL, '', NULL, 'startEvent1', '2025-02-10 00:39:26.791', 'test', NULL, NULL, 1, 0, 0, 0, 0, 0, 0, 0, 0, 0, NULL, NULL, NULL, NULL, NULL, NULL);
INSERT INTO `ACT_RU_EXECUTION` VALUES ('6d17b3f1-e704-11ef-8c34-cc28aa504d95', 3, '6d1765cd-e704-11ef-8c34-cc28aa504d95', NULL, '6d1765cd-e704-11ef-8c34-cc28aa504d95', 'assetCall:9:615f36ec-e704-11ef-8c34-cc28aa504d95', NULL, '6d1765cd-e704-11ef-8c34-cc28aa504d95', 'sid-D76C049C-53A8-44F0-8A1C-930D9D685132', 1, 0, 0, 0, 0, 1, NULL, '', NULL, NULL, '2025-02-10 00:39:26.793', NULL, NULL, NULL, 1, 0, 1, 0, 0, 0, 0, 0, 0, 0, NULL, NULL, NULL, NULL, NULL, NULL);
INSERT INTO `ACT_RU_EXECUTION` VALUES ('75a1b0bf-e708-11ef-8c34-cc28aa504d95', 4, '75a1b0bf-e708-11ef-8c34-cc28aa504d95', 'ASSET_20230605', NULL, 'assetCall:9:615f36ec-e704-11ef-8c34-cc28aa504d95', NULL, '75a1b0bf-e708-11ef-8c34-cc28aa504d95', NULL, 1, 0, 1, 0, 0, 1, NULL, '', NULL, 'startEvent1', '2025-02-10 01:08:19.106', 'test', NULL, NULL, 1, 0, 0, 0, 0, 0, 0, 0, 0, 0, NULL, NULL, NULL, NULL, NULL, NULL);
INSERT INTO `ACT_RU_EXECUTION` VALUES ('75a1b0c3-e708-11ef-8c34-cc28aa504d95', 4, '75a1b0bf-e708-11ef-8c34-cc28aa504d95', NULL, '75a1b0bf-e708-11ef-8c34-cc28aa504d95', 'assetCall:9:615f36ec-e704-11ef-8c34-cc28aa504d95', NULL, '75a1b0bf-e708-11ef-8c34-cc28aa504d95', 'sid-28F4649C-2790-4561-8A7F-9A81B0D74E8E', 1, 0, 0, 0, 0, 1, NULL, '', NULL, NULL, '2025-02-10 01:08:19.106', NULL, NULL, NULL, 1, 0, 1, 0, 0, 0, 0, 0, 0, 0, NULL, NULL, NULL, NULL, NULL, NULL);
INSERT INTO `ACT_RU_EXECUTION` VALUES ('7caa4dc1-e62c-11ef-9a09-cc28aa504d95', 1, '7caa4dc1-e62c-11ef-9a09-cc28aa504d95', 'ASSET_202307004', NULL, 'assetCall:3:cff8a510-e622-11ef-a57b-cc28aa504d95', NULL, '7caa4dc1-e62c-11ef-9a09-cc28aa504d95', NULL, 1, 0, 1, 0, 0, 1, NULL, '', NULL, 'startEvent1', '2025-02-08 22:53:41.626', 'test', NULL, NULL, 1, 0, 0, 0, 0, 0, 0, 0, 0, 0, NULL, NULL, NULL, NULL, NULL, NULL);
INSERT INTO `ACT_RU_EXECUTION` VALUES ('7caa9be5-e62c-11ef-9a09-cc28aa504d95', 1, '7caa4dc1-e62c-11ef-9a09-cc28aa504d95', NULL, '7caa4dc1-e62c-11ef-9a09-cc28aa504d95', 'assetCall:3:cff8a510-e622-11ef-a57b-cc28aa504d95', NULL, '7caa4dc1-e62c-11ef-9a09-cc28aa504d95', 'sid-28F4649C-2790-4561-8A7F-9A81B0D74E8E', 1, 0, 0, 0, 0, 1, NULL, '', NULL, NULL, '2025-02-08 22:53:41.628', NULL, NULL, NULL, 1, 0, 1, 0, 0, 0, 0, 0, 0, 0, NULL, NULL, NULL, NULL, NULL, NULL);
INSERT INTO `ACT_RU_EXECUTION` VALUES ('87b7638a-e61c-11ef-ac58-cc28aa504d95', 1, '87b7638a-e61c-11ef-ac58-cc28aa504d95', 'ASSET_202307003', NULL, 'assetCall:1:0e29d5c9-e61c-11ef-ac58-cc28aa504d95', NULL, '87b7638a-e61c-11ef-ac58-cc28aa504d95', NULL, 1, 0, 1, 0, 0, 1, NULL, '', NULL, 'startEvent1', '2025-02-08 20:59:28.219', 'test', NULL, NULL, 1, 0, 0, 0, 0, 0, 0, 0, 0, 0, NULL, NULL, NULL, NULL, NULL, NULL);
INSERT INTO `ACT_RU_EXECUTION` VALUES ('87b7b1ae-e61c-11ef-ac58-cc28aa504d95', 1, '87b7638a-e61c-11ef-ac58-cc28aa504d95', NULL, '87b7638a-e61c-11ef-ac58-cc28aa504d95', 'assetCall:1:0e29d5c9-e61c-11ef-ac58-cc28aa504d95', NULL, '87b7638a-e61c-11ef-ac58-cc28aa504d95', 'sid-28F4649C-2790-4561-8A7F-9A81B0D74E8E', 1, 0, 0, 0, 0, 1, NULL, '', NULL, NULL, '2025-02-08 20:59:28.221', NULL, NULL, NULL, 1, 0, 1, 0, 0, 0, 0, 0, 0, 0, NULL, NULL, NULL, NULL, NULL, NULL);
INSERT INTO `ACT_RU_EXECUTION` VALUES ('8a66ba79-e6fc-11ef-9d7f-cc28aa504d95', 1, '8a66ba79-e6fc-11ef-9d7f-cc28aa504d95', 'ASSET_20230602', NULL, 'assetCall:8:0f0bbfb8-e6fc-11ef-9d7f-cc28aa504d95', NULL, '8a66ba79-e6fc-11ef-9d7f-cc28aa504d95', NULL, 1, 0, 1, 0, 0, 1, NULL, '', NULL, 'startEvent1', '2025-02-09 23:42:59.991', 'test', NULL, NULL, 1, 0, 0, 0, 0, 0, 0, 0, 0, 0, NULL, NULL, NULL, NULL, NULL, NULL);
INSERT INTO `ACT_RU_EXECUTION` VALUES ('8a67089d-e6fc-11ef-9d7f-cc28aa504d95', 1, '8a66ba79-e6fc-11ef-9d7f-cc28aa504d95', NULL, '8a66ba79-e6fc-11ef-9d7f-cc28aa504d95', 'assetCall:8:0f0bbfb8-e6fc-11ef-9d7f-cc28aa504d95', NULL, '8a66ba79-e6fc-11ef-9d7f-cc28aa504d95', 'sid-28F4649C-2790-4561-8A7F-9A81B0D74E8E', 1, 0, 0, 0, 0, 1, NULL, '', NULL, NULL, '2025-02-09 23:42:59.993', NULL, NULL, NULL, 1, 0, 1, 0, 0, 0, 0, 0, 0, 0, NULL, NULL, NULL, NULL, NULL, NULL);
INSERT INTO `ACT_RU_EXECUTION` VALUES ('94007e76-e6f9-11ef-a5fe-cc28aa504d95', 1, '94007e76-e6f9-11ef-a5fe-cc28aa504d95', 'ASSET_20230601', NULL, 'assetCall:7:0fdd376f-e6f0-11ef-acc6-cc28aa504d95', NULL, '94007e76-e6f9-11ef-a5fe-cc28aa504d95', NULL, 1, 0, 1, 0, 0, 1, NULL, '', NULL, 'startEvent1', '2025-02-09 23:21:47.608', 'test', NULL, NULL, 1, 0, 0, 0, 0, 0, 0, 0, 0, 0, NULL, NULL, NULL, NULL, NULL, NULL);
INSERT INTO `ACT_RU_EXECUTION` VALUES ('9400cc9c-e6f9-11ef-a5fe-cc28aa504d95', 2, '94007e76-e6f9-11ef-a5fe-cc28aa504d95', NULL, '94007e76-e6f9-11ef-a5fe-cc28aa504d95', 'assetCall:7:0fdd376f-e6f0-11ef-acc6-cc28aa504d95', NULL, '94007e76-e6f9-11ef-a5fe-cc28aa504d95', 'sid-E3F94567-6F1D-46DB-8B88-CC193B1E34C0', 1, 0, 0, 0, 0, 1, NULL, '', NULL, NULL, '2025-02-09 23:21:47.610', NULL, NULL, NULL, 1, 0, 1, 0, 0, 0, 0, 0, 0, 0, NULL, NULL, NULL, NULL, NULL, NULL);
INSERT INTO `ACT_RU_EXECUTION` VALUES ('a104e00b-e6f2-11ef-a872-cc28aa504d95', 1, 'a104e00b-e6f2-11ef-a872-cc28aa504d95', 'ASSET_202307007', NULL, 'assetCall:7:0fdd376f-e6f0-11ef-acc6-cc28aa504d95', NULL, 'a104e00b-e6f2-11ef-a872-cc28aa504d95', NULL, 1, 0, 1, 0, 0, 1, NULL, '', NULL, 'startEvent1', '2025-02-09 22:32:02.970', 'test', NULL, NULL, 1, 0, 0, 0, 0, 0, 0, 0, 0, 0, NULL, NULL, NULL, NULL, NULL, NULL);
INSERT INTO `ACT_RU_EXECUTION` VALUES ('a1052e31-e6f2-11ef-a872-cc28aa504d95', 2, 'a104e00b-e6f2-11ef-a872-cc28aa504d95', NULL, 'a104e00b-e6f2-11ef-a872-cc28aa504d95', 'assetCall:7:0fdd376f-e6f0-11ef-acc6-cc28aa504d95', NULL, 'a104e00b-e6f2-11ef-a872-cc28aa504d95', 'sid-E3F94567-6F1D-46DB-8B88-CC193B1E34C0', 1, 0, 0, 0, 0, 1, NULL, '', NULL, NULL, '2025-02-09 22:32:02.972', NULL, NULL, NULL, 1, 0, 1, 0, 0, 0, 0, 0, 0, 0, NULL, NULL, NULL, NULL, NULL, NULL);
INSERT INTO `ACT_RU_EXECUTION` VALUES ('b0ae3469-e6f4-11ef-95d7-cc28aa504d95', 1, 'b0ae3469-e6f4-11ef-95d7-cc28aa504d95', 'ASSET_202307009', NULL, 'assetCall:7:0fdd376f-e6f0-11ef-acc6-cc28aa504d95', NULL, 'b0ae3469-e6f4-11ef-95d7-cc28aa504d95', NULL, 1, 0, 1, 0, 0, 1, NULL, '', NULL, 'startEvent1', '2025-02-09 22:46:48.239', 'test', NULL, NULL, 1, 0, 0, 0, 0, 0, 0, 0, 0, 0, NULL, NULL, NULL, NULL, NULL, NULL);
INSERT INTO `ACT_RU_EXECUTION` VALUES ('b0ae828f-e6f4-11ef-95d7-cc28aa504d95', 2, 'b0ae3469-e6f4-11ef-95d7-cc28aa504d95', NULL, 'b0ae3469-e6f4-11ef-95d7-cc28aa504d95', 'assetCall:7:0fdd376f-e6f0-11ef-acc6-cc28aa504d95', NULL, 'b0ae3469-e6f4-11ef-95d7-cc28aa504d95', 'sid-E3F94567-6F1D-46DB-8B88-CC193B1E34C0', 1, 0, 0, 0, 0, 1, NULL, '', NULL, NULL, '2025-02-09 22:46:48.241', NULL, NULL, NULL, 1, 0, 1, 0, 0, 0, 0, 0, 0, 0, NULL, NULL, NULL, NULL, NULL, NULL);
INSERT INTO `ACT_RU_EXECUTION` VALUES ('be482860-e640-11ef-ad5d-cc28aa504d95', 1, 'be482860-e640-11ef-ad5d-cc28aa504d95', 'ASSET_202307005', NULL, 'assetCall:4:cdf0dd29-e63e-11ef-8eea-cc28aa504d95', NULL, 'be482860-e640-11ef-ad5d-cc28aa504d95', NULL, 1, 0, 1, 0, 0, 1, NULL, '', NULL, 'startEvent1', '2025-02-09 01:18:41.647', 'test', NULL, NULL, 1, 0, 0, 0, 0, 0, 0, 0, 0, 0, NULL, NULL, NULL, NULL, NULL, NULL);
INSERT INTO `ACT_RU_EXECUTION` VALUES ('be484f74-e640-11ef-ad5d-cc28aa504d95', 1, 'be482860-e640-11ef-ad5d-cc28aa504d95', NULL, 'be482860-e640-11ef-ad5d-cc28aa504d95', 'assetCall:4:cdf0dd29-e63e-11ef-8eea-cc28aa504d95', NULL, 'be482860-e640-11ef-ad5d-cc28aa504d95', 'sid-28F4649C-2790-4561-8A7F-9A81B0D74E8E', 1, 0, 0, 0, 0, 1, NULL, '', NULL, NULL, '2025-02-09 01:18:41.648', NULL, NULL, NULL, 1, 0, 1, 0, 0, 0, 0, 0, 0, 0, NULL, NULL, NULL, NULL, NULL, NULL);
INSERT INTO `ACT_RU_EXECUTION` VALUES ('d578b9f2-e86e-11ef-9e03-cc28aa504d95', 4, 'd578b9f2-e86e-11ef-9e03-cc28aa504d95', 'ASSET_20230606', NULL, 'assetCall:10:03e82224-e7bb-11ef-8aa3-cc28aa504d95', NULL, 'd578b9f2-e86e-11ef-9e03-cc28aa504d95', NULL, 1, 0, 1, 0, 0, 1, NULL, '', NULL, 'startEvent1', '2025-02-11 19:53:39.728', 'test', NULL, NULL, 1, 0, 0, 0, 0, 0, 0, 0, 0, 0, NULL, NULL, NULL, NULL, NULL, NULL);
INSERT INTO `ACT_RU_EXECUTION` VALUES ('d578e106-e86e-11ef-9e03-cc28aa504d95', 3, 'd578b9f2-e86e-11ef-9e03-cc28aa504d95', NULL, 'd578b9f2-e86e-11ef-9e03-cc28aa504d95', 'assetCall:10:03e82224-e7bb-11ef-8aa3-cc28aa504d95', NULL, 'd578b9f2-e86e-11ef-9e03-cc28aa504d95', 'sid-D76C049C-53A8-44F0-8A1C-930D9D685132', 1, 0, 0, 0, 0, 1, NULL, '', NULL, NULL, '2025-02-11 19:53:39.729', NULL, NULL, NULL, 1, 0, 1, 0, 0, 0, 0, 0, 0, 0, NULL, NULL, NULL, NULL, NULL, NULL);
INSERT INTO `ACT_RU_EXECUTION` VALUES ('e9bb60a2-e6f2-11ef-a872-cc28aa504d95', 1, 'e9bb60a2-e6f2-11ef-a872-cc28aa504d95', 'ASSET_202307008', NULL, 'assetCall:7:0fdd376f-e6f0-11ef-acc6-cc28aa504d95', NULL, 'e9bb60a2-e6f2-11ef-a872-cc28aa504d95', NULL, 1, 0, 1, 0, 0, 1, NULL, '', NULL, 'startEvent1', '2025-02-09 22:34:04.962', 'test', NULL, NULL, 1, 0, 0, 0, 0, 0, 0, 0, 0, 0, NULL, NULL, NULL, NULL, NULL, NULL);
INSERT INTO `ACT_RU_EXECUTION` VALUES ('e9bb60a8-e6f2-11ef-a872-cc28aa504d95', 2, 'e9bb60a2-e6f2-11ef-a872-cc28aa504d95', NULL, 'e9bb60a2-e6f2-11ef-a872-cc28aa504d95', 'assetCall:7:0fdd376f-e6f0-11ef-acc6-cc28aa504d95', NULL, 'e9bb60a2-e6f2-11ef-a872-cc28aa504d95', 'sid-E3F94567-6F1D-46DB-8B88-CC193B1E34C0', 1, 0, 0, 0, 0, 1, NULL, '', NULL, NULL, '2025-02-09 22:34:04.962', NULL, NULL, NULL, 1, 0, 1, 0, 0, 0, 0, 0, 0, 0, NULL, NULL, NULL, NULL, NULL, NULL);
INSERT INTO `ACT_RU_EXECUTION` VALUES ('f472aa2e-e706-11ef-8c34-cc28aa504d95', 3, 'f472aa2e-e706-11ef-8c34-cc28aa504d95', 'ASSET_20230604', NULL, 'assetCall:9:615f36ec-e704-11ef-8c34-cc28aa504d95', NULL, 'f472aa2e-e706-11ef-8c34-cc28aa504d95', NULL, 1, 0, 1, 0, 0, 1, NULL, '', NULL, 'startEvent1', '2025-02-10 00:57:32.875', 'test', NULL, NULL, 1, 0, 0, 0, 0, 0, 0, 0, 0, 0, NULL, NULL, NULL, NULL, NULL, NULL);
INSERT INTO `ACT_RU_EXECUTION` VALUES ('f472aa32-e706-11ef-8c34-cc28aa504d95', 3, 'f472aa2e-e706-11ef-8c34-cc28aa504d95', NULL, 'f472aa2e-e706-11ef-8c34-cc28aa504d95', 'assetCall:9:615f36ec-e704-11ef-8c34-cc28aa504d95', NULL, 'f472aa2e-e706-11ef-8c34-cc28aa504d95', 'sid-D76C049C-53A8-44F0-8A1C-930D9D685132', 1, 0, 0, 0, 0, 1, NULL, '', NULL, NULL, '2025-02-10 00:57:32.875', NULL, NULL, NULL, 1, 0, 1, 0, 0, 0, 0, 0, 0, 0, NULL, NULL, NULL, NULL, NULL, NULL);

-- ----------------------------
-- Table structure for ACT_RU_EXTERNAL_JOB
-- ----------------------------
DROP TABLE IF EXISTS `ACT_RU_EXTERNAL_JOB`;
CREATE TABLE `ACT_RU_EXTERNAL_JOB`  (
  `ID_` varchar(64) CHARACTER SET utf8mb3 COLLATE utf8mb3_bin NOT NULL,
  `REV_` int NULL DEFAULT NULL,
  `CATEGORY_` varchar(255) CHARACTER SET utf8mb3 COLLATE utf8mb3_bin NULL DEFAULT NULL,
  `TYPE_` varchar(255) CHARACTER SET utf8mb3 COLLATE utf8mb3_bin NOT NULL,
  `LOCK_EXP_TIME_` timestamp(3) NULL DEFAULT NULL,
  `LOCK_OWNER_` varchar(255) CHARACTER SET utf8mb3 COLLATE utf8mb3_bin NULL DEFAULT NULL,
  `EXCLUSIVE_` tinyint(1) NULL DEFAULT NULL,
  `EXECUTION_ID_` varchar(64) CHARACTER SET utf8mb3 COLLATE utf8mb3_bin NULL DEFAULT NULL,
  `PROCESS_INSTANCE_ID_` varchar(64) CHARACTER SET utf8mb3 COLLATE utf8mb3_bin NULL DEFAULT NULL,
  `PROC_DEF_ID_` varchar(64) CHARACTER SET utf8mb3 COLLATE utf8mb3_bin NULL DEFAULT NULL,
  `ELEMENT_ID_` varchar(255) CHARACTER SET utf8mb3 COLLATE utf8mb3_bin NULL DEFAULT NULL,
  `ELEMENT_NAME_` varchar(255) CHARACTER SET utf8mb3 COLLATE utf8mb3_bin NULL DEFAULT NULL,
  `SCOPE_ID_` varchar(255) CHARACTER SET utf8mb3 COLLATE utf8mb3_bin NULL DEFAULT NULL,
  `SUB_SCOPE_ID_` varchar(255) CHARACTER SET utf8mb3 COLLATE utf8mb3_bin NULL DEFAULT NULL,
  `SCOPE_TYPE_` varchar(255) CHARACTER SET utf8mb3 COLLATE utf8mb3_bin NULL DEFAULT NULL,
  `SCOPE_DEFINITION_ID_` varchar(255) CHARACTER SET utf8mb3 COLLATE utf8mb3_bin NULL DEFAULT NULL,
  `CORRELATION_ID_` varchar(255) CHARACTER SET utf8mb3 COLLATE utf8mb3_bin NULL DEFAULT NULL,
  `RETRIES_` int NULL DEFAULT NULL,
  `EXCEPTION_STACK_ID_` varchar(64) CHARACTER SET utf8mb3 COLLATE utf8mb3_bin NULL DEFAULT NULL,
  `EXCEPTION_MSG_` varchar(4000) CHARACTER SET utf8mb3 COLLATE utf8mb3_bin NULL DEFAULT NULL,
  `DUEDATE_` timestamp(3) NULL DEFAULT NULL,
  `REPEAT_` varchar(255) CHARACTER SET utf8mb3 COLLATE utf8mb3_bin NULL DEFAULT NULL,
  `HANDLER_TYPE_` varchar(255) CHARACTER SET utf8mb3 COLLATE utf8mb3_bin NULL DEFAULT NULL,
  `HANDLER_CFG_` varchar(4000) CHARACTER SET utf8mb3 COLLATE utf8mb3_bin NULL DEFAULT NULL,
  `CUSTOM_VALUES_ID_` varchar(64) CHARACTER SET utf8mb3 COLLATE utf8mb3_bin NULL DEFAULT NULL,
  `CREATE_TIME_` timestamp(3) NULL DEFAULT NULL,
  `TENANT_ID_` varchar(255) CHARACTER SET utf8mb3 COLLATE utf8mb3_bin NULL DEFAULT '',
  PRIMARY KEY (`ID_`) USING BTREE,
  INDEX `ACT_IDX_EXTERNAL_JOB_EXCEPTION_STACK_ID`(`EXCEPTION_STACK_ID_` ASC) USING BTREE,
  INDEX `ACT_IDX_EXTERNAL_JOB_CUSTOM_VALUES_ID`(`CUSTOM_VALUES_ID_` ASC) USING BTREE,
  INDEX `ACT_IDX_EXTERNAL_JOB_CORRELATION_ID`(`CORRELATION_ID_` ASC) USING BTREE,
  INDEX `ACT_IDX_EJOB_SCOPE`(`SCOPE_ID_` ASC, `SCOPE_TYPE_` ASC) USING BTREE,
  INDEX `ACT_IDX_EJOB_SUB_SCOPE`(`SUB_SCOPE_ID_` ASC, `SCOPE_TYPE_` ASC) USING BTREE,
  INDEX `ACT_IDX_EJOB_SCOPE_DEF`(`SCOPE_DEFINITION_ID_` ASC, `SCOPE_TYPE_` ASC) USING BTREE,
  CONSTRAINT `ACT_FK_EXTERNAL_JOB_CUSTOM_VALUES` FOREIGN KEY (`CUSTOM_VALUES_ID_`) REFERENCES `ACT_GE_BYTEARRAY` (`ID_`) ON DELETE RESTRICT ON UPDATE RESTRICT,
  CONSTRAINT `ACT_FK_EXTERNAL_JOB_EXCEPTION` FOREIGN KEY (`EXCEPTION_STACK_ID_`) REFERENCES `ACT_GE_BYTEARRAY` (`ID_`) ON DELETE RESTRICT ON UPDATE RESTRICT
) ENGINE = InnoDB CHARACTER SET = utf8mb3 COLLATE = utf8mb3_bin ROW_FORMAT = Dynamic;

-- ----------------------------
-- Records of ACT_RU_EXTERNAL_JOB
-- ----------------------------

-- ----------------------------
-- Table structure for ACT_RU_HISTORY_JOB
-- ----------------------------
DROP TABLE IF EXISTS `ACT_RU_HISTORY_JOB`;
CREATE TABLE `ACT_RU_HISTORY_JOB`  (
  `ID_` varchar(64) CHARACTER SET utf8mb3 COLLATE utf8mb3_bin NOT NULL,
  `REV_` int NULL DEFAULT NULL,
  `LOCK_EXP_TIME_` timestamp(3) NULL DEFAULT NULL,
  `LOCK_OWNER_` varchar(255) CHARACTER SET utf8mb3 COLLATE utf8mb3_bin NULL DEFAULT NULL,
  `RETRIES_` int NULL DEFAULT NULL,
  `EXCEPTION_STACK_ID_` varchar(64) CHARACTER SET utf8mb3 COLLATE utf8mb3_bin NULL DEFAULT NULL,
  `EXCEPTION_MSG_` varchar(4000) CHARACTER SET utf8mb3 COLLATE utf8mb3_bin NULL DEFAULT NULL,
  `HANDLER_TYPE_` varchar(255) CHARACTER SET utf8mb3 COLLATE utf8mb3_bin NULL DEFAULT NULL,
  `HANDLER_CFG_` varchar(4000) CHARACTER SET utf8mb3 COLLATE utf8mb3_bin NULL DEFAULT NULL,
  `CUSTOM_VALUES_ID_` varchar(64) CHARACTER SET utf8mb3 COLLATE utf8mb3_bin NULL DEFAULT NULL,
  `ADV_HANDLER_CFG_ID_` varchar(64) CHARACTER SET utf8mb3 COLLATE utf8mb3_bin NULL DEFAULT NULL,
  `CREATE_TIME_` timestamp(3) NULL DEFAULT NULL,
  `SCOPE_TYPE_` varchar(255) CHARACTER SET utf8mb3 COLLATE utf8mb3_bin NULL DEFAULT NULL,
  `TENANT_ID_` varchar(255) CHARACTER SET utf8mb3 COLLATE utf8mb3_bin NULL DEFAULT '',
  PRIMARY KEY (`ID_`) USING BTREE
) ENGINE = InnoDB CHARACTER SET = utf8mb3 COLLATE = utf8mb3_bin ROW_FORMAT = Dynamic;

-- ----------------------------
-- Records of ACT_RU_HISTORY_JOB
-- ----------------------------

-- ----------------------------
-- Table structure for ACT_RU_IDENTITYLINK
-- ----------------------------
DROP TABLE IF EXISTS `ACT_RU_IDENTITYLINK`;
CREATE TABLE `ACT_RU_IDENTITYLINK`  (
  `ID_` varchar(64) CHARACTER SET utf8mb3 COLLATE utf8mb3_bin NOT NULL,
  `REV_` int NULL DEFAULT NULL,
  `GROUP_ID_` varchar(255) CHARACTER SET utf8mb3 COLLATE utf8mb3_bin NULL DEFAULT NULL,
  `TYPE_` varchar(255) CHARACTER SET utf8mb3 COLLATE utf8mb3_bin NULL DEFAULT NULL,
  `USER_ID_` varchar(255) CHARACTER SET utf8mb3 COLLATE utf8mb3_bin NULL DEFAULT NULL,
  `TASK_ID_` varchar(64) CHARACTER SET utf8mb3 COLLATE utf8mb3_bin NULL DEFAULT NULL,
  `PROC_INST_ID_` varchar(64) CHARACTER SET utf8mb3 COLLATE utf8mb3_bin NULL DEFAULT NULL,
  `PROC_DEF_ID_` varchar(64) CHARACTER SET utf8mb3 COLLATE utf8mb3_bin NULL DEFAULT NULL,
  `SCOPE_ID_` varchar(255) CHARACTER SET utf8mb3 COLLATE utf8mb3_bin NULL DEFAULT NULL,
  `SUB_SCOPE_ID_` varchar(255) CHARACTER SET utf8mb3 COLLATE utf8mb3_bin NULL DEFAULT NULL,
  `SCOPE_TYPE_` varchar(255) CHARACTER SET utf8mb3 COLLATE utf8mb3_bin NULL DEFAULT NULL,
  `SCOPE_DEFINITION_ID_` varchar(255) CHARACTER SET utf8mb3 COLLATE utf8mb3_bin NULL DEFAULT NULL,
  PRIMARY KEY (`ID_`) USING BTREE,
  INDEX `ACT_IDX_IDENT_LNK_USER`(`USER_ID_` ASC) USING BTREE,
  INDEX `ACT_IDX_IDENT_LNK_GROUP`(`GROUP_ID_` ASC) USING BTREE,
  INDEX `ACT_IDX_IDENT_LNK_SCOPE`(`SCOPE_ID_` ASC, `SCOPE_TYPE_` ASC) USING BTREE,
  INDEX `ACT_IDX_IDENT_LNK_SUB_SCOPE`(`SUB_SCOPE_ID_` ASC, `SCOPE_TYPE_` ASC) USING BTREE,
  INDEX `ACT_IDX_IDENT_LNK_SCOPE_DEF`(`SCOPE_DEFINITION_ID_` ASC, `SCOPE_TYPE_` ASC) USING BTREE,
  INDEX `ACT_IDX_ATHRZ_PROCEDEF`(`PROC_DEF_ID_` ASC) USING BTREE,
  INDEX `ACT_FK_TSKASS_TASK`(`TASK_ID_` ASC) USING BTREE,
  INDEX `ACT_FK_IDL_PROCINST`(`PROC_INST_ID_` ASC) USING BTREE,
  CONSTRAINT `ACT_FK_ATHRZ_PROCEDEF` FOREIGN KEY (`PROC_DEF_ID_`) REFERENCES `ACT_RE_PROCDEF` (`ID_`) ON DELETE RESTRICT ON UPDATE RESTRICT,
  CONSTRAINT `ACT_FK_IDL_PROCINST` FOREIGN KEY (`PROC_INST_ID_`) REFERENCES `ACT_RU_EXECUTION` (`ID_`) ON DELETE RESTRICT ON UPDATE RESTRICT,
  CONSTRAINT `ACT_FK_TSKASS_TASK` FOREIGN KEY (`TASK_ID_`) REFERENCES `ACT_RU_TASK` (`ID_`) ON DELETE RESTRICT ON UPDATE RESTRICT
) ENGINE = InnoDB CHARACTER SET = utf8mb3 COLLATE = utf8mb3_bin ROW_FORMAT = Dynamic;

-- ----------------------------
-- Records of ACT_RU_IDENTITYLINK
-- ----------------------------
INSERT INTO `ACT_RU_IDENTITYLINK` VALUES ('0c16de99-e706-11ef-8c34-cc28aa504d95', 1, NULL, 'participant', 'user1', NULL, '6d1765cd-e704-11ef-8c34-cc28aa504d95', NULL, NULL, NULL, NULL, NULL);
INSERT INTO `ACT_RU_IDENTITYLINK` VALUES ('121422ce-e872-11ef-9e03-cc28aa504d95', 1, NULL, 'participant', 'user1', NULL, 'd578b9f2-e86e-11ef-9e03-cc28aa504d95', NULL, NULL, NULL, NULL, NULL);
INSERT INTO `ACT_RU_IDENTITYLINK` VALUES ('1214e623-e872-11ef-9e03-cc28aa504d95', 1, NULL, 'participant', '1', NULL, 'd578b9f2-e86e-11ef-9e03-cc28aa504d95', NULL, NULL, NULL, NULL, NULL);
INSERT INTO `ACT_RU_IDENTITYLINK` VALUES ('18d92ec6-e887-11ef-a646-cc28aa504d95', 1, NULL, 'starter', 'test', NULL, '18d92ec5-e887-11ef-a646-cc28aa504d95', NULL, NULL, NULL, NULL, NULL);
INSERT INTO `ACT_RU_IDENTITYLINK` VALUES ('18ded41f-e887-11ef-a646-cc28aa504d95', 1, NULL, 'participant', '3', NULL, '18d92ec5-e887-11ef-a646-cc28aa504d95', NULL, NULL, NULL, NULL, NULL);
INSERT INTO `ACT_RU_IDENTITYLINK` VALUES ('194ab7a8-e70e-11ef-8c34-cc28aa504d95', 1, NULL, 'participant', 'admin', NULL, '75a1b0bf-e708-11ef-8c34-cc28aa504d95', NULL, NULL, NULL, NULL, NULL);
INSERT INTO `ACT_RU_IDENTITYLINK` VALUES ('332a2c51-e889-11ef-9400-cc28aa504d95', 1, NULL, 'starter', 'test', NULL, '332a2c50-e889-11ef-9400-cc28aa504d95', NULL, NULL, NULL, NULL, NULL);
INSERT INTO `ACT_RU_IDENTITYLINK` VALUES ('332c764a-e889-11ef-9400-cc28aa504d95', 1, NULL, 'participant', '3', NULL, '332a2c50-e889-11ef-9400-cc28aa504d95', NULL, NULL, NULL, NULL, NULL);
INSERT INTO `ACT_RU_IDENTITYLINK` VALUES ('3bb8d1df-e707-11ef-8c34-cc28aa504d95', 1, NULL, 'participant', 'test', NULL, 'f472aa2e-e706-11ef-8c34-cc28aa504d95', NULL, NULL, NULL, NULL, NULL);
INSERT INTO `ACT_RU_IDENTITYLINK` VALUES ('3bb9bc44-e707-11ef-8c34-cc28aa504d95', 1, NULL, 'participant', '2', NULL, 'f472aa2e-e706-11ef-8c34-cc28aa504d95', NULL, NULL, NULL, NULL, NULL);
INSERT INTO `ACT_RU_IDENTITYLINK` VALUES ('3c015a42-e623-11ef-a57b-cc28aa504d95', 1, NULL, 'starter', 'test', NULL, '3c015a41-e623-11ef-a57b-cc28aa504d95', NULL, NULL, NULL, NULL, NULL);
INSERT INTO `ACT_RU_IDENTITYLINK` VALUES ('3c04678b-e623-11ef-a57b-cc28aa504d95', 1, NULL, 'participant', '3', NULL, '3c015a41-e623-11ef-a57b-cc28aa504d95', NULL, NULL, NULL, NULL, NULL);
INSERT INTO `ACT_RU_IDENTITYLINK` VALUES ('3e6ec181-e6f0-11ef-acc6-cc28aa504d95', 1, NULL, 'starter', 'test', NULL, '3e6e9a70-e6f0-11ef-acc6-cc28aa504d95', NULL, NULL, NULL, NULL, NULL);
INSERT INTO `ACT_RU_IDENTITYLINK` VALUES ('3e70e46c-e6f0-11ef-acc6-cc28aa504d95', 1, NULL, 'participant', '3', NULL, '3e6e9a70-e6f0-11ef-acc6-cc28aa504d95', NULL, NULL, NULL, NULL, NULL);
INSERT INTO `ACT_RU_IDENTITYLINK` VALUES ('52b1a725-e624-11ef-88f5-cc28aa504d95', 1, NULL, 'starter', 'test', NULL, '52b1a724-e624-11ef-88f5-cc28aa504d95', NULL, NULL, NULL, NULL, NULL);
INSERT INTO `ACT_RU_IDENTITYLINK` VALUES ('52b3f11e-e624-11ef-88f5-cc28aa504d95', 1, NULL, 'participant', '3', NULL, '52b1a724-e624-11ef-88f5-cc28aa504d95', NULL, NULL, NULL, NULL, NULL);
INSERT INTO `ACT_RU_IDENTITYLINK` VALUES ('549544c6-e62d-11ef-9fbd-cc28aa504d95', 1, NULL, 'starter', 'test', NULL, '549544c5-e62d-11ef-9fbd-cc28aa504d95', NULL, NULL, NULL, NULL, NULL);
INSERT INTO `ACT_RU_IDENTITYLINK` VALUES ('549767af-e62d-11ef-9fbd-cc28aa504d95', 1, NULL, 'participant', '3', NULL, '549544c5-e62d-11ef-9fbd-cc28aa504d95', NULL, NULL, NULL, NULL, NULL);
INSERT INTO `ACT_RU_IDENTITYLINK` VALUES ('634ca2d3-e871-11ef-9e03-cc28aa504d95', 1, NULL, 'participant', 'test', NULL, 'd578b9f2-e86e-11ef-9e03-cc28aa504d95', NULL, NULL, NULL, NULL, NULL);
INSERT INTO `ACT_RU_IDENTITYLINK` VALUES ('634d8d38-e871-11ef-9e03-cc28aa504d95', 1, NULL, 'participant', '2', NULL, 'd578b9f2-e86e-11ef-9e03-cc28aa504d95', NULL, NULL, NULL, NULL, NULL);
INSERT INTO `ACT_RU_IDENTITYLINK` VALUES ('6d178cde-e704-11ef-8c34-cc28aa504d95', 1, NULL, 'starter', 'test', NULL, '6d1765cd-e704-11ef-8c34-cc28aa504d95', NULL, NULL, NULL, NULL, NULL);
INSERT INTO `ACT_RU_IDENTITYLINK` VALUES ('6d1988b7-e704-11ef-8c34-cc28aa504d95', 1, NULL, 'participant', '3', NULL, '6d1765cd-e704-11ef-8c34-cc28aa504d95', NULL, NULL, NULL, NULL, NULL);
INSERT INTO `ACT_RU_IDENTITYLINK` VALUES ('75a1b0c0-e708-11ef-8c34-cc28aa504d95', 1, NULL, 'starter', 'test', NULL, '75a1b0bf-e708-11ef-8c34-cc28aa504d95', NULL, NULL, NULL, NULL, NULL);
INSERT INTO `ACT_RU_IDENTITYLINK` VALUES ('75a1d7d9-e708-11ef-8c34-cc28aa504d95', 1, NULL, 'participant', '3', NULL, '75a1b0bf-e708-11ef-8c34-cc28aa504d95', NULL, NULL, NULL, NULL, NULL);
INSERT INTO `ACT_RU_IDENTITYLINK` VALUES ('7caa74d2-e62c-11ef-9a09-cc28aa504d95', 1, NULL, 'starter', 'test', NULL, '7caa4dc1-e62c-11ef-9a09-cc28aa504d95', NULL, NULL, NULL, NULL, NULL);
INSERT INTO `ACT_RU_IDENTITYLINK` VALUES ('7cac97bb-e62c-11ef-9a09-cc28aa504d95', 1, NULL, 'participant', '3', NULL, '7caa4dc1-e62c-11ef-9a09-cc28aa504d95', NULL, NULL, NULL, NULL, NULL);
INSERT INTO `ACT_RU_IDENTITYLINK` VALUES ('87b78a9b-e61c-11ef-ac58-cc28aa504d95', 1, NULL, 'starter', 'test', NULL, '87b7638a-e61c-11ef-ac58-cc28aa504d95', NULL, NULL, NULL, NULL, NULL);
INSERT INTO `ACT_RU_IDENTITYLINK` VALUES ('87b9ad84-e61c-11ef-ac58-cc28aa504d95', 1, NULL, 'participant', '3', NULL, '87b7638a-e61c-11ef-ac58-cc28aa504d95', NULL, NULL, NULL, NULL, NULL);
INSERT INTO `ACT_RU_IDENTITYLINK` VALUES ('8a66e18a-e6fc-11ef-9d7f-cc28aa504d95', 1, NULL, 'starter', 'test', NULL, '8a66ba79-e6fc-11ef-9d7f-cc28aa504d95', NULL, NULL, NULL, NULL, NULL);
INSERT INTO `ACT_RU_IDENTITYLINK` VALUES ('8a692b83-e6fc-11ef-9d7f-cc28aa504d95', 1, NULL, 'participant', '3', NULL, '8a66ba79-e6fc-11ef-9d7f-cc28aa504d95', NULL, NULL, NULL, NULL, NULL);
INSERT INTO `ACT_RU_IDENTITYLINK` VALUES ('94007e77-e6f9-11ef-a5fe-cc28aa504d95', 1, NULL, 'starter', 'test', NULL, '94007e76-e6f9-11ef-a5fe-cc28aa504d95', NULL, NULL, NULL, NULL, NULL);
INSERT INTO `ACT_RU_IDENTITYLINK` VALUES ('9402a062-e6f9-11ef-a5fe-cc28aa504d95', 1, NULL, 'participant', '3', NULL, '94007e76-e6f9-11ef-a5fe-cc28aa504d95', NULL, NULL, NULL, NULL, NULL);
INSERT INTO `ACT_RU_IDENTITYLINK` VALUES ('a104e00c-e6f2-11ef-a872-cc28aa504d95', 1, NULL, 'starter', 'test', NULL, 'a104e00b-e6f2-11ef-a872-cc28aa504d95', NULL, NULL, NULL, NULL, NULL);
INSERT INTO `ACT_RU_IDENTITYLINK` VALUES ('a1072a07-e6f2-11ef-a872-cc28aa504d95', 1, NULL, 'participant', '3', NULL, 'a104e00b-e6f2-11ef-a872-cc28aa504d95', NULL, NULL, NULL, NULL, NULL);
INSERT INTO `ACT_RU_IDENTITYLINK` VALUES ('a41811c0-e708-11ef-8c34-cc28aa504d95', 1, NULL, 'participant', 'test', NULL, '75a1b0bf-e708-11ef-8c34-cc28aa504d95', NULL, NULL, NULL, NULL, NULL);
INSERT INTO `ACT_RU_IDENTITYLINK` VALUES ('a418ae05-e708-11ef-8c34-cc28aa504d95', 1, NULL, 'participant', '2', NULL, '75a1b0bf-e708-11ef-8c34-cc28aa504d95', NULL, NULL, NULL, NULL, NULL);
INSERT INTO `ACT_RU_IDENTITYLINK` VALUES ('af81eeea-e707-11ef-8c34-cc28aa504d95', 1, NULL, 'participant', 'user1', NULL, 'f472aa2e-e706-11ef-8c34-cc28aa504d95', NULL, NULL, NULL, NULL, NULL);
INSERT INTO `ACT_RU_IDENTITYLINK` VALUES ('b0ae346a-e6f4-11ef-95d7-cc28aa504d95', 1, NULL, 'starter', 'test', NULL, 'b0ae3469-e6f4-11ef-95d7-cc28aa504d95', NULL, NULL, NULL, NULL, NULL);
INSERT INTO `ACT_RU_IDENTITYLINK` VALUES ('b0b07e65-e6f4-11ef-95d7-cc28aa504d95', 1, NULL, 'participant', '3', NULL, 'b0ae3469-e6f4-11ef-95d7-cc28aa504d95', NULL, NULL, NULL, NULL, NULL);
INSERT INTO `ACT_RU_IDENTITYLINK` VALUES ('b3177e2c-e6f2-11ef-a872-cc28aa504d95', 1, NULL, 'participant', 'test', NULL, 'a104e00b-e6f2-11ef-a872-cc28aa504d95', NULL, NULL, NULL, NULL, NULL);
INSERT INTO `ACT_RU_IDENTITYLINK` VALUES ('b3186891-e6f2-11ef-a872-cc28aa504d95', 1, NULL, 'participant', 'default_leader_id', NULL, 'a104e00b-e6f2-11ef-a872-cc28aa504d95', NULL, NULL, NULL, NULL, NULL);
INSERT INTO `ACT_RU_IDENTITYLINK` VALUES ('be482861-e640-11ef-ad5d-cc28aa504d95', 1, NULL, 'starter', 'test', NULL, 'be482860-e640-11ef-ad5d-cc28aa504d95', NULL, NULL, NULL, NULL, NULL);
INSERT INTO `ACT_RU_IDENTITYLINK` VALUES ('be4a4b4a-e640-11ef-ad5d-cc28aa504d95', 1, NULL, 'participant', '3', NULL, 'be482860-e640-11ef-ad5d-cc28aa504d95', NULL, NULL, NULL, NULL, NULL);
INSERT INTO `ACT_RU_IDENTITYLINK` VALUES ('c1fea41b-e708-11ef-8c34-cc28aa504d95', 1, NULL, 'participant', 'user1', NULL, '75a1b0bf-e708-11ef-8c34-cc28aa504d95', NULL, NULL, NULL, NULL, NULL);
INSERT INTO `ACT_RU_IDENTITYLINK` VALUES ('c1ff4060-e708-11ef-8c34-cc28aa504d95', 1, NULL, 'participant', '1', NULL, '75a1b0bf-e708-11ef-8c34-cc28aa504d95', NULL, NULL, NULL, NULL, NULL);
INSERT INTO `ACT_RU_IDENTITYLINK` VALUES ('d578b9f3-e86e-11ef-9e03-cc28aa504d95', 1, NULL, 'starter', 'test', NULL, 'd578b9f2-e86e-11ef-9e03-cc28aa504d95', NULL, NULL, NULL, NULL, NULL);
INSERT INTO `ACT_RU_IDENTITYLINK` VALUES ('d57b03ec-e86e-11ef-9e03-cc28aa504d95', 1, NULL, 'participant', '3', NULL, 'd578b9f2-e86e-11ef-9e03-cc28aa504d95', NULL, NULL, NULL, NULL, NULL);
INSERT INTO `ACT_RU_IDENTITYLINK` VALUES ('e09b8b37-e6f9-11ef-a5fe-cc28aa504d95', 1, NULL, 'participant', 'test', NULL, '94007e76-e6f9-11ef-a5fe-cc28aa504d95', NULL, NULL, NULL, NULL, NULL);
INSERT INTO `ACT_RU_IDENTITYLINK` VALUES ('e09c759c-e6f9-11ef-a5fe-cc28aa504d95', 1, NULL, 'participant', 'default_leader_id', NULL, '94007e76-e6f9-11ef-a5fe-cc28aa504d95', NULL, NULL, NULL, NULL, NULL);
INSERT INTO `ACT_RU_IDENTITYLINK` VALUES ('e52596d1-e6f0-11ef-acc6-cc28aa504d95', 1, NULL, 'participant', 'test', NULL, '3e6e9a70-e6f0-11ef-acc6-cc28aa504d95', NULL, NULL, NULL, NULL, NULL);
INSERT INTO `ACT_RU_IDENTITYLINK` VALUES ('e5268136-e6f0-11ef-acc6-cc28aa504d95', 1, NULL, 'participant', 'default_leader_id', NULL, '3e6e9a70-e6f0-11ef-acc6-cc28aa504d95', NULL, NULL, NULL, NULL, NULL);
INSERT INTO `ACT_RU_IDENTITYLINK` VALUES ('e9bb60a3-e6f2-11ef-a872-cc28aa504d95', 1, NULL, 'starter', 'test', NULL, 'e9bb60a2-e6f2-11ef-a872-cc28aa504d95', NULL, NULL, NULL, NULL, NULL);
INSERT INTO `ACT_RU_IDENTITYLINK` VALUES ('e9bb60ae-e6f2-11ef-a872-cc28aa504d95', 1, NULL, 'participant', '3', NULL, 'e9bb60a2-e6f2-11ef-a872-cc28aa504d95', NULL, NULL, NULL, NULL, NULL);
INSERT INTO `ACT_RU_IDENTITYLINK` VALUES ('ecbecaba-e6f4-11ef-95d7-cc28aa504d95', 1, NULL, 'participant', 'test', NULL, 'b0ae3469-e6f4-11ef-95d7-cc28aa504d95', NULL, NULL, NULL, NULL, NULL);
INSERT INTO `ACT_RU_IDENTITYLINK` VALUES ('ecc7f27f-e6f4-11ef-95d7-cc28aa504d95', 1, NULL, 'participant', 'default_leader_id', NULL, 'b0ae3469-e6f4-11ef-95d7-cc28aa504d95', NULL, NULL, NULL, NULL, NULL);
INSERT INTO `ACT_RU_IDENTITYLINK` VALUES ('f472aa2f-e706-11ef-8c34-cc28aa504d95', 1, NULL, 'starter', 'test', NULL, 'f472aa2e-e706-11ef-8c34-cc28aa504d95', NULL, NULL, NULL, NULL, NULL);
INSERT INTO `ACT_RU_IDENTITYLINK` VALUES ('f472aa38-e706-11ef-8c34-cc28aa504d95', 1, NULL, 'participant', '3', NULL, 'f472aa2e-e706-11ef-8c34-cc28aa504d95', NULL, NULL, NULL, NULL, NULL);
INSERT INTO `ACT_RU_IDENTITYLINK` VALUES ('f4a9355e-e704-11ef-8c34-cc28aa504d95', 1, NULL, 'participant', 'test', NULL, '6d1765cd-e704-11ef-8c34-cc28aa504d95', NULL, NULL, NULL, NULL, NULL);
INSERT INTO `ACT_RU_IDENTITYLINK` VALUES ('f4aa1fc3-e704-11ef-8c34-cc28aa504d95', 1, NULL, 'participant', '2', NULL, '6d1765cd-e704-11ef-8c34-cc28aa504d95', NULL, NULL, NULL, NULL, NULL);
INSERT INTO `ACT_RU_IDENTITYLINK` VALUES ('f76e0003-e6f2-11ef-a872-cc28aa504d95', 1, NULL, 'participant', 'test', NULL, 'e9bb60a2-e6f2-11ef-a872-cc28aa504d95', NULL, NULL, NULL, NULL, NULL);
INSERT INTO `ACT_RU_IDENTITYLINK` VALUES ('f776d9a8-e6f2-11ef-a872-cc28aa504d95', 1, NULL, 'participant', 'default_leader_id', NULL, 'e9bb60a2-e6f2-11ef-a872-cc28aa504d95', NULL, NULL, NULL, NULL, NULL);

-- ----------------------------
-- Table structure for ACT_RU_JOB
-- ----------------------------
DROP TABLE IF EXISTS `ACT_RU_JOB`;
CREATE TABLE `ACT_RU_JOB`  (
  `ID_` varchar(64) CHARACTER SET utf8mb3 COLLATE utf8mb3_bin NOT NULL,
  `REV_` int NULL DEFAULT NULL,
  `CATEGORY_` varchar(255) CHARACTER SET utf8mb3 COLLATE utf8mb3_bin NULL DEFAULT NULL,
  `TYPE_` varchar(255) CHARACTER SET utf8mb3 COLLATE utf8mb3_bin NOT NULL,
  `LOCK_EXP_TIME_` timestamp(3) NULL DEFAULT NULL,
  `LOCK_OWNER_` varchar(255) CHARACTER SET utf8mb3 COLLATE utf8mb3_bin NULL DEFAULT NULL,
  `EXCLUSIVE_` tinyint(1) NULL DEFAULT NULL,
  `EXECUTION_ID_` varchar(64) CHARACTER SET utf8mb3 COLLATE utf8mb3_bin NULL DEFAULT NULL,
  `PROCESS_INSTANCE_ID_` varchar(64) CHARACTER SET utf8mb3 COLLATE utf8mb3_bin NULL DEFAULT NULL,
  `PROC_DEF_ID_` varchar(64) CHARACTER SET utf8mb3 COLLATE utf8mb3_bin NULL DEFAULT NULL,
  `ELEMENT_ID_` varchar(255) CHARACTER SET utf8mb3 COLLATE utf8mb3_bin NULL DEFAULT NULL,
  `ELEMENT_NAME_` varchar(255) CHARACTER SET utf8mb3 COLLATE utf8mb3_bin NULL DEFAULT NULL,
  `SCOPE_ID_` varchar(255) CHARACTER SET utf8mb3 COLLATE utf8mb3_bin NULL DEFAULT NULL,
  `SUB_SCOPE_ID_` varchar(255) CHARACTER SET utf8mb3 COLLATE utf8mb3_bin NULL DEFAULT NULL,
  `SCOPE_TYPE_` varchar(255) CHARACTER SET utf8mb3 COLLATE utf8mb3_bin NULL DEFAULT NULL,
  `SCOPE_DEFINITION_ID_` varchar(255) CHARACTER SET utf8mb3 COLLATE utf8mb3_bin NULL DEFAULT NULL,
  `CORRELATION_ID_` varchar(255) CHARACTER SET utf8mb3 COLLATE utf8mb3_bin NULL DEFAULT NULL,
  `RETRIES_` int NULL DEFAULT NULL,
  `EXCEPTION_STACK_ID_` varchar(64) CHARACTER SET utf8mb3 COLLATE utf8mb3_bin NULL DEFAULT NULL,
  `EXCEPTION_MSG_` varchar(4000) CHARACTER SET utf8mb3 COLLATE utf8mb3_bin NULL DEFAULT NULL,
  `DUEDATE_` timestamp(3) NULL DEFAULT NULL,
  `REPEAT_` varchar(255) CHARACTER SET utf8mb3 COLLATE utf8mb3_bin NULL DEFAULT NULL,
  `HANDLER_TYPE_` varchar(255) CHARACTER SET utf8mb3 COLLATE utf8mb3_bin NULL DEFAULT NULL,
  `HANDLER_CFG_` varchar(4000) CHARACTER SET utf8mb3 COLLATE utf8mb3_bin NULL DEFAULT NULL,
  `CUSTOM_VALUES_ID_` varchar(64) CHARACTER SET utf8mb3 COLLATE utf8mb3_bin NULL DEFAULT NULL,
  `CREATE_TIME_` timestamp(3) NULL DEFAULT NULL,
  `TENANT_ID_` varchar(255) CHARACTER SET utf8mb3 COLLATE utf8mb3_bin NULL DEFAULT '',
  PRIMARY KEY (`ID_`) USING BTREE,
  INDEX `ACT_IDX_JOB_EXCEPTION_STACK_ID`(`EXCEPTION_STACK_ID_` ASC) USING BTREE,
  INDEX `ACT_IDX_JOB_CUSTOM_VALUES_ID`(`CUSTOM_VALUES_ID_` ASC) USING BTREE,
  INDEX `ACT_IDX_JOB_CORRELATION_ID`(`CORRELATION_ID_` ASC) USING BTREE,
  INDEX `ACT_IDX_JOB_SCOPE`(`SCOPE_ID_` ASC, `SCOPE_TYPE_` ASC) USING BTREE,
  INDEX `ACT_IDX_JOB_SUB_SCOPE`(`SUB_SCOPE_ID_` ASC, `SCOPE_TYPE_` ASC) USING BTREE,
  INDEX `ACT_IDX_JOB_SCOPE_DEF`(`SCOPE_DEFINITION_ID_` ASC, `SCOPE_TYPE_` ASC) USING BTREE,
  INDEX `ACT_FK_JOB_EXECUTION`(`EXECUTION_ID_` ASC) USING BTREE,
  INDEX `ACT_FK_JOB_PROCESS_INSTANCE`(`PROCESS_INSTANCE_ID_` ASC) USING BTREE,
  INDEX `ACT_FK_JOB_PROC_DEF`(`PROC_DEF_ID_` ASC) USING BTREE,
  CONSTRAINT `ACT_FK_JOB_CUSTOM_VALUES` FOREIGN KEY (`CUSTOM_VALUES_ID_`) REFERENCES `ACT_GE_BYTEARRAY` (`ID_`) ON DELETE RESTRICT ON UPDATE RESTRICT,
  CONSTRAINT `ACT_FK_JOB_EXCEPTION` FOREIGN KEY (`EXCEPTION_STACK_ID_`) REFERENCES `ACT_GE_BYTEARRAY` (`ID_`) ON DELETE RESTRICT ON UPDATE RESTRICT,
  CONSTRAINT `ACT_FK_JOB_EXECUTION` FOREIGN KEY (`EXECUTION_ID_`) REFERENCES `ACT_RU_EXECUTION` (`ID_`) ON DELETE RESTRICT ON UPDATE RESTRICT,
  CONSTRAINT `ACT_FK_JOB_PROC_DEF` FOREIGN KEY (`PROC_DEF_ID_`) REFERENCES `ACT_RE_PROCDEF` (`ID_`) ON DELETE RESTRICT ON UPDATE RESTRICT,
  CONSTRAINT `ACT_FK_JOB_PROCESS_INSTANCE` FOREIGN KEY (`PROCESS_INSTANCE_ID_`) REFERENCES `ACT_RU_EXECUTION` (`ID_`) ON DELETE RESTRICT ON UPDATE RESTRICT
) ENGINE = InnoDB CHARACTER SET = utf8mb3 COLLATE = utf8mb3_bin ROW_FORMAT = Dynamic;

-- ----------------------------
-- Records of ACT_RU_JOB
-- ----------------------------

-- ----------------------------
-- Table structure for ACT_RU_SUSPENDED_JOB
-- ----------------------------
DROP TABLE IF EXISTS `ACT_RU_SUSPENDED_JOB`;
CREATE TABLE `ACT_RU_SUSPENDED_JOB`  (
  `ID_` varchar(64) CHARACTER SET utf8mb3 COLLATE utf8mb3_bin NOT NULL,
  `REV_` int NULL DEFAULT NULL,
  `CATEGORY_` varchar(255) CHARACTER SET utf8mb3 COLLATE utf8mb3_bin NULL DEFAULT NULL,
  `TYPE_` varchar(255) CHARACTER SET utf8mb3 COLLATE utf8mb3_bin NOT NULL,
  `EXCLUSIVE_` tinyint(1) NULL DEFAULT NULL,
  `EXECUTION_ID_` varchar(64) CHARACTER SET utf8mb3 COLLATE utf8mb3_bin NULL DEFAULT NULL,
  `PROCESS_INSTANCE_ID_` varchar(64) CHARACTER SET utf8mb3 COLLATE utf8mb3_bin NULL DEFAULT NULL,
  `PROC_DEF_ID_` varchar(64) CHARACTER SET utf8mb3 COLLATE utf8mb3_bin NULL DEFAULT NULL,
  `ELEMENT_ID_` varchar(255) CHARACTER SET utf8mb3 COLLATE utf8mb3_bin NULL DEFAULT NULL,
  `ELEMENT_NAME_` varchar(255) CHARACTER SET utf8mb3 COLLATE utf8mb3_bin NULL DEFAULT NULL,
  `SCOPE_ID_` varchar(255) CHARACTER SET utf8mb3 COLLATE utf8mb3_bin NULL DEFAULT NULL,
  `SUB_SCOPE_ID_` varchar(255) CHARACTER SET utf8mb3 COLLATE utf8mb3_bin NULL DEFAULT NULL,
  `SCOPE_TYPE_` varchar(255) CHARACTER SET utf8mb3 COLLATE utf8mb3_bin NULL DEFAULT NULL,
  `SCOPE_DEFINITION_ID_` varchar(255) CHARACTER SET utf8mb3 COLLATE utf8mb3_bin NULL DEFAULT NULL,
  `CORRELATION_ID_` varchar(255) CHARACTER SET utf8mb3 COLLATE utf8mb3_bin NULL DEFAULT NULL,
  `RETRIES_` int NULL DEFAULT NULL,
  `EXCEPTION_STACK_ID_` varchar(64) CHARACTER SET utf8mb3 COLLATE utf8mb3_bin NULL DEFAULT NULL,
  `EXCEPTION_MSG_` varchar(4000) CHARACTER SET utf8mb3 COLLATE utf8mb3_bin NULL DEFAULT NULL,
  `DUEDATE_` timestamp(3) NULL DEFAULT NULL,
  `REPEAT_` varchar(255) CHARACTER SET utf8mb3 COLLATE utf8mb3_bin NULL DEFAULT NULL,
  `HANDLER_TYPE_` varchar(255) CHARACTER SET utf8mb3 COLLATE utf8mb3_bin NULL DEFAULT NULL,
  `HANDLER_CFG_` varchar(4000) CHARACTER SET utf8mb3 COLLATE utf8mb3_bin NULL DEFAULT NULL,
  `CUSTOM_VALUES_ID_` varchar(64) CHARACTER SET utf8mb3 COLLATE utf8mb3_bin NULL DEFAULT NULL,
  `CREATE_TIME_` timestamp(3) NULL DEFAULT NULL,
  `TENANT_ID_` varchar(255) CHARACTER SET utf8mb3 COLLATE utf8mb3_bin NULL DEFAULT '',
  PRIMARY KEY (`ID_`) USING BTREE,
  INDEX `ACT_IDX_SUSPENDED_JOB_EXCEPTION_STACK_ID`(`EXCEPTION_STACK_ID_` ASC) USING BTREE,
  INDEX `ACT_IDX_SUSPENDED_JOB_CUSTOM_VALUES_ID`(`CUSTOM_VALUES_ID_` ASC) USING BTREE,
  INDEX `ACT_IDX_SUSPENDED_JOB_CORRELATION_ID`(`CORRELATION_ID_` ASC) USING BTREE,
  INDEX `ACT_IDX_SJOB_SCOPE`(`SCOPE_ID_` ASC, `SCOPE_TYPE_` ASC) USING BTREE,
  INDEX `ACT_IDX_SJOB_SUB_SCOPE`(`SUB_SCOPE_ID_` ASC, `SCOPE_TYPE_` ASC) USING BTREE,
  INDEX `ACT_IDX_SJOB_SCOPE_DEF`(`SCOPE_DEFINITION_ID_` ASC, `SCOPE_TYPE_` ASC) USING BTREE,
  INDEX `ACT_FK_SUSPENDED_JOB_EXECUTION`(`EXECUTION_ID_` ASC) USING BTREE,
  INDEX `ACT_FK_SUSPENDED_JOB_PROCESS_INSTANCE`(`PROCESS_INSTANCE_ID_` ASC) USING BTREE,
  INDEX `ACT_FK_SUSPENDED_JOB_PROC_DEF`(`PROC_DEF_ID_` ASC) USING BTREE,
  CONSTRAINT `ACT_FK_SUSPENDED_JOB_CUSTOM_VALUES` FOREIGN KEY (`CUSTOM_VALUES_ID_`) REFERENCES `ACT_GE_BYTEARRAY` (`ID_`) ON DELETE RESTRICT ON UPDATE RESTRICT,
  CONSTRAINT `ACT_FK_SUSPENDED_JOB_EXCEPTION` FOREIGN KEY (`EXCEPTION_STACK_ID_`) REFERENCES `ACT_GE_BYTEARRAY` (`ID_`) ON DELETE RESTRICT ON UPDATE RESTRICT,
  CONSTRAINT `ACT_FK_SUSPENDED_JOB_EXECUTION` FOREIGN KEY (`EXECUTION_ID_`) REFERENCES `ACT_RU_EXECUTION` (`ID_`) ON DELETE RESTRICT ON UPDATE RESTRICT,
  CONSTRAINT `ACT_FK_SUSPENDED_JOB_PROC_DEF` FOREIGN KEY (`PROC_DEF_ID_`) REFERENCES `ACT_RE_PROCDEF` (`ID_`) ON DELETE RESTRICT ON UPDATE RESTRICT,
  CONSTRAINT `ACT_FK_SUSPENDED_JOB_PROCESS_INSTANCE` FOREIGN KEY (`PROCESS_INSTANCE_ID_`) REFERENCES `ACT_RU_EXECUTION` (`ID_`) ON DELETE RESTRICT ON UPDATE RESTRICT
) ENGINE = InnoDB CHARACTER SET = utf8mb3 COLLATE = utf8mb3_bin ROW_FORMAT = Dynamic;

-- ----------------------------
-- Records of ACT_RU_SUSPENDED_JOB
-- ----------------------------

-- ----------------------------
-- Table structure for ACT_RU_TASK
-- ----------------------------
DROP TABLE IF EXISTS `ACT_RU_TASK`;
CREATE TABLE `ACT_RU_TASK`  (
  `ID_` varchar(64) CHARACTER SET utf8mb3 COLLATE utf8mb3_bin NOT NULL,
  `REV_` int NULL DEFAULT NULL,
  `EXECUTION_ID_` varchar(64) CHARACTER SET utf8mb3 COLLATE utf8mb3_bin NULL DEFAULT NULL,
  `PROC_INST_ID_` varchar(64) CHARACTER SET utf8mb3 COLLATE utf8mb3_bin NULL DEFAULT NULL,
  `PROC_DEF_ID_` varchar(64) CHARACTER SET utf8mb3 COLLATE utf8mb3_bin NULL DEFAULT NULL,
  `TASK_DEF_ID_` varchar(64) CHARACTER SET utf8mb3 COLLATE utf8mb3_bin NULL DEFAULT NULL,
  `SCOPE_ID_` varchar(255) CHARACTER SET utf8mb3 COLLATE utf8mb3_bin NULL DEFAULT NULL,
  `SUB_SCOPE_ID_` varchar(255) CHARACTER SET utf8mb3 COLLATE utf8mb3_bin NULL DEFAULT NULL,
  `SCOPE_TYPE_` varchar(255) CHARACTER SET utf8mb3 COLLATE utf8mb3_bin NULL DEFAULT NULL,
  `SCOPE_DEFINITION_ID_` varchar(255) CHARACTER SET utf8mb3 COLLATE utf8mb3_bin NULL DEFAULT NULL,
  `PROPAGATED_STAGE_INST_ID_` varchar(255) CHARACTER SET utf8mb3 COLLATE utf8mb3_bin NULL DEFAULT NULL,
  `STATE_` varchar(255) CHARACTER SET utf8mb3 COLLATE utf8mb3_bin NULL DEFAULT NULL,
  `NAME_` varchar(255) CHARACTER SET utf8mb3 COLLATE utf8mb3_bin NULL DEFAULT NULL,
  `PARENT_TASK_ID_` varchar(64) CHARACTER SET utf8mb3 COLLATE utf8mb3_bin NULL DEFAULT NULL,
  `DESCRIPTION_` varchar(4000) CHARACTER SET utf8mb3 COLLATE utf8mb3_bin NULL DEFAULT NULL,
  `TASK_DEF_KEY_` varchar(255) CHARACTER SET utf8mb3 COLLATE utf8mb3_bin NULL DEFAULT NULL,
  `OWNER_` varchar(255) CHARACTER SET utf8mb3 COLLATE utf8mb3_bin NULL DEFAULT NULL,
  `ASSIGNEE_` varchar(255) CHARACTER SET utf8mb3 COLLATE utf8mb3_bin NULL DEFAULT NULL,
  `DELEGATION_` varchar(64) CHARACTER SET utf8mb3 COLLATE utf8mb3_bin NULL DEFAULT NULL,
  `PRIORITY_` int NULL DEFAULT NULL,
  `CREATE_TIME_` timestamp(3) NULL DEFAULT NULL,
  `IN_PROGRESS_TIME_` datetime(3) NULL DEFAULT NULL,
  `IN_PROGRESS_STARTED_BY_` varchar(255) CHARACTER SET utf8mb3 COLLATE utf8mb3_bin NULL DEFAULT NULL,
  `CLAIM_TIME_` datetime(3) NULL DEFAULT NULL,
  `CLAIMED_BY_` varchar(255) CHARACTER SET utf8mb3 COLLATE utf8mb3_bin NULL DEFAULT NULL,
  `SUSPENDED_TIME_` datetime(3) NULL DEFAULT NULL,
  `SUSPENDED_BY_` varchar(255) CHARACTER SET utf8mb3 COLLATE utf8mb3_bin NULL DEFAULT NULL,
  `IN_PROGRESS_DUE_DATE_` datetime(3) NULL DEFAULT NULL,
  `DUE_DATE_` datetime(3) NULL DEFAULT NULL,
  `CATEGORY_` varchar(255) CHARACTER SET utf8mb3 COLLATE utf8mb3_bin NULL DEFAULT NULL,
  `SUSPENSION_STATE_` int NULL DEFAULT NULL,
  `TENANT_ID_` varchar(255) CHARACTER SET utf8mb3 COLLATE utf8mb3_bin NULL DEFAULT '',
  `FORM_KEY_` varchar(255) CHARACTER SET utf8mb3 COLLATE utf8mb3_bin NULL DEFAULT NULL,
  `IS_COUNT_ENABLED_` tinyint NULL DEFAULT NULL,
  `VAR_COUNT_` int NULL DEFAULT NULL,
  `ID_LINK_COUNT_` int NULL DEFAULT NULL,
  `SUB_TASK_COUNT_` int NULL DEFAULT NULL,
  PRIMARY KEY (`ID_`) USING BTREE,
  INDEX `ACT_IDX_TASK_CREATE`(`CREATE_TIME_` ASC) USING BTREE,
  INDEX `ACT_IDX_TASK_SCOPE`(`SCOPE_ID_` ASC, `SCOPE_TYPE_` ASC) USING BTREE,
  INDEX `ACT_IDX_TASK_SUB_SCOPE`(`SUB_SCOPE_ID_` ASC, `SCOPE_TYPE_` ASC) USING BTREE,
  INDEX `ACT_IDX_TASK_SCOPE_DEF`(`SCOPE_DEFINITION_ID_` ASC, `SCOPE_TYPE_` ASC) USING BTREE,
  INDEX `ACT_FK_TASK_EXE`(`EXECUTION_ID_` ASC) USING BTREE,
  INDEX `ACT_FK_TASK_PROCINST`(`PROC_INST_ID_` ASC) USING BTREE,
  INDEX `ACT_FK_TASK_PROCDEF`(`PROC_DEF_ID_` ASC) USING BTREE,
  CONSTRAINT `ACT_FK_TASK_EXE` FOREIGN KEY (`EXECUTION_ID_`) REFERENCES `ACT_RU_EXECUTION` (`ID_`) ON DELETE RESTRICT ON UPDATE RESTRICT,
  CONSTRAINT `ACT_FK_TASK_PROCDEF` FOREIGN KEY (`PROC_DEF_ID_`) REFERENCES `ACT_RE_PROCDEF` (`ID_`) ON DELETE RESTRICT ON UPDATE RESTRICT,
  CONSTRAINT `ACT_FK_TASK_PROCINST` FOREIGN KEY (`PROC_INST_ID_`) REFERENCES `ACT_RU_EXECUTION` (`ID_`) ON DELETE RESTRICT ON UPDATE RESTRICT
) ENGINE = InnoDB CHARACTER SET = utf8mb3 COLLATE = utf8mb3_bin ROW_FORMAT = Dynamic;

-- ----------------------------
-- Records of ACT_RU_TASK
-- ----------------------------
INSERT INTO `ACT_RU_TASK` VALUES ('0c177adc-e706-11ef-8c34-cc28aa504d95', 1, '6d17b3f1-e704-11ef-8c34-cc28aa504d95', '6d1765cd-e704-11ef-8c34-cc28aa504d95', 'assetCall:9:615f36ec-e704-11ef-8c34-cc28aa504d95', NULL, NULL, NULL, NULL, NULL, NULL, 'created', '', NULL, NULL, 'sid-D76C049C-53A8-44F0-8A1C-930D9D685132', NULL, '3', NULL, 50, '2025-02-10 00:51:03.046', NULL, NULL, NULL, NULL, NULL, NULL, NULL, NULL, NULL, 1, '', NULL, 1, 0, 0, 0);
INSERT INTO `ACT_RU_TASK` VALUES ('12149801-e872-11ef-9e03-cc28aa504d95', 1, 'd578e106-e86e-11ef-9e03-cc28aa504d95', 'd578b9f2-e86e-11ef-9e03-cc28aa504d95', 'assetCall:10:03e82224-e7bb-11ef-8aa3-cc28aa504d95', NULL, NULL, NULL, NULL, NULL, NULL, 'created', '2', NULL, NULL, 'sid-D76C049C-53A8-44F0-8A1C-930D9D685132', NULL, '1', NULL, 50, '2025-02-11 20:16:49.903', NULL, NULL, NULL, NULL, NULL, NULL, NULL, NULL, NULL, 1, '', NULL, 1, 0, 0, 0);
INSERT INTO `ACT_RU_TASK` VALUES ('18de5eed-e887-11ef-a646-cc28aa504d95', 1, '18d97ce9-e887-11ef-a646-cc28aa504d95', '18d92ec5-e887-11ef-a646-cc28aa504d95', 'assetCall:12:44abb554-e886-11ef-a646-cc28aa504d95', NULL, NULL, NULL, NULL, NULL, NULL, 'created', '', NULL, NULL, 'sid-28F4649C-2790-4561-8A7F-9A81B0D74E8E', NULL, '3', NULL, 50, '2025-02-11 22:47:20.693', NULL, NULL, NULL, NULL, NULL, NULL, NULL, NULL, NULL, 1, '', NULL, 1, 0, 0, 0);
INSERT INTO `ACT_RU_TASK` VALUES ('194b53ed-e70e-11ef-8c34-cc28aa504d95', 1, '75a1b0c3-e708-11ef-8c34-cc28aa504d95', '75a1b0bf-e708-11ef-8c34-cc28aa504d95', 'assetCall:9:615f36ec-e704-11ef-8c34-cc28aa504d95', NULL, NULL, NULL, NULL, NULL, NULL, 'created', '', NULL, NULL, 'sid-28F4649C-2790-4561-8A7F-9A81B0D74E8E', NULL, '3', NULL, 50, '2025-02-10 01:48:41.170', NULL, NULL, NULL, NULL, NULL, NULL, NULL, NULL, NULL, 1, '', NULL, 1, 0, 0, 0);
INSERT INTO `ACT_RU_TASK` VALUES ('332c2828-e889-11ef-9400-cc28aa504d95', 1, '332a5364-e889-11ef-9400-cc28aa504d95', '332a2c50-e889-11ef-9400-cc28aa504d95', 'assetCall:14:259722ef-e889-11ef-9400-cc28aa504d95', NULL, NULL, NULL, NULL, NULL, NULL, 'created', '', NULL, NULL, 'sid-28F4649C-2790-4561-8A7F-9A81B0D74E8E', NULL, '3', NULL, 50, '2025-02-11 23:02:23.838', NULL, NULL, NULL, NULL, NULL, NULL, NULL, NULL, NULL, 1, '', NULL, 1, 0, 0, 0);
INSERT INTO `ACT_RU_TASK` VALUES ('3c044079-e623-11ef-a57b-cc28aa504d95', 1, '3c018155-e623-11ef-a57b-cc28aa504d95', '3c015a41-e623-11ef-a57b-cc28aa504d95', 'assetCall:3:cff8a510-e622-11ef-a57b-cc28aa504d95', NULL, NULL, NULL, NULL, NULL, NULL, 'created', '', NULL, NULL, 'sid-28F4649C-2790-4561-8A7F-9A81B0D74E8E', NULL, '3', NULL, 50, '2025-02-08 21:47:27.677', NULL, NULL, NULL, NULL, NULL, NULL, NULL, NULL, NULL, 1, '', NULL, 1, 0, 0, 0);
INSERT INTO `ACT_RU_TASK` VALUES ('52b3a2fc-e624-11ef-88f5-cc28aa504d95', 1, '52b1f548-e624-11ef-88f5-cc28aa504d95', '52b1a724-e624-11ef-88f5-cc28aa504d95', 'assetCall:3:cff8a510-e622-11ef-a57b-cc28aa504d95', NULL, NULL, NULL, NULL, NULL, NULL, 'created', '', NULL, NULL, 'sid-28F4649C-2790-4561-8A7F-9A81B0D74E8E', NULL, '3', NULL, 50, '2025-02-08 21:55:15.240', NULL, NULL, NULL, NULL, NULL, NULL, NULL, NULL, NULL, 1, '', NULL, 1, 0, 0, 0);
INSERT INTO `ACT_RU_TASK` VALUES ('5497409d-e62d-11ef-9fbd-cc28aa504d95', 1, '54956bd9-e62d-11ef-9fbd-cc28aa504d95', '549544c5-e62d-11ef-9fbd-cc28aa504d95', 'assetCall:3:cff8a510-e622-11ef-a57b-cc28aa504d95', NULL, NULL, NULL, NULL, NULL, NULL, 'created', '', NULL, NULL, 'sid-28F4649C-2790-4561-8A7F-9A81B0D74E8E', NULL, '3', NULL, 50, '2025-02-08 22:59:43.880', NULL, NULL, NULL, NULL, NULL, NULL, NULL, NULL, NULL, 1, '', NULL, 1, 0, 0, 0);
INSERT INTO `ACT_RU_TASK` VALUES ('7cac70a9-e62c-11ef-9a09-cc28aa504d95', 1, '7caa9be5-e62c-11ef-9a09-cc28aa504d95', '7caa4dc1-e62c-11ef-9a09-cc28aa504d95', 'assetCall:3:cff8a510-e622-11ef-a57b-cc28aa504d95', NULL, NULL, NULL, NULL, NULL, NULL, 'created', '', NULL, NULL, 'sid-28F4649C-2790-4561-8A7F-9A81B0D74E8E', NULL, '3', NULL, 50, '2025-02-08 22:53:41.630', NULL, NULL, NULL, NULL, NULL, NULL, NULL, NULL, NULL, 1, '', NULL, 1, 0, 0, 0);
INSERT INTO `ACT_RU_TASK` VALUES ('87b95f62-e61c-11ef-ac58-cc28aa504d95', 1, '87b7b1ae-e61c-11ef-ac58-cc28aa504d95', '87b7638a-e61c-11ef-ac58-cc28aa504d95', 'assetCall:1:0e29d5c9-e61c-11ef-ac58-cc28aa504d95', NULL, NULL, NULL, NULL, NULL, NULL, 'created', '', NULL, NULL, 'sid-28F4649C-2790-4561-8A7F-9A81B0D74E8E', NULL, '3', NULL, 50, '2025-02-08 20:59:28.223', NULL, NULL, NULL, NULL, NULL, NULL, NULL, NULL, NULL, 1, '', NULL, 1, 0, 0, 0);
INSERT INTO `ACT_RU_TASK` VALUES ('8a690471-e6fc-11ef-9d7f-cc28aa504d95', 1, '8a67089d-e6fc-11ef-9d7f-cc28aa504d95', '8a66ba79-e6fc-11ef-9d7f-cc28aa504d95', 'assetCall:8:0f0bbfb8-e6fc-11ef-9d7f-cc28aa504d95', NULL, NULL, NULL, NULL, NULL, NULL, 'created', '', NULL, NULL, 'sid-28F4649C-2790-4561-8A7F-9A81B0D74E8E', NULL, '3', NULL, 50, '2025-02-09 23:42:59.996', NULL, NULL, NULL, NULL, NULL, NULL, NULL, NULL, NULL, 1, '', NULL, 1, 0, 0, 0);
INSERT INTO `ACT_RU_TASK` VALUES ('af828b2d-e707-11ef-8c34-cc28aa504d95', 1, 'f472aa32-e706-11ef-8c34-cc28aa504d95', 'f472aa2e-e706-11ef-8c34-cc28aa504d95', 'assetCall:9:615f36ec-e704-11ef-8c34-cc28aa504d95', NULL, NULL, NULL, NULL, NULL, NULL, 'created', '', NULL, NULL, 'sid-D76C049C-53A8-44F0-8A1C-930D9D685132', NULL, '3', NULL, 50, '2025-02-10 01:02:46.713', NULL, NULL, NULL, NULL, NULL, NULL, NULL, NULL, NULL, 1, '', NULL, 1, 0, 0, 0);
INSERT INTO `ACT_RU_TASK` VALUES ('b318417f-e6f2-11ef-a872-cc28aa504d95', 1, 'a1052e31-e6f2-11ef-a872-cc28aa504d95', 'a104e00b-e6f2-11ef-a872-cc28aa504d95', 'assetCall:7:0fdd376f-e6f0-11ef-acc6-cc28aa504d95', NULL, NULL, NULL, NULL, NULL, NULL, 'created', '', NULL, NULL, 'sid-E3F94567-6F1D-46DB-8B88-CC193B1E34C0', NULL, 'default_leader_id', NULL, 50, '2025-02-09 22:32:33.296', NULL, NULL, NULL, NULL, NULL, NULL, NULL, NULL, NULL, 1, '', NULL, 1, 0, 0, 0);
INSERT INTO `ACT_RU_TASK` VALUES ('be4a2438-e640-11ef-ad5d-cc28aa504d95', 1, 'be484f74-e640-11ef-ad5d-cc28aa504d95', 'be482860-e640-11ef-ad5d-cc28aa504d95', 'assetCall:4:cdf0dd29-e63e-11ef-8eea-cc28aa504d95', NULL, NULL, NULL, NULL, NULL, NULL, 'created', '', NULL, NULL, 'sid-28F4649C-2790-4561-8A7F-9A81B0D74E8E', NULL, '3', NULL, 50, '2025-02-09 01:18:41.651', NULL, NULL, NULL, NULL, NULL, NULL, NULL, NULL, NULL, 1, '', NULL, 1, 0, 0, 0);
INSERT INTO `ACT_RU_TASK` VALUES ('e09c4e8a-e6f9-11ef-a5fe-cc28aa504d95', 1, '9400cc9c-e6f9-11ef-a5fe-cc28aa504d95', '94007e76-e6f9-11ef-a5fe-cc28aa504d95', 'assetCall:7:0fdd376f-e6f0-11ef-acc6-cc28aa504d95', NULL, NULL, NULL, NULL, NULL, NULL, 'created', '', NULL, NULL, 'sid-E3F94567-6F1D-46DB-8B88-CC193B1E34C0', NULL, 'default_leader_id', NULL, 50, '2025-02-09 23:23:56.136', NULL, NULL, NULL, NULL, NULL, NULL, NULL, NULL, NULL, 1, '', NULL, 1, 0, 0, 0);
INSERT INTO `ACT_RU_TASK` VALUES ('e5265a24-e6f0-11ef-acc6-cc28aa504d95', 1, '3e6ee896-e6f0-11ef-acc6-cc28aa504d95', '3e6e9a70-e6f0-11ef-acc6-cc28aa504d95', 'assetCall:7:0fdd376f-e6f0-11ef-acc6-cc28aa504d95', NULL, NULL, NULL, NULL, NULL, NULL, 'created', '', NULL, NULL, 'sid-E3F94567-6F1D-46DB-8B88-CC193B1E34C0', NULL, 'default_leader_id', NULL, 50, '2025-02-09 22:19:38.281', NULL, NULL, NULL, NULL, NULL, NULL, NULL, NULL, NULL, 1, '', NULL, 1, 0, 0, 0);
INSERT INTO `ACT_RU_TASK` VALUES ('ecc5f6ad-e6f4-11ef-95d7-cc28aa504d95', 1, 'b0ae828f-e6f4-11ef-95d7-cc28aa504d95', 'b0ae3469-e6f4-11ef-95d7-cc28aa504d95', 'assetCall:7:0fdd376f-e6f0-11ef-acc6-cc28aa504d95', NULL, NULL, NULL, NULL, NULL, NULL, 'created', '', NULL, NULL, 'sid-E3F94567-6F1D-46DB-8B88-CC193B1E34C0', NULL, 'default_leader_id', NULL, 50, '2025-02-09 22:48:29.058', NULL, NULL, NULL, NULL, NULL, NULL, NULL, NULL, NULL, 1, '', NULL, 1, 0, 0, 0);
INSERT INTO `ACT_RU_TASK` VALUES ('f77504e6-e6f2-11ef-a872-cc28aa504d95', 1, 'e9bb60a8-e6f2-11ef-a872-cc28aa504d95', 'e9bb60a2-e6f2-11ef-a872-cc28aa504d95', 'assetCall:7:0fdd376f-e6f0-11ef-acc6-cc28aa504d95', NULL, NULL, NULL, NULL, NULL, NULL, 'created', '', NULL, NULL, 'sid-E3F94567-6F1D-46DB-8B88-CC193B1E34C0', NULL, 'default_leader_id', NULL, 50, '2025-02-09 22:34:27.989', NULL, NULL, NULL, NULL, NULL, NULL, NULL, NULL, NULL, 1, '', NULL, 1, 0, 0, 0);

-- ----------------------------
-- Table structure for ACT_RU_TIMER_JOB
-- ----------------------------
DROP TABLE IF EXISTS `ACT_RU_TIMER_JOB`;
CREATE TABLE `ACT_RU_TIMER_JOB`  (
  `ID_` varchar(64) CHARACTER SET utf8mb3 COLLATE utf8mb3_bin NOT NULL,
  `REV_` int NULL DEFAULT NULL,
  `CATEGORY_` varchar(255) CHARACTER SET utf8mb3 COLLATE utf8mb3_bin NULL DEFAULT NULL,
  `TYPE_` varchar(255) CHARACTER SET utf8mb3 COLLATE utf8mb3_bin NOT NULL,
  `LOCK_EXP_TIME_` timestamp(3) NULL DEFAULT NULL,
  `LOCK_OWNER_` varchar(255) CHARACTER SET utf8mb3 COLLATE utf8mb3_bin NULL DEFAULT NULL,
  `EXCLUSIVE_` tinyint(1) NULL DEFAULT NULL,
  `EXECUTION_ID_` varchar(64) CHARACTER SET utf8mb3 COLLATE utf8mb3_bin NULL DEFAULT NULL,
  `PROCESS_INSTANCE_ID_` varchar(64) CHARACTER SET utf8mb3 COLLATE utf8mb3_bin NULL DEFAULT NULL,
  `PROC_DEF_ID_` varchar(64) CHARACTER SET utf8mb3 COLLATE utf8mb3_bin NULL DEFAULT NULL,
  `ELEMENT_ID_` varchar(255) CHARACTER SET utf8mb3 COLLATE utf8mb3_bin NULL DEFAULT NULL,
  `ELEMENT_NAME_` varchar(255) CHARACTER SET utf8mb3 COLLATE utf8mb3_bin NULL DEFAULT NULL,
  `SCOPE_ID_` varchar(255) CHARACTER SET utf8mb3 COLLATE utf8mb3_bin NULL DEFAULT NULL,
  `SUB_SCOPE_ID_` varchar(255) CHARACTER SET utf8mb3 COLLATE utf8mb3_bin NULL DEFAULT NULL,
  `SCOPE_TYPE_` varchar(255) CHARACTER SET utf8mb3 COLLATE utf8mb3_bin NULL DEFAULT NULL,
  `SCOPE_DEFINITION_ID_` varchar(255) CHARACTER SET utf8mb3 COLLATE utf8mb3_bin NULL DEFAULT NULL,
  `CORRELATION_ID_` varchar(255) CHARACTER SET utf8mb3 COLLATE utf8mb3_bin NULL DEFAULT NULL,
  `RETRIES_` int NULL DEFAULT NULL,
  `EXCEPTION_STACK_ID_` varchar(64) CHARACTER SET utf8mb3 COLLATE utf8mb3_bin NULL DEFAULT NULL,
  `EXCEPTION_MSG_` varchar(4000) CHARACTER SET utf8mb3 COLLATE utf8mb3_bin NULL DEFAULT NULL,
  `DUEDATE_` timestamp(3) NULL DEFAULT NULL,
  `REPEAT_` varchar(255) CHARACTER SET utf8mb3 COLLATE utf8mb3_bin NULL DEFAULT NULL,
  `HANDLER_TYPE_` varchar(255) CHARACTER SET utf8mb3 COLLATE utf8mb3_bin NULL DEFAULT NULL,
  `HANDLER_CFG_` varchar(4000) CHARACTER SET utf8mb3 COLLATE utf8mb3_bin NULL DEFAULT NULL,
  `CUSTOM_VALUES_ID_` varchar(64) CHARACTER SET utf8mb3 COLLATE utf8mb3_bin NULL DEFAULT NULL,
  `CREATE_TIME_` timestamp(3) NULL DEFAULT NULL,
  `TENANT_ID_` varchar(255) CHARACTER SET utf8mb3 COLLATE utf8mb3_bin NULL DEFAULT '',
  PRIMARY KEY (`ID_`) USING BTREE,
  INDEX `ACT_IDX_TIMER_JOB_EXCEPTION_STACK_ID`(`EXCEPTION_STACK_ID_` ASC) USING BTREE,
  INDEX `ACT_IDX_TIMER_JOB_CUSTOM_VALUES_ID`(`CUSTOM_VALUES_ID_` ASC) USING BTREE,
  INDEX `ACT_IDX_TIMER_JOB_CORRELATION_ID`(`CORRELATION_ID_` ASC) USING BTREE,
  INDEX `ACT_IDX_TIMER_JOB_DUEDATE`(`DUEDATE_` ASC) USING BTREE,
  INDEX `ACT_IDX_TJOB_SCOPE`(`SCOPE_ID_` ASC, `SCOPE_TYPE_` ASC) USING BTREE,
  INDEX `ACT_IDX_TJOB_SUB_SCOPE`(`SUB_SCOPE_ID_` ASC, `SCOPE_TYPE_` ASC) USING BTREE,
  INDEX `ACT_IDX_TJOB_SCOPE_DEF`(`SCOPE_DEFINITION_ID_` ASC, `SCOPE_TYPE_` ASC) USING BTREE,
  INDEX `ACT_FK_TIMER_JOB_EXECUTION`(`EXECUTION_ID_` ASC) USING BTREE,
  INDEX `ACT_FK_TIMER_JOB_PROCESS_INSTANCE`(`PROCESS_INSTANCE_ID_` ASC) USING BTREE,
  INDEX `ACT_FK_TIMER_JOB_PROC_DEF`(`PROC_DEF_ID_` ASC) USING BTREE,
  CONSTRAINT `ACT_FK_TIMER_JOB_CUSTOM_VALUES` FOREIGN KEY (`CUSTOM_VALUES_ID_`) REFERENCES `ACT_GE_BYTEARRAY` (`ID_`) ON DELETE RESTRICT ON UPDATE RESTRICT,
  CONSTRAINT `ACT_FK_TIMER_JOB_EXCEPTION` FOREIGN KEY (`EXCEPTION_STACK_ID_`) REFERENCES `ACT_GE_BYTEARRAY` (`ID_`) ON DELETE RESTRICT ON UPDATE RESTRICT,
  CONSTRAINT `ACT_FK_TIMER_JOB_EXECUTION` FOREIGN KEY (`EXECUTION_ID_`) REFERENCES `ACT_RU_EXECUTION` (`ID_`) ON DELETE RESTRICT ON UPDATE RESTRICT,
  CONSTRAINT `ACT_FK_TIMER_JOB_PROC_DEF` FOREIGN KEY (`PROC_DEF_ID_`) REFERENCES `ACT_RE_PROCDEF` (`ID_`) ON DELETE RESTRICT ON UPDATE RESTRICT,
  CONSTRAINT `ACT_FK_TIMER_JOB_PROCESS_INSTANCE` FOREIGN KEY (`PROCESS_INSTANCE_ID_`) REFERENCES `ACT_RU_EXECUTION` (`ID_`) ON DELETE RESTRICT ON UPDATE RESTRICT
) ENGINE = InnoDB CHARACTER SET = utf8mb3 COLLATE = utf8mb3_bin ROW_FORMAT = Dynamic;

-- ----------------------------
-- Records of ACT_RU_TIMER_JOB
-- ----------------------------

-- ----------------------------
-- Table structure for ACT_RU_VARIABLE
-- ----------------------------
DROP TABLE IF EXISTS `ACT_RU_VARIABLE`;
CREATE TABLE `ACT_RU_VARIABLE`  (
  `ID_` varchar(64) CHARACTER SET utf8mb3 COLLATE utf8mb3_bin NOT NULL,
  `REV_` int NULL DEFAULT NULL,
  `TYPE_` varchar(255) CHARACTER SET utf8mb3 COLLATE utf8mb3_bin NOT NULL,
  `NAME_` varchar(255) CHARACTER SET utf8mb3 COLLATE utf8mb3_bin NOT NULL,
  `EXECUTION_ID_` varchar(64) CHARACTER SET utf8mb3 COLLATE utf8mb3_bin NULL DEFAULT NULL,
  `PROC_INST_ID_` varchar(64) CHARACTER SET utf8mb3 COLLATE utf8mb3_bin NULL DEFAULT NULL,
  `TASK_ID_` varchar(64) CHARACTER SET utf8mb3 COLLATE utf8mb3_bin NULL DEFAULT NULL,
  `SCOPE_ID_` varchar(255) CHARACTER SET utf8mb3 COLLATE utf8mb3_bin NULL DEFAULT NULL,
  `SUB_SCOPE_ID_` varchar(255) CHARACTER SET utf8mb3 COLLATE utf8mb3_bin NULL DEFAULT NULL,
  `SCOPE_TYPE_` varchar(255) CHARACTER SET utf8mb3 COLLATE utf8mb3_bin NULL DEFAULT NULL,
  `BYTEARRAY_ID_` varchar(64) CHARACTER SET utf8mb3 COLLATE utf8mb3_bin NULL DEFAULT NULL,
  `DOUBLE_` double NULL DEFAULT NULL,
  `LONG_` bigint NULL DEFAULT NULL,
  `TEXT_` varchar(4000) CHARACTER SET utf8mb3 COLLATE utf8mb3_bin NULL DEFAULT NULL,
  `TEXT2_` varchar(4000) CHARACTER SET utf8mb3 COLLATE utf8mb3_bin NULL DEFAULT NULL,
  `META_INFO_` varchar(4000) CHARACTER SET utf8mb3 COLLATE utf8mb3_bin NULL DEFAULT NULL,
  PRIMARY KEY (`ID_`) USING BTREE,
  INDEX `ACT_IDX_RU_VAR_SCOPE_ID_TYPE`(`SCOPE_ID_` ASC, `SCOPE_TYPE_` ASC) USING BTREE,
  INDEX `ACT_IDX_RU_VAR_SUB_ID_TYPE`(`SUB_SCOPE_ID_` ASC, `SCOPE_TYPE_` ASC) USING BTREE,
  INDEX `ACT_FK_VAR_BYTEARRAY`(`BYTEARRAY_ID_` ASC) USING BTREE,
  INDEX `ACT_IDX_VARIABLE_TASK_ID`(`TASK_ID_` ASC) USING BTREE,
  INDEX `ACT_FK_VAR_EXE`(`EXECUTION_ID_` ASC) USING BTREE,
  INDEX `ACT_FK_VAR_PROCINST`(`PROC_INST_ID_` ASC) USING BTREE,
  CONSTRAINT `ACT_FK_VAR_BYTEARRAY` FOREIGN KEY (`BYTEARRAY_ID_`) REFERENCES `ACT_GE_BYTEARRAY` (`ID_`) ON DELETE RESTRICT ON UPDATE RESTRICT,
  CONSTRAINT `ACT_FK_VAR_EXE` FOREIGN KEY (`EXECUTION_ID_`) REFERENCES `ACT_RU_EXECUTION` (`ID_`) ON DELETE RESTRICT ON UPDATE RESTRICT,
  CONSTRAINT `ACT_FK_VAR_PROCINST` FOREIGN KEY (`PROC_INST_ID_`) REFERENCES `ACT_RU_EXECUTION` (`ID_`) ON DELETE RESTRICT ON UPDATE RESTRICT
) ENGINE = InnoDB CHARACTER SET = utf8mb3 COLLATE = utf8mb3_bin ROW_FORMAT = Dynamic;

-- ----------------------------
-- Records of ACT_RU_VARIABLE
-- ----------------------------
INSERT INTO `ACT_RU_VARIABLE` VALUES ('18d955d7-e887-11ef-a646-cc28aa504d95', 1, 'string', 'userId', '18d92ec5-e887-11ef-a646-cc28aa504d95', '18d92ec5-e887-11ef-a646-cc28aa504d95', NULL, NULL, NULL, NULL, NULL, NULL, NULL, '3', NULL, NULL);
INSERT INTO `ACT_RU_VARIABLE` VALUES ('332a5362-e889-11ef-9400-cc28aa504d95', 1, 'string', 'userId', '332a2c50-e889-11ef-9400-cc28aa504d95', '332a2c50-e889-11ef-9400-cc28aa504d95', NULL, NULL, NULL, NULL, NULL, NULL, NULL, '3', NULL, NULL);
INSERT INTO `ACT_RU_VARIABLE` VALUES ('3bb7c069-e707-11ef-8c34-cc28aa504d95', 2, 'string', 'leaderId', 'f472aa2e-e706-11ef-8c34-cc28aa504d95', 'f472aa2e-e706-11ef-8c34-cc28aa504d95', NULL, NULL, NULL, NULL, NULL, NULL, NULL, '3', NULL, NULL);
INSERT INTO `ACT_RU_VARIABLE` VALUES ('3c015a43-e623-11ef-a57b-cc28aa504d95', 1, 'string', 'userId', '3c015a41-e623-11ef-a57b-cc28aa504d95', '3c015a41-e623-11ef-a57b-cc28aa504d95', NULL, NULL, NULL, NULL, NULL, NULL, NULL, '3', NULL, NULL);
INSERT INTO `ACT_RU_VARIABLE` VALUES ('3e6ec182-e6f0-11ef-acc6-cc28aa504d95', 1, 'string', 'userId', '3e6e9a70-e6f0-11ef-acc6-cc28aa504d95', '3e6e9a70-e6f0-11ef-acc6-cc28aa504d95', NULL, NULL, NULL, NULL, NULL, NULL, NULL, '3', NULL, NULL);
INSERT INTO `ACT_RU_VARIABLE` VALUES ('3e6ee894-e6f0-11ef-acc6-cc28aa504d95', 1, 'string', 'leaderId', '3e6e9a70-e6f0-11ef-acc6-cc28aa504d95', '3e6e9a70-e6f0-11ef-acc6-cc28aa504d95', NULL, NULL, NULL, NULL, NULL, NULL, NULL, 'default_leader_id', NULL, NULL);
INSERT INTO `ACT_RU_VARIABLE` VALUES ('52b1ce36-e624-11ef-88f5-cc28aa504d95', 1, 'string', 'userId', '52b1a724-e624-11ef-88f5-cc28aa504d95', '52b1a724-e624-11ef-88f5-cc28aa504d95', NULL, NULL, NULL, NULL, NULL, NULL, NULL, '3', NULL, NULL);
INSERT INTO `ACT_RU_VARIABLE` VALUES ('54956bd7-e62d-11ef-9fbd-cc28aa504d95', 1, 'string', 'userId', '549544c5-e62d-11ef-9fbd-cc28aa504d95', '549544c5-e62d-11ef-9fbd-cc28aa504d95', NULL, NULL, NULL, NULL, NULL, NULL, NULL, '3', NULL, NULL);
INSERT INTO `ACT_RU_VARIABLE` VALUES ('634af61d-e871-11ef-9e03-cc28aa504d95', 2, 'string', 'leaderId', 'd578b9f2-e86e-11ef-9e03-cc28aa504d95', 'd578b9f2-e86e-11ef-9e03-cc28aa504d95', NULL, NULL, NULL, NULL, NULL, NULL, NULL, '1', NULL, NULL);
INSERT INTO `ACT_RU_VARIABLE` VALUES ('6d178cdf-e704-11ef-8c34-cc28aa504d95', 1, 'string', 'userId', '6d1765cd-e704-11ef-8c34-cc28aa504d95', '6d1765cd-e704-11ef-8c34-cc28aa504d95', NULL, NULL, NULL, NULL, NULL, NULL, NULL, '3', NULL, NULL);
INSERT INTO `ACT_RU_VARIABLE` VALUES ('75a1b0c1-e708-11ef-8c34-cc28aa504d95', 1, 'string', 'userId', '75a1b0bf-e708-11ef-8c34-cc28aa504d95', '75a1b0bf-e708-11ef-8c34-cc28aa504d95', NULL, NULL, NULL, NULL, NULL, NULL, NULL, '3', NULL, NULL);
INSERT INTO `ACT_RU_VARIABLE` VALUES ('7caa9be3-e62c-11ef-9a09-cc28aa504d95', 1, 'string', 'userId', '7caa4dc1-e62c-11ef-9a09-cc28aa504d95', '7caa4dc1-e62c-11ef-9a09-cc28aa504d95', NULL, NULL, NULL, NULL, NULL, NULL, NULL, '3', NULL, NULL);
INSERT INTO `ACT_RU_VARIABLE` VALUES ('87b78a9c-e61c-11ef-ac58-cc28aa504d95', 1, 'string', 'userId', '87b7638a-e61c-11ef-ac58-cc28aa504d95', '87b7638a-e61c-11ef-ac58-cc28aa504d95', NULL, NULL, NULL, NULL, NULL, NULL, NULL, '3', NULL, NULL);
INSERT INTO `ACT_RU_VARIABLE` VALUES ('8a66e18b-e6fc-11ef-9d7f-cc28aa504d95', 1, 'string', 'userId', '8a66ba79-e6fc-11ef-9d7f-cc28aa504d95', '8a66ba79-e6fc-11ef-9d7f-cc28aa504d95', NULL, NULL, NULL, NULL, NULL, NULL, NULL, '3', NULL, NULL);
INSERT INTO `ACT_RU_VARIABLE` VALUES ('9400a588-e6f9-11ef-a5fe-cc28aa504d95', 1, 'string', 'userId', '94007e76-e6f9-11ef-a5fe-cc28aa504d95', '94007e76-e6f9-11ef-a5fe-cc28aa504d95', NULL, NULL, NULL, NULL, NULL, NULL, NULL, '3', NULL, NULL);
INSERT INTO `ACT_RU_VARIABLE` VALUES ('9400a58a-e6f9-11ef-a5fe-cc28aa504d95', 1, 'string', 'leaderId', '94007e76-e6f9-11ef-a5fe-cc28aa504d95', '94007e76-e6f9-11ef-a5fe-cc28aa504d95', NULL, NULL, NULL, NULL, NULL, NULL, NULL, 'default_leader_id', NULL, NULL);
INSERT INTO `ACT_RU_VARIABLE` VALUES ('a105071d-e6f2-11ef-a872-cc28aa504d95', 1, 'string', 'userId', 'a104e00b-e6f2-11ef-a872-cc28aa504d95', 'a104e00b-e6f2-11ef-a872-cc28aa504d95', NULL, NULL, NULL, NULL, NULL, NULL, NULL, '3', NULL, NULL);
INSERT INTO `ACT_RU_VARIABLE` VALUES ('a105071f-e6f2-11ef-a872-cc28aa504d95', 1, 'string', 'leaderId', 'a104e00b-e6f2-11ef-a872-cc28aa504d95', 'a104e00b-e6f2-11ef-a872-cc28aa504d95', NULL, NULL, NULL, NULL, NULL, NULL, NULL, 'default_leader_id', NULL, NULL);
INSERT INTO `ACT_RU_VARIABLE` VALUES ('a417004a-e708-11ef-8c34-cc28aa504d95', 2, 'string', 'leaderId', '75a1b0bf-e708-11ef-8c34-cc28aa504d95', '75a1b0bf-e708-11ef-8c34-cc28aa504d95', NULL, NULL, NULL, NULL, NULL, NULL, NULL, '1', NULL, NULL);
INSERT INTO `ACT_RU_VARIABLE` VALUES ('b0ae5b7b-e6f4-11ef-95d7-cc28aa504d95', 1, 'string', 'userId', 'b0ae3469-e6f4-11ef-95d7-cc28aa504d95', 'b0ae3469-e6f4-11ef-95d7-cc28aa504d95', NULL, NULL, NULL, NULL, NULL, NULL, NULL, '3', NULL, NULL);
INSERT INTO `ACT_RU_VARIABLE` VALUES ('b0ae5b7d-e6f4-11ef-95d7-cc28aa504d95', 1, 'string', 'leaderId', 'b0ae3469-e6f4-11ef-95d7-cc28aa504d95', 'b0ae3469-e6f4-11ef-95d7-cc28aa504d95', NULL, NULL, NULL, NULL, NULL, NULL, NULL, 'default_leader_id', NULL, NULL);
INSERT INTO `ACT_RU_VARIABLE` VALUES ('be484f72-e640-11ef-ad5d-cc28aa504d95', 1, 'string', 'userId', 'be482860-e640-11ef-ad5d-cc28aa504d95', 'be482860-e640-11ef-ad5d-cc28aa504d95', NULL, NULL, NULL, NULL, NULL, NULL, NULL, '3', NULL, NULL);
INSERT INTO `ACT_RU_VARIABLE` VALUES ('d578e104-e86e-11ef-9e03-cc28aa504d95', 1, 'string', 'userId', 'd578b9f2-e86e-11ef-9e03-cc28aa504d95', 'd578b9f2-e86e-11ef-9e03-cc28aa504d95', NULL, NULL, NULL, NULL, NULL, NULL, NULL, '3', NULL, NULL);
INSERT INTO `ACT_RU_VARIABLE` VALUES ('e9bb60a4-e6f2-11ef-a872-cc28aa504d95', 1, 'string', 'userId', 'e9bb60a2-e6f2-11ef-a872-cc28aa504d95', 'e9bb60a2-e6f2-11ef-a872-cc28aa504d95', NULL, NULL, NULL, NULL, NULL, NULL, NULL, '3', NULL, NULL);
INSERT INTO `ACT_RU_VARIABLE` VALUES ('e9bb60a6-e6f2-11ef-a872-cc28aa504d95', 1, 'string', 'leaderId', 'e9bb60a2-e6f2-11ef-a872-cc28aa504d95', 'e9bb60a2-e6f2-11ef-a872-cc28aa504d95', NULL, NULL, NULL, NULL, NULL, NULL, NULL, 'default_leader_id', NULL, NULL);
INSERT INTO `ACT_RU_VARIABLE` VALUES ('f472aa30-e706-11ef-8c34-cc28aa504d95', 1, 'string', 'userId', 'f472aa2e-e706-11ef-8c34-cc28aa504d95', 'f472aa2e-e706-11ef-8c34-cc28aa504d95', NULL, NULL, NULL, NULL, NULL, NULL, NULL, '3', NULL, NULL);
INSERT INTO `ACT_RU_VARIABLE` VALUES ('f4a67638-e704-11ef-8c34-cc28aa504d95', 2, 'string', 'leaderId', '6d1765cd-e704-11ef-8c34-cc28aa504d95', '6d1765cd-e704-11ef-8c34-cc28aa504d95', NULL, NULL, NULL, NULL, NULL, NULL, NULL, '3', NULL, NULL);

-- ----------------------------
-- Table structure for FLW_RU_BATCH
-- ----------------------------
DROP TABLE IF EXISTS `FLW_RU_BATCH`;
CREATE TABLE `FLW_RU_BATCH`  (
  `ID_` varchar(64) CHARACTER SET utf8mb3 COLLATE utf8mb3_bin NOT NULL,
  `REV_` int NULL DEFAULT NULL,
  `TYPE_` varchar(64) CHARACTER SET utf8mb3 COLLATE utf8mb3_bin NOT NULL,
  `SEARCH_KEY_` varchar(255) CHARACTER SET utf8mb3 COLLATE utf8mb3_bin NULL DEFAULT NULL,
  `SEARCH_KEY2_` varchar(255) CHARACTER SET utf8mb3 COLLATE utf8mb3_bin NULL DEFAULT NULL,
  `CREATE_TIME_` datetime(3) NOT NULL,
  `COMPLETE_TIME_` datetime(3) NULL DEFAULT NULL,
  `STATUS_` varchar(255) CHARACTER SET utf8mb3 COLLATE utf8mb3_bin NULL DEFAULT NULL,
  `BATCH_DOC_ID_` varchar(64) CHARACTER SET utf8mb3 COLLATE utf8mb3_bin NULL DEFAULT NULL,
  `TENANT_ID_` varchar(255) CHARACTER SET utf8mb3 COLLATE utf8mb3_bin NULL DEFAULT '',
  PRIMARY KEY (`ID_`) USING BTREE
) ENGINE = InnoDB CHARACTER SET = utf8mb3 COLLATE = utf8mb3_bin ROW_FORMAT = Dynamic;

-- ----------------------------
-- Records of FLW_RU_BATCH
-- ----------------------------

-- ----------------------------
-- Table structure for FLW_RU_BATCH_PART
-- ----------------------------
DROP TABLE IF EXISTS `FLW_RU_BATCH_PART`;
CREATE TABLE `FLW_RU_BATCH_PART`  (
  `ID_` varchar(64) CHARACTER SET utf8mb3 COLLATE utf8mb3_bin NOT NULL,
  `REV_` int NULL DEFAULT NULL,
  `BATCH_ID_` varchar(64) CHARACTER SET utf8mb3 COLLATE utf8mb3_bin NULL DEFAULT NULL,
  `TYPE_` varchar(64) CHARACTER SET utf8mb3 COLLATE utf8mb3_bin NOT NULL,
  `SCOPE_ID_` varchar(64) CHARACTER SET utf8mb3 COLLATE utf8mb3_bin NULL DEFAULT NULL,
  `SUB_SCOPE_ID_` varchar(64) CHARACTER SET utf8mb3 COLLATE utf8mb3_bin NULL DEFAULT NULL,
  `SCOPE_TYPE_` varchar(64) CHARACTER SET utf8mb3 COLLATE utf8mb3_bin NULL DEFAULT NULL,
  `SEARCH_KEY_` varchar(255) CHARACTER SET utf8mb3 COLLATE utf8mb3_bin NULL DEFAULT NULL,
  `SEARCH_KEY2_` varchar(255) CHARACTER SET utf8mb3 COLLATE utf8mb3_bin NULL DEFAULT NULL,
  `CREATE_TIME_` datetime(3) NOT NULL,
  `COMPLETE_TIME_` datetime(3) NULL DEFAULT NULL,
  `STATUS_` varchar(255) CHARACTER SET utf8mb3 COLLATE utf8mb3_bin NULL DEFAULT NULL,
  `RESULT_DOC_ID_` varchar(64) CHARACTER SET utf8mb3 COLLATE utf8mb3_bin NULL DEFAULT NULL,
  `TENANT_ID_` varchar(255) CHARACTER SET utf8mb3 COLLATE utf8mb3_bin NULL DEFAULT '',
  PRIMARY KEY (`ID_`) USING BTREE,
  INDEX `FLW_IDX_BATCH_PART`(`BATCH_ID_` ASC) USING BTREE,
  CONSTRAINT `FLW_FK_BATCH_PART_PARENT` FOREIGN KEY (`BATCH_ID_`) REFERENCES `FLW_RU_BATCH` (`ID_`) ON DELETE RESTRICT ON UPDATE RESTRICT
) ENGINE = InnoDB CHARACTER SET = utf8mb3 COLLATE = utf8mb3_bin ROW_FORMAT = Dynamic;

-- ----------------------------
-- Records of FLW_RU_BATCH_PART
-- ----------------------------

-- ----------------------------
-- Table structure for act_process_definition
-- ----------------------------
DROP TABLE IF EXISTS `act_process_definition`;
CREATE TABLE `act_process_definition`  (
  `id` varchar(64) CHARACTER SET utf8mb4 COLLATE utf8mb4_0900_ai_ci NOT NULL COMMENT 'ID',
  `name` varchar(255) CHARACTER SET utf8mb4 COLLATE utf8mb4_0900_ai_ci NULL DEFAULT NULL COMMENT '',
  `process_key` varchar(255) CHARACTER SET utf8mb4 COLLATE utf8mb4_0900_ai_ci NULL DEFAULT NULL COMMENT '',
  `category` varchar(255) CHARACTER SET utf8mb4 COLLATE utf8mb4_0900_ai_ci NULL DEFAULT NULL COMMENT '',
  `version` int NULL DEFAULT NULL COMMENT '',
  `deployment_id` varchar(64) CHARACTER SET utf8mb4 COLLATE utf8mb4_0900_ai_ci NULL DEFAULT NULL COMMENT 'ID',
  `resource_name` varchar(255) CHARACTER SET utf8mb4 COLLATE utf8mb4_0900_ai_ci NULL DEFAULT NULL COMMENT '',
  `diagram_resource_name` varchar(255) CHARACTER SET utf8mb4 COLLATE utf8mb4_0900_ai_ci NULL DEFAULT NULL COMMENT '',
  `description` varchar(255) CHARACTER SET utf8mb4 COLLATE utf8mb4_0900_ai_ci NULL DEFAULT NULL COMMENT '',
  `suspended` tinyint(1) NULL DEFAULT 0 COMMENT '',
  `create_time` datetime NULL DEFAULT NULL COMMENT '',
  `update_time` datetime NULL DEFAULT NULL COMMENT '',
  `create_by` bigint NULL DEFAULT NULL COMMENT '',
  `update_by` bigint NULL DEFAULT NULL COMMENT '',
  `del_flag` int NULL DEFAULT NULL,
  PRIMARY KEY (`id`) USING BTREE,
  INDEX `idx_process_key`(`process_key` ASC) USING BTREE,
  INDEX `idx_deployment_id`(`deployment_id` ASC) USING BTREE
) ENGINE = InnoDB CHARACTER SET = utf8mb4 COLLATE = utf8mb4_0900_ai_ci COMMENT = '' ROW_FORMAT = Dynamic;

-- ----------------------------
-- Records of act_process_definition
-- ----------------------------
INSERT INTO `act_process_definition` VALUES ('assetBuy:1:2508', '', 'assetBuy', 'http://www.flowable.org/processdef', 1, '2505', '.bpmn20.xml', '.assetBuy.png', NULL, 0, NULL, NULL, NULL, NULL, 0);
INSERT INTO `act_process_definition` VALUES ('assetBuy:2:7504', '', 'assetBuy', 'http://www.flowable.org/processdef', 2, '7501', '.bpmn20.xml', '.assetBuy.png', NULL, 0, NULL, NULL, NULL, NULL, 0);
INSERT INTO `act_process_definition` VALUES ('assetCall:1:0e29d5c9-e61c-11ef-ac58-cc28aa504d95', '', 'assetCall', 'http://www.flowable.org/processdef', 1, '0e100c36-e61c-11ef-ac58-cc28aa504d95', '.bpmn20.xml', '.assetCall.png', NULL, 0, NULL, NULL, NULL, NULL, 0);
INSERT INTO `act_process_definition` VALUES ('assetCall:1:20004', '', 'assetCall', 'http://www.flowable.org/processdef', 1, '20001', '.bpmn20.xml', '.assetCall.png', NULL, 0, NULL, NULL, NULL, NULL, 0);
INSERT INTO `act_process_definition` VALUES ('assetCall:12:44abb554-e886-11ef-a646-cc28aa504d95', '', 'assetCall', 'http://www.flowable.org/processdef', 12, '44a329d1-e886-11ef-a646-cc28aa504d95', '.bpmn20.xml', '.assetCall.png', NULL, 0, NULL, NULL, NULL, NULL, 0);
INSERT INTO `act_process_definition` VALUES ('assetCall:14:259722ef-e889-11ef-9400-cc28aa504d95', '', 'assetCall', 'http://www.flowable.org/processdef', 14, '258ff6fc-e889-11ef-9400-cc28aa504d95', '.bpmn20.xml', '.assetCall.png', NULL, 0, NULL, NULL, NULL, NULL, 0);
INSERT INTO `act_process_definition` VALUES ('assetCall:15:42561de6-e88c-11ef-9400-cc28aa504d95', '', 'assetCall', 'http://www.flowable.org/processdef', 15, '424fdc53-e88c-11ef-9400-cc28aa504d95', '.bpmn20.xml', '.assetCall.png', NULL, 0, NULL, NULL, NULL, NULL, 0);
INSERT INTO `act_process_definition` VALUES ('assetCall:2:37504', '', 'assetCall', 'http://www.flowable.org/processdef', 2, '37501', '.bpmn20.xml', '.assetCall.png', NULL, 0, NULL, NULL, NULL, NULL, 0);
INSERT INTO `act_process_definition` VALUES ('assetCall:3:37508', '', 'assetCall', 'http://www.flowable.org/processdef', 3, '37505', '.bpmn20.xml', '.assetCall.png', NULL, 0, NULL, NULL, NULL, NULL, 0);
INSERT INTO `act_process_definition` VALUES ('assetCall:3:cff8a510-e622-11ef-a57b-cc28aa504d95', '', 'assetCall', 'http://www.flowable.org/processdef', 3, 'cff0dcdd-e622-11ef-a57b-cc28aa504d95', '.bpmn20.xml', '.assetCall.png', NULL, 0, NULL, NULL, NULL, NULL, 0);
INSERT INTO `act_process_definition` VALUES ('assetCall:4:42504', '', 'assetCall', 'http://www.flowable.org/processdef', 4, '42501', '.bpmn20.xml', '.assetCall.png', NULL, 0, NULL, NULL, NULL, NULL, 0);
INSERT INTO `act_process_definition` VALUES ('assetCall:5:45004', '', 'assetCall', 'http://www.flowable.org/processdef', 5, '45001', '.bpmn20.xml', '.assetCall.png', NULL, 0, NULL, NULL, NULL, NULL, 0);
INSERT INTO `act_process_definition` VALUES ('assetCall:7:0fdd376f-e6f0-11ef-acc6-cc28aa504d95', '', 'assetCall', 'http://www.flowable.org/processdef', 7, '0fc2355c-e6f0-11ef-acc6-cc28aa504d95', '.bpmn20.xml', '.assetCall.png', NULL, 0, NULL, NULL, NULL, NULL, 0);
INSERT INTO `act_process_definition` VALUES ('assetCall:8:0f0bbfb8-e6fc-11ef-9d7f-cc28aa504d95', '', 'assetCall', 'http://www.flowable.org/processdef', 8, '0ef02165-e6fc-11ef-9d7f-cc28aa504d95', '.bpmn20.xml', '.assetCall.png', NULL, 0, NULL, NULL, NULL, NULL, 0);
INSERT INTO `act_process_definition` VALUES ('assetCall:9:615f36ec-e704-11ef-8c34-cc28aa504d95', '', 'assetCall', 'http://www.flowable.org/processdef', 9, '6140d979-e704-11ef-8c34-cc28aa504d95', '.bpmn20.xml', '.assetCall.png', NULL, 0, NULL, NULL, NULL, NULL, 0);

-- ----------------------------
-- Table structure for act_process_instance
-- ----------------------------
DROP TABLE IF EXISTS `act_process_instance`;
CREATE TABLE `act_process_instance`  (
  `id` varchar(64) CHARACTER SET utf8mb4 COLLATE utf8mb4_0900_ai_ci NOT NULL COMMENT 'ID',
  `process_definition_id` varchar(64) CHARACTER SET utf8mb4 COLLATE utf8mb4_0900_ai_ci NOT NULL COMMENT 'ID',
  `process_definition_key` varchar(64) CHARACTER SET utf8mb4 COLLATE utf8mb4_0900_ai_ci NOT NULL COMMENT 'Key',
  `process_definition_version` int NOT NULL COMMENT '',
  `business_key` varchar(255) CHARACTER SET utf8mb4 COLLATE utf8mb4_0900_ai_ci NULL DEFAULT NULL COMMENT '',
  `status` varchar(20) CHARACTER SET utf8mb4 COLLATE utf8mb4_0900_ai_ci NOT NULL COMMENT '(running/suspended/completed)',
  `suspended` tinyint(1) NOT NULL DEFAULT 0 COMMENT '',
  `start_time` datetime NOT NULL COMMENT '',
  `end_time` datetime NULL DEFAULT NULL COMMENT '',
  `start_user_id` varchar(64) CHARACTER SET utf8mb4 COLLATE utf8mb4_0900_ai_ci NOT NULL COMMENT 'ID',
  `start_activity_id` varchar(64) CHARACTER SET utf8mb4 COLLATE utf8mb4_0900_ai_ci NULL DEFAULT NULL COMMENT 'ID',
  `name` varchar(255) CHARACTER SET utf8mb4 COLLATE utf8mb4_0900_ai_ci NULL DEFAULT NULL COMMENT '',
  `task_id` varchar(64) CHARACTER SET utf8mb4 COLLATE utf8mb4_0900_ai_ci NULL DEFAULT NULL COMMENT 'ID',
  `task_name` varchar(255) CHARACTER SET utf8mb4 COLLATE utf8mb4_0900_ai_ci NULL DEFAULT NULL COMMENT '',
  `assignee` varchar(64) CHARACTER SET utf8mb4 COLLATE utf8mb4_0900_ai_ci NULL DEFAULT NULL COMMENT '',
  `task_end_time` datetime NULL DEFAULT NULL COMMENT '',
  `create_by` varchar(64) CHARACTER SET utf8mb4 COLLATE utf8mb4_0900_ai_ci NOT NULL COMMENT '',
  `create_time` datetime NOT NULL DEFAULT CURRENT_TIMESTAMP COMMENT '',
  `update_by` varchar(64) CHARACTER SET utf8mb4 COLLATE utf8mb4_0900_ai_ci NULL DEFAULT NULL COMMENT '',
  `update_time` datetime NULL DEFAULT CURRENT_TIMESTAMP ON UPDATE CURRENT_TIMESTAMP COMMENT '',
  `del_flag` tinyint(1) NOT NULL DEFAULT 0 COMMENT '0 1',
  `remark` varchar(255) CHARACTER SET utf8mb4 COLLATE utf8mb4_0900_ai_ci NULL DEFAULT NULL,
  PRIMARY KEY (`id`) USING BTREE,
  INDEX `idx_process_def`(`process_definition_key` ASC, `process_definition_version` ASC) USING BTREE,
  INDEX `idx_business_key`(`business_key` ASC) USING BTREE,
  INDEX `idx_status`(`status` ASC) USING BTREE,
  INDEX `idx_start_user`(`start_user_id` ASC) USING BTREE
) ENGINE = InnoDB CHARACTER SET = utf8mb4 COLLATE = utf8mb4_0900_ai_ci COMMENT = '' ROW_FORMAT = DYNAMIC;

-- ----------------------------
-- Records of act_process_instance
-- ----------------------------
INSERT INTO `act_process_instance` VALUES ('18d92ec5-e887-11ef-a646-cc28aa504d95', 'assetCall:12:44abb554-e886-11ef-a646-cc28aa504d95', 'assetCall', 12, NULL, 'running', 0, '2025-02-11 22:47:21', NULL, '3', NULL, NULL, NULL, NULL, NULL, NULL, '3', '2025-02-11 22:47:21', NULL, '2025-02-11 22:47:20', 0, NULL);
INSERT INTO `act_process_instance` VALUES ('332a2c50-e889-11ef-9400-cc28aa504d95', 'assetCall:14:259722ef-e889-11ef-9400-cc28aa504d95', 'assetCall', 14, NULL, 'running', 0, '2025-02-11 23:02:24', NULL, '3', NULL, NULL, NULL, NULL, NULL, NULL, '3', '2025-02-11 23:02:24', NULL, '2025-02-11 23:02:23', 0, NULL);
INSERT INTO `act_process_instance` VALUES ('3e6e9a70-e6f0-11ef-acc6-cc28aa504d95', 'assetCall:7:0fdd376f-e6f0-11ef-acc6-cc28aa504d95', 'assetCall', 7, NULL, 'running', 0, '2025-02-09 22:14:59', NULL, '3', NULL, NULL, NULL, NULL, NULL, NULL, '3', '2025-02-09 22:14:59', NULL, '2025-02-09 22:14:58', 0, NULL);
INSERT INTO `act_process_instance` VALUES ('549544c5-e62d-11ef-9fbd-cc28aa504d95', 'assetCall:3:cff8a510-e622-11ef-a57b-cc28aa504d95', 'assetCall', 3, NULL, 'running', 0, '2025-02-08 22:59:44', NULL, '3', NULL, NULL, NULL, NULL, NULL, NULL, '3', '2025-02-08 22:59:44', NULL, '2025-02-08 22:59:43', 0, NULL);
INSERT INTO `act_process_instance` VALUES ('57ad1187-e88c-11ef-9400-cc28aa504d95', 'assetCall:15:42561de6-e88c-11ef-9400-cc28aa504d95', 'assetCall', 15, NULL, 'ended', 0, '2025-02-11 23:24:54', '2025-02-11 23:55:26', '3', NULL, NULL, '5a2281aa-e890-11ef-b567-cc28aa504d95', '2', '1', '2025-02-11 23:53:36', '3', '2025-02-11 23:24:54', NULL, '2025-02-11 23:55:25', 0, NULL);
INSERT INTO `act_process_instance` VALUES ('6d1765cd-e704-11ef-8c34-cc28aa504d95', 'assetCall:9:615f36ec-e704-11ef-8c34-cc28aa504d95', 'assetCall', 9, NULL, 'running', 0, '2025-02-10 00:39:27', NULL, '3', NULL, NULL, '0c177adc-e706-11ef-8c34-cc28aa504d95', '', '3', NULL, '3', '2025-02-10 00:39:27', NULL, '2025-02-10 00:51:02', 0, NULL);
INSERT INTO `act_process_instance` VALUES ('75a1b0bf-e708-11ef-8c34-cc28aa504d95', 'assetCall:9:615f36ec-e704-11ef-8c34-cc28aa504d95', 'assetCall', 9, NULL, 'running', 0, '2025-02-10 01:08:19', NULL, '3', NULL, NULL, '194b53ed-e70e-11ef-8c34-cc28aa504d95', '', '3', NULL, '3', '2025-02-10 01:08:19', NULL, '2025-02-10 01:48:41', 0, NULL);
INSERT INTO `act_process_instance` VALUES ('8a66ba79-e6fc-11ef-9d7f-cc28aa504d95', 'assetCall:8:0f0bbfb8-e6fc-11ef-9d7f-cc28aa504d95', 'assetCall', 8, NULL, 'running', 0, '2025-02-09 23:43:00', NULL, '3', NULL, NULL, NULL, NULL, NULL, NULL, '3', '2025-02-09 23:43:00', NULL, '2025-02-09 23:42:59', 0, NULL);
INSERT INTO `act_process_instance` VALUES ('94007e76-e6f9-11ef-a5fe-cc28aa504d95', 'assetCall:7:0fdd376f-e6f0-11ef-acc6-cc28aa504d95', 'assetCall', 7, NULL, 'running', 0, '2025-02-09 23:21:48', NULL, '3', NULL, NULL, 'e09c4e8a-e6f9-11ef-a5fe-cc28aa504d95', '', 'default_leader_id', NULL, '3', '2025-02-09 23:21:48', NULL, '2025-02-09 23:26:01', 0, NULL);
INSERT INTO `act_process_instance` VALUES ('a104e00b-e6f2-11ef-a872-cc28aa504d95', 'assetCall:7:0fdd376f-e6f0-11ef-acc6-cc28aa504d95', 'assetCall', 7, NULL, 'running', 0, '2025-02-09 22:32:03', NULL, '3', NULL, NULL, NULL, NULL, NULL, NULL, '3', '2025-02-09 22:32:03', NULL, '2025-02-09 22:32:02', 0, NULL);
INSERT INTO `act_process_instance` VALUES ('b0ae3469-e6f4-11ef-95d7-cc28aa504d95', 'assetCall:7:0fdd376f-e6f0-11ef-acc6-cc28aa504d95', 'assetCall', 7, NULL, 'running', 0, '2025-02-09 22:46:48', NULL, '3', NULL, NULL, 'ecc5f6ad-e6f4-11ef-95d7-cc28aa504d95', '', 'default_leader_id', NULL, '3', '2025-02-09 22:46:48', NULL, '2025-02-09 22:48:40', 0, NULL);
INSERT INTO `act_process_instance` VALUES ('be482860-e640-11ef-ad5d-cc28aa504d95', 'assetCall:4:cdf0dd29-e63e-11ef-8eea-cc28aa504d95', 'assetCall', 4, NULL, 'running', 0, '2025-02-09 01:18:42', NULL, '3', NULL, NULL, NULL, NULL, NULL, NULL, '3', '2025-02-09 01:18:42', NULL, '2025-02-09 01:18:41', 0, NULL);
INSERT INTO `act_process_instance` VALUES ('d578b9f2-e86e-11ef-9e03-cc28aa504d95', 'assetCall:10:03e82224-e7bb-11ef-8aa3-cc28aa504d95', 'assetCall', 10, NULL, 'running', 0, '2025-02-11 19:53:40', NULL, '3', NULL, NULL, '12149801-e872-11ef-9e03-cc28aa504d95', '2', '1', '2025-02-11 20:16:50', '3', '2025-02-11 19:53:40', NULL, '2025-02-11 20:16:49', 0, NULL);
INSERT INTO `act_process_instance` VALUES ('e9bb60a2-e6f2-11ef-a872-cc28aa504d95', 'assetCall:7:0fdd376f-e6f0-11ef-acc6-cc28aa504d95', 'assetCall', 7, NULL, 'running', 0, '2025-02-09 22:34:05', NULL, '3', NULL, NULL, NULL, NULL, NULL, NULL, '3', '2025-02-09 22:34:05', NULL, '2025-02-09 22:34:04', 0, NULL);
INSERT INTO `act_process_instance` VALUES ('f472aa2e-e706-11ef-8c34-cc28aa504d95', 'assetCall:9:615f36ec-e704-11ef-8c34-cc28aa504d95', 'assetCall', 9, NULL, 'running', 0, '2025-02-10 00:57:33', NULL, '3', NULL, NULL, 'af828b2d-e707-11ef-8c34-cc28aa504d95', '', '3', NULL, '3', '2025-02-10 00:57:33', NULL, '2025-02-10 01:02:46', 0, NULL);

-- ----------------------------
-- Table structure for act_task
-- ----------------------------
DROP TABLE IF EXISTS `act_task`;
CREATE TABLE `act_task`  (
  `id` varchar(64) CHARACTER SET utf8mb4 COLLATE utf8mb4_0900_ai_ci NOT NULL COMMENT 'ID',
  `name` varchar(255) CHARACTER SET utf8mb4 COLLATE utf8mb4_0900_ai_ci NOT NULL COMMENT '',
  `process_instance_id` varchar(64) CHARACTER SET utf8mb4 COLLATE utf8mb4_0900_ai_ci NOT NULL COMMENT 'ID',
  `process_definition_id` varchar(64) CHARACTER SET utf8mb4 COLLATE utf8mb4_0900_ai_ci NOT NULL COMMENT 'ID',
  `task_definition_key` varchar(255) CHARACTER SET utf8mb4 COLLATE utf8mb4_0900_ai_ci NOT NULL COMMENT 'ID',
  `assignee` varchar(255) CHARACTER SET utf8mb4 COLLATE utf8mb4_0900_ai_ci NULL DEFAULT NULL COMMENT '',
  `start_time` datetime NULL DEFAULT NULL COMMENT '',
  `claim_time` datetime NULL DEFAULT NULL COMMENT '',
  `end_time` datetime NULL DEFAULT NULL COMMENT '',
  `duration` bigint NULL DEFAULT NULL COMMENT '',
  `description` varchar(4000) CHARACTER SET utf8mb4 COLLATE utf8mb4_0900_ai_ci NULL DEFAULT NULL COMMENT '',
  `priority` int NULL DEFAULT NULL COMMENT '',
  `due_date` datetime NULL DEFAULT NULL COMMENT '',
  `category` varchar(255) CHARACTER SET utf8mb4 COLLATE utf8mb4_0900_ai_ci NULL DEFAULT NULL COMMENT '',
  `owner` varchar(255) CHARACTER SET utf8mb4 COLLATE utf8mb4_0900_ai_ci NULL DEFAULT NULL COMMENT '',
  `parent_task_id` varchar(64) CHARACTER SET utf8mb4 COLLATE utf8mb4_0900_ai_ci NULL DEFAULT NULL COMMENT 'ID',
  `form_key` varchar(255) CHARACTER SET utf8mb4 COLLATE utf8mb4_0900_ai_ci NULL DEFAULT NULL COMMENT '',
  `tenant_id` varchar(255) CHARACTER SET utf8mb4 COLLATE utf8mb4_0900_ai_ci NULL DEFAULT NULL COMMENT 'ID',
  `suspended` tinyint(1) NULL DEFAULT 0 COMMENT '',
  `business_key` varchar(255) CHARACTER SET utf8mb4 COLLATE utf8mb4_0900_ai_ci NULL DEFAULT NULL COMMENT '',
  `execution_id` varchar(64) CHARACTER SET utf8mb4 COLLATE utf8mb4_0900_ai_ci NULL DEFAULT NULL COMMENT 'ID',
  PRIMARY KEY (`id`) USING BTREE,
  INDEX `idx_proc_inst_id`(`process_instance_id` ASC) USING BTREE,
  INDEX `idx_assignee`(`assignee` ASC) USING BTREE
) ENGINE = InnoDB CHARACTER SET = utf8mb4 COLLATE = utf8mb4_0900_ai_ci COMMENT = '' ROW_FORMAT = Dynamic;

-- ----------------------------
-- Records of act_task
-- ----------------------------

-- ----------------------------
-- Table structure for act_task_comment
-- ----------------------------
DROP TABLE IF EXISTS `act_task_comment`;
CREATE TABLE `act_task_comment`  (
  `id` varchar(64) CHARACTER SET utf8mb4 COLLATE utf8mb4_0900_ai_ci NOT NULL COMMENT 'ID',
  `task_id` varchar(64) CHARACTER SET utf8mb4 COLLATE utf8mb4_0900_ai_ci NOT NULL COMMENT 'ID',
  `process_instance_id` varchar(64) CHARACTER SET utf8mb4 COLLATE utf8mb4_0900_ai_ci NOT NULL COMMENT 'ID',
  `user_id` bigint NOT NULL COMMENT 'ID',
  `message` varchar(4000) CHARACTER SET utf8mb4 COLLATE utf8mb4_0900_ai_ci NOT NULL COMMENT '',
  `create_time` datetime NULL DEFAULT NULL COMMENT '',
  PRIMARY KEY (`id`) USING BTREE,
  INDEX `idx_task_id`(`task_id` ASC) USING BTREE,
  INDEX `idx_proc_inst_id`(`process_instance_id` ASC) USING BTREE
) ENGINE = InnoDB CHARACTER SET = utf8mb4 COLLATE = utf8mb4_0900_ai_ci COMMENT = '' ROW_FORMAT = Dynamic;

-- ----------------------------
-- Records of act_task_comment
-- ----------------------------

-- ----------------------------
-- Table structure for asset_buy_process
-- ----------------------------
DROP TABLE IF EXISTS `asset_buy_process`;
CREATE TABLE `asset_buy_process`  (
  `id` bigint NOT NULL AUTO_INCREMENT COMMENT 'ID',
  `process_instance_id` varchar(64) CHARACTER SET utf8mb4 COLLATE utf8mb4_0900_ai_ci NOT NULL COMMENT 'ID',
  `asset_name` varchar(100) CHARACTER SET utf8mb4 COLLATE utf8mb4_0900_ai_ci NOT NULL COMMENT '',
  `classification_id` bigint NOT NULL COMMENT 'ID',
  `quantity` int NOT NULL COMMENT '',
  `expected_price` decimal(10, 2) NOT NULL COMMENT '',
  `apply_reason` varchar(500) CHARACTER SET utf8mb4 COLLATE utf8mb4_0900_ai_ci NOT NULL COMMENT '',
  `remark` varchar(500) CHARACTER SET utf8mb4 COLLATE utf8mb4_0900_ai_ci NULL DEFAULT NULL COMMENT '',
  `status` char(1) CHARACTER SET utf8mb4 COLLATE utf8mb4_0900_ai_ci NOT NULL DEFAULT '0' COMMENT '0 1 2',
  `applicant_id` bigint NOT NULL COMMENT 'ID',
  `approver_id` bigint NULL DEFAULT NULL COMMENT 'ID',
  `approve_time` datetime NULL DEFAULT NULL COMMENT '',
  `approve_comment` varchar(500) CHARACTER SET utf8mb4 COLLATE utf8mb4_0900_ai_ci NULL DEFAULT NULL COMMENT '',
  `create_time` datetime NULL DEFAULT NULL COMMENT '',
  `update_time` datetime NULL DEFAULT NULL COMMENT '',
  `create_by` bigint NULL DEFAULT NULL COMMENT '',
  `update_by` bigint NULL DEFAULT NULL COMMENT '',
  `del_flag` char(1) CHARACTER SET utf8mb4 COLLATE utf8mb4_0900_ai_ci NULL DEFAULT '0' COMMENT '0 1',
  PRIMARY KEY (`id`) USING BTREE,
  UNIQUE INDEX `idx_process_instance_id`(`process_instance_id` ASC) USING BTREE,
  INDEX `idx_classification_id`(`classification_id` ASC) USING BTREE,
  INDEX `idx_applicant_id`(`applicant_id` ASC) USING BTREE,
  INDEX `idx_approver_id`(`approver_id` ASC) USING BTREE
) ENGINE = InnoDB CHARACTER SET = utf8mb4 COLLATE = utf8mb4_0900_ai_ci COMMENT = '' ROW_FORMAT = Dynamic;

-- ----------------------------
-- Records of asset_buy_process
-- ----------------------------

-- ----------------------------
-- Table structure for asset_classification
-- ----------------------------
DROP TABLE IF EXISTS `asset_classification`;
CREATE TABLE `asset_classification`  (
  `id` bigint NOT NULL COMMENT 'id',
  `sort_num` int NULL DEFAULT NULL COMMENT '',
  `category_name` varchar(255) CHARACTER SET utf8mb4 COLLATE utf8mb4_0900_ai_ci NULL DEFAULT NULL COMMENT '',
  `create_by` bigint NULL DEFAULT NULL COMMENT '',
  `create_time` datetime NULL DEFAULT NULL COMMENT '',
  `update_by` bigint NULL DEFAULT NULL COMMENT '',
  `update_time` datetime NULL DEFAULT NULL COMMENT '',
  `del_flag` int NULL DEFAULT NULL COMMENT '',
  PRIMARY KEY (`id`) USING BTREE
) ENGINE = InnoDB CHARACTER SET = utf8mb4 COLLATE = utf8mb4_0900_ai_ci COMMENT = '' ROW_FORMAT = DYNAMIC;

-- ----------------------------
-- Records of asset_classification
-- ----------------------------
INSERT INTO `asset_classification` VALUES (1654789234567890945, 1, '', 1, '2025-01-24 17:56:32', 1, '2025-01-24 17:56:32', 0);
INSERT INTO `asset_classification` VALUES (1654789234567890946, 2, '', 1, '2025-01-24 17:56:32', 1, '2025-01-24 17:56:32', 0);
INSERT INTO `asset_classification` VALUES (1654789234567890947, 3, '', 1, '2025-01-24 17:56:32', 1, '2025-01-24 17:56:32', 0);
INSERT INTO `asset_classification` VALUES (1654789234567890948, 4, '', 1, '2025-01-24 17:56:32', 1, '2025-01-24 17:56:32', 0);
INSERT INTO `asset_classification` VALUES (1654789234567890949, 5, '', 1, '2025-01-24 17:56:32', 1, '2025-01-24 17:56:32', 0);

-- ----------------------------
-- Table structure for asset_receipt
-- ----------------------------
DROP TABLE IF EXISTS `asset_receipt`;
CREATE TABLE `asset_receipt`  (
  `id` bigint NOT NULL COMMENT 'id',
  `asset_id` bigint NULL DEFAULT NULL COMMENT 'id',
  `asset_name` varchar(255) CHARACTER SET utf8mb4 COLLATE utf8mb4_0900_ai_ci NULL DEFAULT NULL COMMENT '',
  `receiver_name` varchar(255) CHARACTER SET utf8mb4 COLLATE utf8mb4_0900_ai_ci NULL DEFAULT NULL COMMENT '',
  `collection_date` datetime NULL DEFAULT NULL COMMENT '',
  `instructions_for_use` varchar(255) CHARACTER SET utf8mb4 COLLATE utf8mb4_0900_ai_ci NULL DEFAULT NULL COMMENT '',
  `is_long_term_use` int NULL DEFAULT NULL COMMENT ' 1  0 ',
  `return_time` datetime NULL DEFAULT NULL COMMENT '',
  `return_status` int NULL DEFAULT NULL COMMENT ' 0 1',
  `review_status` int NULL DEFAULT NULL COMMENT ' 0 1 2',
  `create_by` bigint NULL DEFAULT NULL,
  `create_time` datetime NULL DEFAULT NULL,
  `update_by` bigint NULL DEFAULT NULL,
  `update_time` datetime NULL DEFAULT NULL,
  `del_flag` int NULL DEFAULT NULL COMMENT '',
  PRIMARY KEY (`id`) USING BTREE
) ENGINE = InnoDB CHARACTER SET = utf8mb4 COLLATE = utf8mb4_0900_ai_ci COMMENT = '' ROW_FORMAT = Dynamic;

-- ----------------------------
-- Records of asset_receipt
-- ----------------------------

-- ----------------------------
-- Table structure for asset_repair
-- ----------------------------
DROP TABLE IF EXISTS `asset_repair`;
CREATE TABLE `asset_repair`  (
  `id` bigint NOT NULL COMMENT 'id',
  `asset_id` bigint NULL DEFAULT NULL COMMENT 'id',
  `asset_name` varchar(255) CHARACTER SET utf8mb4 COLLATE utf8mb4_0900_ai_ci NULL DEFAULT NULL COMMENT '',
  `reason_for_repair` varchar(255) CHARACTER SET utf8mb4 COLLATE utf8mb4_0900_ai_ci NULL DEFAULT NULL COMMENT '',
  `repair_date` datetime NULL DEFAULT NULL COMMENT '',
  `status` int NULL DEFAULT NULL COMMENT ' 0 1 2',
  `create_by` bigint NULL DEFAULT NULL,
  `create_time` datetime NULL DEFAULT NULL,
  `update_by` bigint NULL DEFAULT NULL,
  `update_time` datetime NULL DEFAULT NULL,
  `del_flag` int NULL DEFAULT NULL,
  PRIMARY KEY (`id`) USING BTREE
) ENGINE = InnoDB CHARACTER SET = utf8mb4 COLLATE = utf8mb4_0900_ai_ci COMMENT = '' ROW_FORMAT = Dynamic;

-- ----------------------------
-- Records of asset_repair
-- ----------------------------

-- ----------------------------
-- Table structure for asset_storage
-- ----------------------------
DROP TABLE IF EXISTS `asset_storage`;
CREATE TABLE `asset_storage`  (
  `id` bigint NOT NULL COMMENT 'id',
  `asset_id` bigint NULL DEFAULT NULL COMMENT 'id',
  `asset_name` varchar(255) CHARACTER SET utf8mb4 COLLATE utf8mb4_0900_ai_ci NULL DEFAULT NULL COMMENT '',
  `inbound_quantity` int NULL DEFAULT NULL COMMENT '',
  `operator_name` varchar(255) CHARACTER SET utf8mb4 COLLATE utf8mb4_0900_ai_ci NULL DEFAULT NULL COMMENT '',
  `warehouse time` datetime NULL DEFAULT NULL COMMENT '',
  `create_by` bigint NULL DEFAULT NULL,
  `create_time` datetime NULL DEFAULT NULL,
  `update_by` bigint NULL DEFAULT NULL,
  `update_time` datetime NULL DEFAULT NULL,
  `del_flag` int NULL DEFAULT NULL COMMENT '',
  PRIMARY KEY (`id`) USING BTREE
) ENGINE = InnoDB CHARACTER SET = utf8mb4 COLLATE = utf8mb4_0900_ai_ci COMMENT = '' ROW_FORMAT = Dynamic;

-- ----------------------------
-- Records of asset_storage
-- ----------------------------

-- ----------------------------
-- Table structure for assets
-- ----------------------------
DROP TABLE IF EXISTS `assets`;
CREATE TABLE `assets`  (
  `id` bigint NOT NULL COMMENT 'uuid',
  `asset_number` varchar(255) CHARACTER SET utf8mb4 COLLATE utf8mb4_0900_ai_ci NULL DEFAULT NULL COMMENT '',
  `asset_name` varchar(255) CHARACTER SET utf8mb4 COLLATE utf8mb4_0900_ai_ci NULL DEFAULT NULL COMMENT '',
  `asset_classification_id` bigint NULL DEFAULT NULL COMMENT 'id',
  `asset_model` varchar(255) CHARACTER SET utf8mb4 COLLATE utf8mb4_0900_ai_ci NULL DEFAULT NULL COMMENT '',
  `asset_purchase_time` datetime NULL DEFAULT NULL COMMENT '',
  `asset_use_time` datetime NULL DEFAULT NULL COMMENT '',
  `asset_user_id` bigint NULL DEFAULT NULL COMMENT 'id',
  `asset_storage_location` varchar(255) CHARACTER SET utf8mb4 COLLATE utf8mb4_0900_ai_ci NULL DEFAULT NULL COMMENT '',
  `asset_use_department_id` bigint NULL DEFAULT NULL COMMENT 'id',
  `asset_price_num` int NULL DEFAULT NULL COMMENT '-',
  `asset_price_unit` bigint NULL DEFAULT NULL COMMENT '-id',
  `asset_use_status` int NULL DEFAULT NULL COMMENT ' 0: 1: 2: 3:',
  `asset_status` int NULL DEFAULT NULL COMMENT ' 0 1',
  `create_by` bigint NULL DEFAULT NULL COMMENT '',
  `create_time` datetime NULL DEFAULT NULL COMMENT '',
  `update_by` bigint NULL DEFAULT NULL COMMENT '',
  `update_time` datetime NULL DEFAULT NULL COMMENT '',
  `del_flag` int NULL DEFAULT NULL COMMENT '',
  `remark` varchar(255) CHARACTER SET utf8mb4 COLLATE utf8mb4_0900_ai_ci NULL DEFAULT NULL,
  PRIMARY KEY (`id`) USING BTREE
) ENGINE = InnoDB CHARACTER SET = utf8mb4 COLLATE = utf8mb4_0900_ai_ci COMMENT = '' ROW_FORMAT = DYNAMIC;

-- ----------------------------
-- Records of assets
-- ----------------------------
INSERT INTO `assets` VALUES (1654789234567890961, 'ZC202401001', 'ThinkPad', 1654789234567890945, 'T490', '2024-01-10 00:00:00', '2024-01-15 00:00:00', 1001, 'A-01-01', 101, 6999, 1, 1, 0, 1, '2025-01-24 21:03:01', 1, '2025-01-24 21:03:01', NULL, NULL);
INSERT INTO `assets` VALUES (1654789234567890962, 'ZC202401002', '', 1654789234567890945, 'M154A', '2024-01-11 00:00:00', '2024-01-16 00:00:00', 1002, 'A-01-02', 102, 1299, 1, 1, 0, 1, '2025-01-24 21:03:01', 1, '2025-01-24 21:03:01', NULL, NULL);
INSERT INTO `assets` VALUES (1654789234567890963, 'ZC202401003', '', 1654789234567890945, 'CB-X05', '2024-01-12 00:00:00', '2024-01-17 00:00:00', 1003, 'A-01-03', 103, 3999, 1, 1, 0, 1, '2025-01-24 21:03:01', 1, '2025-01-24 21:03:01', NULL, NULL);
INSERT INTO `assets` VALUES (1654789234567890964, 'ZC202401004', '', 1654789234567890946, 'BGZ-120', '2024-01-13 00:00:00', '2024-01-18 00:00:00', 1001, 'B-01-01', 101, 899, 1, 1, 0, 1, '2025-01-24 21:03:01', 1, '2025-01-24 21:03:01', NULL, NULL);
INSERT INTO `assets` VALUES (1654789234567890965, 'ZC202401005', '', 1654789234567890946, 'BGY-001', '2024-01-14 00:00:00', '2024-01-19 00:00:00', 1002, 'B-01-02', 102, 599, 1, 1, 0, 1, '2025-01-24 21:03:01', 1, '2025-01-24 21:03:01', NULL, NULL);
INSERT INTO `assets` VALUES (1654789234567890966, 'ZC202401006', '', 1654789234567890946, 'WJG-180', '2024-01-15 00:00:00', '2024-01-20 00:00:00', 1003, 'B-01-03', 103, 799, 1, 1, 0, 1, '2025-01-24 21:03:01', 1, '2025-01-24 21:03:01', NULL, NULL);
INSERT INTO `assets` VALUES (1654789234567890967, 'ZC202401007', '', 1654789234567890947, 'S5735-L24P4X', '2024-01-16 00:00:00', '2024-01-21 00:00:00', 1004, 'C-01-01', 104, 4999, 1, 1, 0, 1, '2025-01-24 21:03:01', 1, '2025-01-24 21:03:01', NULL, NULL);
INSERT INTO `assets` VALUES (1654789234567890968, 'ZC202401008', 'AP', 1654789234567890947, 'AirEngine 5761-11', '2024-01-17 00:00:00', '2024-01-22 00:00:00', 1004, 'C-01-02', 104, 899, 1, 1, 0, 1, '2025-01-24 21:03:01', 1, '2025-01-24 21:03:01', NULL, NULL);
INSERT INTO `assets` VALUES (1654789234567890969, 'ZC202401009', '', 1654789234567890947, 'AR6120', '2024-01-18 00:00:00', '2024-01-23 00:00:00', 1004, 'C-01-03', 104, 2999, 1, 1, 0, 1, '2025-01-24 21:03:01', 1, '2025-01-24 21:03:01', NULL, NULL);
INSERT INTO `assets` VALUES (1654789234567890970, 'ZC202401010', 'Windows', 1654789234567890948, 'Win11 Pro', '2024-01-19 00:00:00', '2024-01-24 00:00:00', 1005, 'D-01-01', 105, 1599, 1, 1, 0, 1, '2025-01-24 21:03:01', 1, '2025-01-24 21:03:01', NULL, NULL);
INSERT INTO `assets` VALUES (1654789234567890971, 'ZC202401011', 'Office', 1654789234567890948, 'Office 365', '2024-01-20 00:00:00', '2024-01-25 00:00:00', 1005, 'D-01-02', 105, 999, 1, 1, 0, 1, '2025-01-24 21:03:01', 1, '2025-01-24 21:03:01', NULL, NULL);
INSERT INTO `assets` VALUES (1654789234567890972, 'ZC202401012', '', 1654789234567890948, 'NOD32', '2024-01-21 00:00:00', '2024-01-26 00:00:00', 1005, 'D-01-03', 105, 299, 1, 1, 0, 1, '2025-01-24 21:03:01', 1, '2025-01-24 21:03:01', NULL, NULL);
INSERT INTO `assets` VALUES (1654789234567890973, 'ZC202401013', '', 1654789234567890949, 'YSJ-20L', '2024-01-22 00:00:00', '2024-01-27 00:00:00', 1006, 'E-01-01', 106, 799, 1, 1, 0, 1, '2025-01-24 21:03:01', 1, '2025-01-24 21:03:01', NULL, NULL);
INSERT INTO `assets` VALUES (1654789234567890974, 'ZC202401014', '', 1654789234567890949, 'KJ-350F', '2024-01-23 00:00:00', '2024-01-28 00:00:00', 1006, 'E-01-02', 106, 1299, 1, 1, 0, 1, '2025-01-24 21:03:01', 1, '2025-01-24 21:03:01', NULL, NULL);
INSERT INTO `assets` VALUES (1654789234567890975, 'ZC202401015', '', 1654789234567890949, 'SZJ-100', '2024-01-24 00:00:00', '2024-01-29 00:00:00', 1006, 'E-01-03', 106, 499, 1, 1, 0, 1, '2025-01-24 21:03:01', 1, '2025-01-24 21:03:01', NULL, NULL);

-- ----------------------------
-- Table structure for sys_dept
-- ----------------------------
DROP TABLE IF EXISTS `sys_dept`;
CREATE TABLE `sys_dept`  (
  `dept_id` bigint NOT NULL AUTO_INCREMENT COMMENT 'id',
  `parent_id` bigint NULL DEFAULT 0 COMMENT 'id',
  `dept_name` varchar(30) CHARACTER SET utf8mb4 COLLATE utf8mb4_0900_ai_ci NULL DEFAULT NULL COMMENT '',
  `order_num` int NULL DEFAULT 0 COMMENT '',
  `leader` varchar(20) CHARACTER SET utf8mb4 COLLATE utf8mb4_0900_ai_ci NULL DEFAULT NULL COMMENT '',
  `phone` varchar(11) CHARACTER SET utf8mb4 COLLATE utf8mb4_0900_ai_ci NULL DEFAULT NULL COMMENT '',
  `email` varchar(50) CHARACTER SET utf8mb4 COLLATE utf8mb4_0900_ai_ci NULL DEFAULT NULL COMMENT '',
  `status` char(1) CHARACTER SET utf8mb4 COLLATE utf8mb4_0900_ai_ci NULL DEFAULT '0' COMMENT '0 1',
  `del_flag` char(1) CHARACTER SET utf8mb4 COLLATE utf8mb4_0900_ai_ci NULL DEFAULT '0' COMMENT '0 1',
  `create_time` datetime NULL DEFAULT NULL COMMENT '',
  `update_time` datetime NULL DEFAULT NULL COMMENT '',
  `remark` varchar(500) CHARACTER SET utf8mb4 COLLATE utf8mb4_0900_ai_ci NULL DEFAULT NULL COMMENT '',
  `create_by` bigint NULL DEFAULT NULL,
  `update_by` bigint NULL DEFAULT NULL,
  PRIMARY KEY (`dept_id`) USING BTREE
) ENGINE = InnoDB AUTO_INCREMENT = 119 CHARACTER SET = utf8mb4 COLLATE = utf8mb4_0900_ai_ci COMMENT = '' ROW_FORMAT = Dynamic;

-- ----------------------------
-- Records of sys_dept
-- ----------------------------
INSERT INTO `sys_dept` VALUES (100, 0, '', 1, '', '13800000001', 'president@zjkj.edu.cn', '0', '0', '2025-01-08 17:34:03', NULL, '', NULL, NULL);
INSERT INTO `sys_dept` VALUES (101, 100, '', 1, '', '13800000002', 'finance@zjkj.edu.cn', '0', '0', '2025-01-08 17:34:03', NULL, '', NULL, NULL);
INSERT INTO `sys_dept` VALUES (102, 100, '', 2, '', '13800000003', 'management@zjkj.edu.cn', '0', '0', '2025-01-08 17:34:03', NULL, '', NULL, NULL);
INSERT INTO `sys_dept` VALUES (103, 100, '', 3, '', '13800000004', 'accounting@zjkj.edu.cn', '0', '0', '2025-01-08 17:34:03', NULL, '', NULL, NULL);
INSERT INTO `sys_dept` VALUES (104, 100, '', 4, '', '13800000005', 'computer@zjkj.edu.cn', '0', '0', '2025-01-08 17:34:03', NULL, '', NULL, NULL);
INSERT INTO `sys_dept` VALUES (105, 100, '', 5, '', '13800000006', 'manufacture@zjkj.edu.cn', '0', '0', '2025-01-08 17:34:03', NULL, '', NULL, NULL);
INSERT INTO `sys_dept` VALUES (106, 100, '', 6, '', '13800000007', 'construction@zjkj.edu.cn', '0', '0', '2025-01-08 17:34:03', NULL, '', NULL, NULL);
INSERT INTO `sys_dept` VALUES (107, 100, '', 7, '', '13800000008', 'language@zjkj.edu.cn', '0', '0', '2025-01-08 17:34:03', NULL, '', NULL, NULL);
INSERT INTO `sys_dept` VALUES (108, 100, '', 8, '', '13800000009', 'music@zjkj.edu.cn', '0', '0', '2025-01-08 17:34:03', NULL, '', NULL, NULL);
INSERT INTO `sys_dept` VALUES (109, 100, '', 9, '', '13800000010', 'art@zjkj.edu.cn', '0', '0', '2025-01-08 17:34:03', NULL, '', NULL, NULL);
INSERT INTO `sys_dept` VALUES (110, 100, '', 10, '', '13800000011', 'media@zjkj.edu.cn', '0', '0', '2025-01-08 17:34:03', NULL, '', NULL, NULL);
INSERT INTO `sys_dept` VALUES (111, 100, '', 11, '', '13800000012', 'education@zjkj.edu.cn', '0', '0', '2025-01-08 17:34:03', NULL, '', NULL, NULL);
INSERT INTO `sys_dept` VALUES (112, 100, '', 12, '', '13800000013', 'medicine@zjkj.edu.cn', '0', '0', '2025-01-08 17:34:03', NULL, '', NULL, NULL);
INSERT INTO `sys_dept` VALUES (113, 100, '', 13, '', '13800000014', 'marx@zjkj.edu.cn', '0', '0', '2025-01-08 17:34:03', NULL, '', NULL, NULL);
INSERT INTO `sys_dept` VALUES (114, 100, '', 14, '', '13800000015', 'innovation@zjkj.edu.cn', '0', '0', '2025-01-08 17:34:03', NULL, '', NULL, NULL);
INSERT INTO `sys_dept` VALUES (115, 100, '', 15, '', '13800000016', 'international@zjkj.edu.cn', '0', '0', '2025-01-08 17:34:03', NULL, '', NULL, NULL);
INSERT INTO `sys_dept` VALUES (116, 100, '', 16, '', '13800000017', 'continuing@zjkj.edu.cn', '0', '0', '2025-01-08 17:34:03', NULL, '', NULL, NULL);
INSERT INTO `sys_dept` VALUES (117, 100, '', 17, '', '13800000018', 'xinhu@zjkj.edu.cn', '0', '0', '2025-01-08 17:34:03', NULL, '', NULL, NULL);
INSERT INTO `sys_dept` VALUES (118, 100, '', 18, '', '13800000019', 'mazhang@zjkj.edu.cn', '0', '0', '2025-01-08 17:34:03', NULL, '', NULL, NULL);

-- ----------------------------
-- Table structure for sys_dict_data
-- ----------------------------
DROP TABLE IF EXISTS `sys_dict_data`;
CREATE TABLE `sys_dict_data`  (
  `dict_code` bigint NOT NULL AUTO_INCREMENT COMMENT '',
  `dict_sort` int NULL DEFAULT 0 COMMENT '',
  `dict_label` varchar(100) CHARACTER SET utf8mb4 COLLATE utf8mb4_0900_ai_ci NULL DEFAULT '' COMMENT '',
  `dict_value` varchar(100) CHARACTER SET utf8mb4 COLLATE utf8mb4_0900_ai_ci NULL DEFAULT '' COMMENT '',
  `dict_type` varchar(100) CHARACTER SET utf8mb4 COLLATE utf8mb4_0900_ai_ci NULL DEFAULT '' COMMENT '',
  `css_class` varchar(100) CHARACTER SET utf8mb4 COLLATE utf8mb4_0900_ai_ci NULL DEFAULT NULL COMMENT '',
  `list_class` varchar(100) CHARACTER SET utf8mb4 COLLATE utf8mb4_0900_ai_ci NULL DEFAULT NULL COMMENT '',
  `is_default` char(1) CHARACTER SET utf8mb4 COLLATE utf8mb4_0900_ai_ci NULL DEFAULT 'N' COMMENT 'Y N',
  `status` char(1) CHARACTER SET utf8mb4 COLLATE utf8mb4_0900_ai_ci NULL DEFAULT '0' COMMENT '0 1',
  `create_time` datetime NULL DEFAULT NULL COMMENT '',
  `update_time` datetime NULL DEFAULT NULL COMMENT '',
  `remark` varchar(500) CHARACTER SET utf8mb4 COLLATE utf8mb4_0900_ai_ci NULL DEFAULT NULL COMMENT '',
  `del_flag` char(1) CHARACTER SET utf8mb4 COLLATE utf8mb4_0900_ai_ci NULL DEFAULT '0' COMMENT '0 1',
  `create_by` bigint NULL DEFAULT NULL,
  `update_by` bigint NULL DEFAULT NULL,
  PRIMARY KEY (`dict_code`) USING BTREE
) ENGINE = InnoDB AUTO_INCREMENT = 14 CHARACTER SET = utf8mb4 COLLATE = utf8mb4_0900_ai_ci COMMENT = '' ROW_FORMAT = Dynamic;

-- ----------------------------
-- Records of sys_dict_data
-- ----------------------------
INSERT INTO `sys_dict_data` VALUES (1, 1, '', '0', 'sys_user_sex', NULL, NULL, 'N', '0', '2024-12-10 15:38:09', NULL, '', '0', NULL, NULL);
INSERT INTO `sys_dict_data` VALUES (2, 2, '', '1', 'sys_user_sex', NULL, NULL, 'N', '0', '2024-12-10 15:38:09', NULL, '', '0', NULL, NULL);
INSERT INTO `sys_dict_data` VALUES (3, 3, '', '2', 'sys_user_sex', NULL, NULL, 'N', '0', '2024-12-10 15:38:09', NULL, '', '0', NULL, NULL);
INSERT INTO `sys_dict_data` VALUES (4, 1, '', '0', 'sys_show_hide', NULL, NULL, 'N', '0', '2024-12-10 15:38:09', NULL, '', '0', NULL, NULL);
INSERT INTO `sys_dict_data` VALUES (5, 2, '', '1', 'sys_show_hide', NULL, NULL, 'N', '0', '2024-12-10 15:38:09', NULL, '', '0', NULL, NULL);
INSERT INTO `sys_dict_data` VALUES (6, 1, '', '0', 'sys_normal_disable', NULL, NULL, 'N', '0', '2024-12-10 15:38:09', NULL, '', '0', NULL, NULL);
INSERT INTO `sys_dict_data` VALUES (7, 2, '', '1', 'sys_normal_disable', NULL, NULL, 'N', '0', '2024-12-10 15:38:09', NULL, '', '0', NULL, NULL);
INSERT INTO `sys_dict_data` VALUES (8, 1, '', 'true', 'flowable_process_status', NULL, 'success', 'N', '0', '2025-02-14 23:03:45', NULL, '', '0', 1, NULL);
INSERT INTO `sys_dict_data` VALUES (9, 2, '', 'false', 'flowable_process_status', NULL, 'danger', 'N', '0', '2025-02-14 23:03:45', NULL, '', '0', 1, NULL);
INSERT INTO `sys_dict_data` VALUES (10, 1, '', 'running', 'flowable_instance_status', NULL, 'primary', 'N', '0', '2025-02-14 23:03:45', NULL, '', '0', 1, NULL);
INSERT INTO `sys_dict_data` VALUES (11, 2, '', 'suspended', 'flowable_instance_status', NULL, 'warning', 'N', '0', '2025-02-14 23:03:45', NULL, '', '0', 1, NULL);
INSERT INTO `sys_dict_data` VALUES (12, 3, '', 'completed', 'flowable_instance_status', NULL, 'success', 'N', '0', '2025-02-14 23:03:45', NULL, '', '0', 1, NULL);
INSERT INTO `sys_dict_data` VALUES (13, 4, '', 'terminated', 'flowable_instance_status', NULL, 'danger', 'N', '0', '2025-02-14 23:03:45', NULL, '', '0', 1, NULL);

-- ----------------------------
-- Table structure for sys_dict_type
-- ----------------------------
DROP TABLE IF EXISTS `sys_dict_type`;
CREATE TABLE `sys_dict_type`  (
  `dict_id` bigint NOT NULL AUTO_INCREMENT COMMENT '',
  `dict_name` varchar(100) CHARACTER SET utf8mb4 COLLATE utf8mb4_0900_ai_ci NULL DEFAULT '' COMMENT '',
  `dict_type` varchar(100) CHARACTER SET utf8mb4 COLLATE utf8mb4_0900_ai_ci NULL DEFAULT '' COMMENT '',
  `status` char(1) CHARACTER SET utf8mb4 COLLATE utf8mb4_0900_ai_ci NULL DEFAULT '0' COMMENT '0 1',
  `create_time` datetime NULL DEFAULT NULL COMMENT '',
  `update_time` datetime NULL DEFAULT NULL COMMENT '',
  `remark` varchar(500) CHARACTER SET utf8mb4 COLLATE utf8mb4_0900_ai_ci NULL DEFAULT NULL COMMENT '',
  `del_flag` char(1) CHARACTER SET utf8mb4 COLLATE utf8mb4_0900_ai_ci NULL DEFAULT '0' COMMENT '0 1',
  `create_by` bigint NULL DEFAULT NULL,
  `update_by` bigint NULL DEFAULT NULL,
  PRIMARY KEY (`dict_id`) USING BTREE,
  UNIQUE INDEX `dict_type`(`dict_type` ASC) USING BTREE
) ENGINE = InnoDB AUTO_INCREMENT = 13 CHARACTER SET = utf8mb4 COLLATE = utf8mb4_0900_ai_ci COMMENT = '' ROW_FORMAT = Dynamic;

-- ----------------------------
-- Records of sys_dict_type
-- ----------------------------
INSERT INTO `sys_dict_type` VALUES (1, '', 'sys_user_sex', '0', '2024-12-10 15:38:09', NULL, '', '0', 1, NULL);
INSERT INTO `sys_dict_type` VALUES (2, '', 'sys_show_hide', '0', '2024-12-10 15:38:09', NULL, '', '0', 1, NULL);
INSERT INTO `sys_dict_type` VALUES (3, '', 'sys_normal_disable', '0', '2024-12-10 15:38:09', NULL, '', '0', 1, NULL);
INSERT INTO `sys_dict_type` VALUES (4, '', 'sys_job_status', '0', '2024-12-10 15:38:09', NULL, '', '0', 1, NULL);
INSERT INTO `sys_dict_type` VALUES (5, '', 'sys_job_group', '0', '2024-12-10 15:38:09', NULL, '', '0', 1, NULL);
INSERT INTO `sys_dict_type` VALUES (6, '', 'sys_yes_no', '0', '2024-12-10 15:38:09', NULL, '', '0', 1, NULL);
INSERT INTO `sys_dict_type` VALUES (7, '', 'sys_notice_type', '0', '2024-12-10 15:38:09', NULL, '', '0', 1, NULL);
INSERT INTO `sys_dict_type` VALUES (8, '', 'sys_notice_status', '0', '2024-12-10 15:38:09', NULL, '', '0', 1, NULL);
INSERT INTO `sys_dict_type` VALUES (9, '', 'sys_oper_type', '0', '2024-12-10 15:38:09', NULL, '', '0', 1, NULL);
INSERT INTO `sys_dict_type` VALUES (10, '', 'sys_common_status', '0', '2024-12-10 15:38:09', NULL, '', '0', 1, NULL);
INSERT INTO `sys_dict_type` VALUES (11, '', 'flowable_process_status', '0', '2025-02-14 23:03:45', NULL, 'true/false', '0', 1, NULL);
INSERT INTO `sys_dict_type` VALUES (12, '', 'flowable_instance_status', '0', '2025-02-14 23:03:45', NULL, '', '0', 1, NULL);

-- ----------------------------
-- Table structure for sys_menu
-- ----------------------------
DROP TABLE IF EXISTS `sys_menu`;
CREATE TABLE `sys_menu`  (
  `menu_id` bigint NOT NULL AUTO_INCREMENT COMMENT 'ID',
  `menu_name` varchar(50) CHARACTER SET utf8mb4 COLLATE utf8mb4_0900_ai_ci NOT NULL COMMENT '',
  `parent_id` bigint NULL DEFAULT 0 COMMENT 'ID',
  `order_num` int NULL DEFAULT 0 COMMENT '',
  `path` varchar(200) CHARACTER SET utf8mb4 COLLATE utf8mb4_0900_ai_ci NULL DEFAULT '' COMMENT '',
  `component` varchar(255) CHARACTER SET utf8mb4 COLLATE utf8mb4_0900_ai_ci NULL DEFAULT NULL COMMENT '',
  `query` varchar(255) CHARACTER SET utf8mb4 COLLATE utf8mb4_0900_ai_ci NULL DEFAULT NULL COMMENT '',
  `is_frame` char(1) CHARACTER SET utf8mb4 COLLATE utf8mb4_0900_ai_ci NULL DEFAULT '0' COMMENT '0 1',
  `is_cache` char(1) CHARACTER SET utf8mb4 COLLATE utf8mb4_0900_ai_ci NULL DEFAULT '0' COMMENT '0 1',
  `menu_type` char(1) CHARACTER SET utf8mb4 COLLATE utf8mb4_0900_ai_ci NULL DEFAULT '' COMMENT 'M C F',
  `visible` char(1) CHARACTER SET utf8mb4 COLLATE utf8mb4_0900_ai_ci NULL DEFAULT '0' COMMENT '0 1',
  `status` char(1) CHARACTER SET utf8mb4 COLLATE utf8mb4_0900_ai_ci NULL DEFAULT '0' COMMENT '0 1',
  `perms` varchar(100) CHARACTER SET utf8mb4 COLLATE utf8mb4_0900_ai_ci NULL DEFAULT NULL COMMENT '',
  `icon` varchar(100) CHARACTER SET utf8mb4 COLLATE utf8mb4_0900_ai_ci NULL DEFAULT '#' COMMENT '',
  `create_time` datetime NULL DEFAULT NULL COMMENT '',
  `update_time` datetime NULL DEFAULT NULL COMMENT '',
  `remark` varchar(500) CHARACTER SET utf8mb4 COLLATE utf8mb4_0900_ai_ci NULL DEFAULT '' COMMENT '',
  `create_by` bigint NULL DEFAULT NULL,
  `update_by` bigint NULL DEFAULT NULL,
  `del_flag` char(1) CHARACTER SET utf8mb4 COLLATE utf8mb4_0900_ai_ci NULL DEFAULT NULL,
  PRIMARY KEY (`menu_id`) USING BTREE
) ENGINE = InnoDB AUTO_INCREMENT = 3045 CHARACTER SET = utf8mb4 COLLATE = utf8mb4_0900_ai_ci COMMENT = '' ROW_FORMAT = DYNAMIC;

-- ----------------------------
-- Records of sys_menu
-- ----------------------------
INSERT INTO `sys_menu` VALUES (1, '', 0, 1, '/system', NULL, NULL, '0', '0', 'M', '0', '0', NULL, 'Setting', '2024-12-12 02:27:49', NULL, '', 1, NULL, NULL);
INSERT INTO `sys_menu` VALUES (2, '', 0, 2, '/workflow', NULL, NULL, '0', '0', 'M', '0', '0', NULL, 'Guide', '2024-12-12 02:27:49', NULL, '', 1, NULL, NULL);
INSERT INTO `sys_menu` VALUES (3, '', 0, 3, '/asset', NULL, NULL, '0', '0', 'M', '0', '0', NULL, 'House', '2024-12-12 02:27:49', NULL, '', 1, NULL, NULL);
INSERT INTO `sys_menu` VALUES (4, '', 1, 6, '/system/dict', NULL, NULL, '0', '0', 'M', '0', '0', NULL, 'Notebook', '2025-02-12 19:14:15', NULL, '', 1, NULL, NULL);
INSERT INTO `sys_menu` VALUES (100, '', 1, 1, '/system/user', 'system/user/index', NULL, '0', '0', 'C', '0', '0', 'system:user:list', 'User', '2024-12-12 02:27:49', NULL, '', 1, NULL, NULL);
INSERT INTO `sys_menu` VALUES (101, '', 1, 2, '/system/role', 'system/role/index', NULL, '0', '0', 'C', '0', '0', 'system:role:list', 'UserFilled', '2024-12-12 02:27:49', NULL, '', 1, NULL, NULL);
INSERT INTO `sys_menu` VALUES (102, '', 1, 3, '/system/menu', 'system/menu/index', NULL, '0', '0', 'C', '0', '0', 'system:menu:list', 'Menu', '2024-12-12 02:27:49', NULL, '', 1, NULL, NULL);
INSERT INTO `sys_menu` VALUES (103, '', 1, 4, '/system/dept', 'system/dept/index', NULL, '0', '0', 'C', '0', '0', 'system:dept:list', 'OfficeBuilding', '2024-12-12 02:27:49', NULL, '', 1, NULL, NULL);
INSERT INTO `sys_menu` VALUES (104, '', 1, 5, '/system/process-config', 'system/processConfig/index', NULL, '0', '0', 'C', '0', '0', 'system:processConfig:list', 'List', '2025-02-12 19:14:15', NULL, '', 1, NULL, NULL);
INSERT INTO `sys_menu` VALUES (105, '', 4, 1, '/system/dict/type', 'system/dictType/index', NULL, '0', '0', 'C', '0', '0', 'system:dict:list', 'List', '2025-02-12 19:14:15', NULL, '', 1, NULL, NULL);
INSERT INTO `sys_menu` VALUES (106, '', 4, 2, '/system/dict/data', 'system/dictData/index', NULL, '0', '0', 'C', '0', '0', 'system:dict:list', 'List', '2025-02-12 19:14:15', NULL, '', 1, NULL, NULL);
INSERT INTO `sys_menu` VALUES (200, '', 2, 1, '/workflow/process', 'workflow/process/index', NULL, '0', '0', 'C', '0', '0', 'workflow:process:list', 'List', '2024-12-12 02:27:49', NULL, '', 1, NULL, NULL);
INSERT INTO `sys_menu` VALUES (201, '', 2, 2, '/workflow/instance', 'workflow/instance/index', NULL, '0', '0', 'C', '0', '0', 'workflow:instance:list', 'Connection', '2024-12-12 02:27:49', NULL, '', 1, NULL, NULL);
INSERT INTO `sys_menu` VALUES (202, '', 2, 3, '/workflow/task', 'workflow/task/index', NULL, '0', '0', 'C', '0', '0', 'workflow:task:list', 'Tickets', '2024-12-12 02:27:49', NULL, '', 1, NULL, NULL);
INSERT INTO `sys_menu` VALUES (300, '', 3, 1, '/asset/assets', 'asset/assets/index', NULL, '0', '0', 'C', '0', '0', 'asset:assets:list', 'Goods', '2024-12-12 02:27:49', NULL, '', 1, NULL, NULL);
INSERT INTO `sys_menu` VALUES (301, '', 3, 2, '/asset/classification', 'asset/classification/index', NULL, '0', '0', 'C', '0', '0', 'asset:classification:list', 'Files', '2024-12-12 02:27:49', NULL, '', 1, NULL, NULL);
INSERT INTO `sys_menu` VALUES (302, '', 3, 3, '/asset/storage', 'asset/storage/index', NULL, '0', '0', 'C', '0', '0', 'asset:storage:list', 'Box', '2024-12-12 02:27:49', NULL, '', 1, NULL, NULL);
INSERT INTO `sys_menu` VALUES (303, '', 3, 4, '/asset/receipt', 'asset/receipt/index', NULL, '0', '0', 'C', '0', '0', 'asset:receipt:list', 'Stamp', '2024-12-12 02:27:49', NULL, '', 1, NULL, NULL);
INSERT INTO `sys_menu` VALUES (304, '', 3, 5, '/asset/repair', 'asset/repair/index', NULL, '0', '0', 'C', '0', '0', 'asset:repair:list', 'Tools', '2024-12-12 02:27:49', NULL, '', 1, NULL, NULL);
INSERT INTO `sys_menu` VALUES (1001, '', 100, 1, '', '', NULL, '0', '0', 'F', '0', '0', 'system:user:query', '#', '2024-12-12 02:27:49', NULL, '', 1, NULL, NULL);
INSERT INTO `sys_menu` VALUES (1002, '', 100, 2, '', '', NULL, '0', '0', 'F', '0', '0', 'system:user:add', '#', '2024-12-12 02:27:49', NULL, '', 1, NULL, NULL);
INSERT INTO `sys_menu` VALUES (1003, '', 100, 3, '', '', NULL, '0', '0', 'F', '0', '0', 'system:user:edit', '#', '2024-12-12 02:27:49', NULL, '', 1, NULL, NULL);
INSERT INTO `sys_menu` VALUES (1004, '', 100, 4, '', '', NULL, '0', '0', 'F', '0', '0', 'system:user:remove', '#', '2024-12-12 02:27:49', NULL, '', 1, NULL, NULL);
INSERT INTO `sys_menu` VALUES (1005, '', 100, 5, '', '', NULL, '0', '0', 'F', '0', '0', 'system:user:export', '#', '2024-12-12 02:27:49', NULL, '', 1, NULL, NULL);
INSERT INTO `sys_menu` VALUES (1006, '', 100, 6, '', '', NULL, '0', '0', 'F', '0', '0', 'system:user:import', '#', '2024-12-12 02:27:49', NULL, '', 1, NULL, NULL);
INSERT INTO `sys_menu` VALUES (1007, '', 100, 7, '', '', NULL, '0', '0', 'F', '0', '0', 'system:user:resetPwd', '#', '2024-12-12 02:27:49', NULL, '', 1, NULL, NULL);
INSERT INTO `sys_menu` VALUES (1008, '', 101, 1, '', '', NULL, '0', '0', 'F', '0', '0', 'system:role:query', '#', '2024-12-12 02:27:49', NULL, '', 1, NULL, NULL);
INSERT INTO `sys_menu` VALUES (1009, '', 101, 2, '', '', NULL, '0', '0', 'F', '0', '0', 'system:role:add', '#', '2024-12-12 02:27:49', NULL, '', 1, NULL, NULL);
INSERT INTO `sys_menu` VALUES (1010, '', 101, 3, '', '', NULL, '0', '0', 'F', '0', '0', 'system:role:edit', '#', '2024-12-12 02:27:49', NULL, '', 1, NULL, NULL);
INSERT INTO `sys_menu` VALUES (1011, '', 101, 4, '', '', NULL, '0', '0', 'F', '0', '0', 'system:role:remove', '#', '2024-12-12 02:27:49', NULL, '', 1, NULL, NULL);
INSERT INTO `sys_menu` VALUES (1012, '', 101, 5, '', '', NULL, '0', '0', 'F', '0', '0', 'system:role:export', '#', '2024-12-12 02:27:49', NULL, '', 1, NULL, NULL);
INSERT INTO `sys_menu` VALUES (1013, '', 102, 1, '', '', NULL, '0', '0', 'F', '0', '0', 'system:menu:query', '#', '2024-12-12 02:27:49', NULL, '', 1, NULL, NULL);
INSERT INTO `sys_menu` VALUES (1014, '', 102, 2, '', '', NULL, '0', '0', 'F', '0', '0', 'system:menu:add', '#', '2024-12-12 02:27:49', NULL, '', 1, NULL, NULL);
INSERT INTO `sys_menu` VALUES (1015, '', 102, 3, '', '', NULL, '0', '0', 'F', '0', '0', 'system:menu:edit', '#', '2024-12-12 02:27:49', NULL, '', 1, NULL, NULL);
INSERT INTO `sys_menu` VALUES (1016, '', 102, 4, '', '', NULL, '0', '0', 'F', '0', '0', 'system:menu:remove', '#', '2024-12-12 02:27:49', NULL, '', 1, NULL, NULL);
INSERT INTO `sys_menu` VALUES (1017, '', 104, 1, '', '', NULL, '0', '0', 'F', '0', '0', 'system:processConfig:query', '#', '2025-02-12 19:14:15', NULL, '', 1, NULL, NULL);
INSERT INTO `sys_menu` VALUES (1018, '', 104, 2, '', '', NULL, '0', '0', 'F', '0', '0', 'system:processConfig:add', '#', '2025-02-12 19:14:15', NULL, '', 1, NULL, NULL);
INSERT INTO `sys_menu` VALUES (1019, '', 104, 3, '', '', NULL, '0', '0', 'F', '0', '0', 'system:processConfig:edit', '#', '2025-02-12 19:14:15', NULL, '', 1, NULL, NULL);
INSERT INTO `sys_menu` VALUES (1020, '', 104, 4, '', '', NULL, '0', '0', 'F', '0', '0', 'system:processConfig:remove', '#', '2025-02-12 19:14:15', NULL, '', 1, NULL, NULL);
INSERT INTO `sys_menu` VALUES (1021, '', 105, 1, '', '', NULL, '0', '0', 'F', '0', '0', 'system:dict:query', '#', '2025-02-12 19:14:15', NULL, '', 1, NULL, NULL);
INSERT INTO `sys_menu` VALUES (1022, '', 105, 2, '', '', NULL, '0', '0', 'F', '0', '0', 'system:dict:add', '#', '2025-02-12 19:14:15', NULL, '', 1, NULL, NULL);
INSERT INTO `sys_menu` VALUES (1023, '', 105, 3, '', '', NULL, '0', '0', 'F', '0', '0', 'system:dict:edit', '#', '2025-02-12 19:14:15', NULL, '', 1, NULL, NULL);
INSERT INTO `sys_menu` VALUES (1024, '', 105, 4, '', '', NULL, '0', '0', 'F', '0', '0', 'system:dict:remove', '#', '2025-02-12 19:14:15', NULL, '', 1, NULL, NULL);
INSERT INTO `sys_menu` VALUES (1025, '', 105, 5, '', '', NULL, '0', '0', 'F', '0', '0', 'system:dict:export', '#', '2025-02-12 19:14:15', NULL, '', 1, NULL, NULL);
INSERT INTO `sys_menu` VALUES (2001, '', 200, 1, '', '', NULL, '0', '0', 'F', '0', '0', 'workflow:process:query', '#', '2024-12-12 02:27:49', NULL, '', 1, NULL, NULL);
INSERT INTO `sys_menu` VALUES (2002, '', 200, 2, '', '', NULL, '0', '0', 'F', '0', '0', 'workflow:process:create', '#', '2024-12-12 02:27:49', NULL, '', 1, NULL, NULL);
INSERT INTO `sys_menu` VALUES (2003, '', 200, 3, '', '', NULL, '0', '0', 'F', '0', '0', 'workflow:process:edit', '#', '2024-12-12 02:27:49', NULL, '', 1, NULL, NULL);
INSERT INTO `sys_menu` VALUES (2004, '', 200, 4, '', '', NULL, '0', '0', 'F', '0', '0', 'workflow:process:remove', '#', '2024-12-12 02:27:49', NULL, '', 1, NULL, NULL);
INSERT INTO `sys_menu` VALUES (2005, '', 200, 5, '', '', NULL, '0', '0', 'F', '0', '0', 'workflow:process:deploy', '#', '2024-12-12 02:27:49', NULL, '', 1, NULL, NULL);
INSERT INTO `sys_menu` VALUES (2006, '', 200, 6, '', '', NULL, '0', '0', 'F', '0', '0', 'workflow:process:export', '#', '2024-12-12 02:27:49', NULL, '', 1, NULL, NULL);
INSERT INTO `sys_menu` VALUES (2007, '', 201, 1, '', '', NULL, '0', '0', 'F', '0', '0', 'workflow:instance:query', '#', '2024-12-12 02:27:49', NULL, '', 1, NULL, NULL);
INSERT INTO `sys_menu` VALUES (2008, '', 201, 2, '', '', NULL, '0', '0', 'F', '0', '0', 'workflow:instance:terminate', '#', '2024-12-12 02:27:49', NULL, '', 1, NULL, NULL);
INSERT INTO `sys_menu` VALUES (2009, '', 201, 3, '', '', NULL, '0', '0', 'F', '0', '0', 'workflow:instance:remove', '#', '2024-12-12 02:27:49', NULL, '', 1, NULL, NULL);
INSERT INTO `sys_menu` VALUES (2010, '', 202, 1, '', '', NULL, '0', '0', 'F', '0', '0', 'workflow:task:query', '#', '2024-12-12 02:27:49', NULL, '', 1, NULL, NULL);
INSERT INTO `sys_menu` VALUES (2011, '', 202, 2, '', '', NULL, '0', '0', 'F', '0', '0', 'workflow:task:complete', '#', '2024-12-12 02:27:49', NULL, '', 1, NULL, NULL);
INSERT INTO `sys_menu` VALUES (2012, '', 202, 3, '', '', NULL, '0', '0', 'F', '0', '0', 'workflow:task:transfer', '#', '2024-12-12 02:27:49', NULL, '', 1, NULL, NULL);
INSERT INTO `sys_menu` VALUES (2013, '', 202, 4, '', '', NULL, '0', '0', 'F', '0', '0', 'workflow:task:delegate', '#', '2024-12-12 02:27:49', NULL, '', 1, NULL, NULL);
INSERT INTO `sys_menu` VALUES (2014, '', 202, 5, '', '', NULL, '0', '0', 'F', '0', '0', 'workflow:task:reject', '#', '2024-12-12 02:27:49', NULL, '', 1, NULL, NULL);
INSERT INTO `sys_menu` VALUES (2015, '', 201, 4, '', '', NULL, '0', '0', 'F', '0', '0', 'workflow:instance:start', '#', '2025-02-12 19:14:15', NULL, '', 1, NULL, NULL);
INSERT INTO `sys_menu` VALUES (3001, '', 300, 1, '', '', NULL, '0', '0', 'F', '0', '0', 'asset:assets:query', '#', '2024-12-12 02:27:49', NULL, '', 1, NULL, NULL);
INSERT INTO `sys_menu` VALUES (3002, '', 300, 2, '', '', NULL, '0', '0', 'F', '0', '0', 'asset:assets:add', '#', '2024-12-12 02:27:49', NULL, '', 1, NULL, NULL);
INSERT INTO `sys_menu` VALUES (3003, '', 300, 3, '', '', NULL, '0', '0', 'F', '0', '0', 'asset:assets:edit', '#', '2024-12-12 02:27:49', NULL, '', 1, NULL, NULL);
INSERT INTO `sys_menu` VALUES (3004, '', 300, 4, '', '', NULL, '0', '0', 'F', '0', '0', 'asset:assets:remove', '#', '2024-12-12 02:27:49', NULL, '', 1, NULL, NULL);
INSERT INTO `sys_menu` VALUES (3011, '', 301, 1, '', '', NULL, '0', '0', 'F', '0', '0', 'asset:classification:query', '#', '2024-12-12 02:27:49', NULL, '', 1, NULL, NULL);
INSERT INTO `sys_menu` VALUES (3012, '', 301, 2, '', '', NULL, '0', '0', 'F', '0', '0', 'asset:classification:add', '#', '2024-12-12 02:27:49', NULL, '', 1, NULL, NULL);
INSERT INTO `sys_menu` VALUES (3013, '', 301, 3, '', '', NULL, '0', '0', 'F', '0', '0', 'asset:classification:edit', '#', '2024-12-12 02:27:49', NULL, '', 1, NULL, NULL);
INSERT INTO `sys_menu` VALUES (3014, '', 301, 4, '', '', NULL, '0', '0', 'F', '0', '0', 'asset:classification:remove', '#', '2024-12-12 02:27:49', NULL, '', 1, NULL, NULL);
INSERT INTO `sys_menu` VALUES (3021, '', 302, 1, '', '', NULL, '0', '0', 'F', '0', '0', 'asset:storage:query', '#', '2024-12-12 02:27:49', NULL, '', 1, NULL, NULL);
INSERT INTO `sys_menu` VALUES (3022, '', 302, 2, '', '', NULL, '0', '0', 'F', '0', '0', 'asset:storage:add', '#', '2024-12-12 02:27:49', NULL, '', 1, NULL, NULL);
INSERT INTO `sys_menu` VALUES (3023, '', 302, 3, '', '', NULL, '0', '0', 'F', '0', '0', 'asset:storage:edit', '#', '2024-12-12 02:27:49', NULL, '', 1, NULL, NULL);
INSERT INTO `sys_menu` VALUES (3024, '', 302, 4, '', '', NULL, '0', '0', 'F', '0', '0', 'asset:storage:remove', '#', '2024-12-12 02:27:49', NULL, '', 1, NULL, NULL);
INSERT INTO `sys_menu` VALUES (3031, '', 303, 1, '', '', NULL, '0', '0', 'F', '0', '0', 'asset:receipt:query', '#', '2024-12-12 02:27:49', NULL, '', 1, NULL, NULL);
INSERT INTO `sys_menu` VALUES (3032, '', 303, 2, '', '', NULL, '0', '0', 'F', '0', '0', 'asset:receipt:add', '#', '2024-12-12 02:27:49', NULL, '', 1, NULL, NULL);
INSERT INTO `sys_menu` VALUES (3033, '', 303, 3, '', '', NULL, '0', '0', 'F', '0', '0', 'asset:receipt:edit', '#', '2024-12-12 02:27:49', NULL, '', 1, NULL, NULL);
INSERT INTO `sys_menu` VALUES (3034, '', 303, 4, '', '', NULL, '0', '0', 'F', '0', '0', 'asset:receipt:remove', '#', '2024-12-12 02:27:49', NULL, '', 1, NULL, NULL);
INSERT INTO `sys_menu` VALUES (3041, '', 304, 1, '', '', NULL, '0', '0', 'F', '0', '0', 'asset:repair:query', '#', '2024-12-12 02:27:49', NULL, '', 1, NULL, NULL);
INSERT INTO `sys_menu` VALUES (3042, '', 304, 2, '', '', NULL, '0', '0', 'F', '0', '0', 'asset:repair:add', '#', '2024-12-12 02:27:49', NULL, '', 1, NULL, NULL);
INSERT INTO `sys_menu` VALUES (3043, '', 304, 3, '', '', NULL, '0', '0', 'F', '0', '0', 'asset:repair:edit', '#', '2024-12-12 02:27:49', NULL, '', 1, NULL, NULL);
INSERT INTO `sys_menu` VALUES (3044, '', 304, 4, '', '', NULL, '0', '0', 'F', '0', '0', 'asset:repair:remove', '#', '2024-12-12 02:27:49', NULL, '', 1, NULL, NULL);

-- ----------------------------
-- Table structure for sys_process_config
-- ----------------------------
DROP TABLE IF EXISTS `sys_process_config`;
CREATE TABLE `sys_process_config`  (
  `id` bigint NOT NULL AUTO_INCREMENT COMMENT 'ID',
  `process_key` varchar(64) CHARACTER SET utf8mb4 COLLATE utf8mb4_0900_ai_ci NOT NULL COMMENT '',
  `name` varchar(100) CHARACTER SET utf8mb4 COLLATE utf8mb4_0900_ai_ci NOT NULL COMMENT '',
  `category` varchar(50) CHARACTER SET utf8mb4 COLLATE utf8mb4_0900_ai_ci NULL DEFAULT NULL COMMENT '',
  `role_key` varchar(100) CHARACTER SET utf8mb4 COLLATE utf8mb4_0900_ai_ci NULL DEFAULT NULL COMMENT 'ID',
  `status` char(1) CHARACTER SET utf8mb4 COLLATE utf8mb4_0900_ai_ci NULL DEFAULT '0' COMMENT '0 1',
  `del_flag` char(1) CHARACTER SET utf8mb4 COLLATE utf8mb4_0900_ai_ci NULL DEFAULT '0' COMMENT '0 1',
  `create_by` varchar(64) CHARACTER SET utf8mb4 COLLATE utf8mb4_0900_ai_ci NULL DEFAULT NULL COMMENT '',
  `create_time` datetime NULL DEFAULT NULL COMMENT '',
  `update_by` varchar(64) CHARACTER SET utf8mb4 COLLATE utf8mb4_0900_ai_ci NULL DEFAULT NULL COMMENT '',
  `update_time` datetime NULL DEFAULT NULL COMMENT '',
  `remark` varchar(500) CHARACTER SET utf8mb4 COLLATE utf8mb4_0900_ai_ci NULL DEFAULT NULL COMMENT '',
  PRIMARY KEY (`id`) USING BTREE,
  UNIQUE INDEX `uk_process_key`(`process_key` ASC) USING BTREE
) ENGINE = InnoDB AUTO_INCREMENT = 1885643381857243139 CHARACTER SET = utf8mb4 COLLATE = utf8mb4_0900_ai_ci COMMENT = '' ROW_FORMAT = Dynamic;

-- ----------------------------
-- Records of sys_process_config
-- ----------------------------
INSERT INTO `sys_process_config` VALUES (1885643381857243138, 'assetCall', '', 'ASSET', 'asset_approver', '0', '0', NULL, NULL, NULL, NULL, NULL);

-- ----------------------------
-- Table structure for sys_process_reviewer
-- ----------------------------
DROP TABLE IF EXISTS `sys_process_reviewer`;
CREATE TABLE `sys_process_reviewer`  (
  `id` bigint NOT NULL AUTO_INCREMENT COMMENT 'ID',
  `process_definition_id` varchar(64) CHARACTER SET utf8mb4 COLLATE utf8mb4_0900_ai_ci NOT NULL COMMENT 'ID',
  `reviewer_id` bigint NOT NULL COMMENT 'ID',
  `create_time` datetime NOT NULL COMMENT '',
  PRIMARY KEY (`id`) USING BTREE,
  INDEX `idx_process_definition`(`process_definition_id` ASC) USING BTREE,
  INDEX `idx_reviewer`(`reviewer_id` ASC) USING BTREE
) ENGINE = InnoDB CHARACTER SET = utf8mb4 COLLATE = utf8mb4_0900_ai_ci COMMENT = '' ROW_FORMAT = Dynamic;

-- ----------------------------
-- Records of sys_process_reviewer
-- ----------------------------

-- ----------------------------
-- Table structure for sys_process_variable_config
-- ----------------------------
DROP TABLE IF EXISTS `sys_process_variable_config`;
CREATE TABLE `sys_process_variable_config`  (
  `id` bigint NOT NULL AUTO_INCREMENT COMMENT 'ID',
  `process_key` varchar(64) CHARACTER SET utf8mb4 COLLATE utf8mb4_0900_ai_ci NOT NULL COMMENT '',
  `name` varchar(100) CHARACTER SET utf8mb4 COLLATE utf8mb4_0900_ai_ci NOT NULL COMMENT '',
  `label` varchar(100) CHARACTER SET utf8mb4 COLLATE utf8mb4_0900_ai_ci NOT NULL COMMENT '',
  `variable_type` varchar(100) CHARACTER SET utf8mb4 COLLATE utf8mb4_0900_ai_ci NOT NULL COMMENT '',
  `required` tinyint(1) NULL DEFAULT 0 COMMENT '0 1',
  `default_value` varchar(255) CHARACTER SET utf8mb4 COLLATE utf8mb4_0900_ai_ci NULL DEFAULT NULL COMMENT '',
  `validator` varchar(500) CHARACTER SET utf8mb4 COLLATE utf8mb4_0900_ai_ci NULL DEFAULT NULL COMMENT 'JSON',
  `sort_order` int NULL DEFAULT 0 COMMENT '',
  `status` int NULL DEFAULT 0 COMMENT '0 1',
  `del_flag` int NULL DEFAULT 0 COMMENT '0 1',
  `create_by` varchar(64) CHARACTER SET utf8mb4 COLLATE utf8mb4_0900_ai_ci NULL DEFAULT NULL COMMENT '',
  `create_time` datetime NULL DEFAULT NULL COMMENT '',
  `update_by` varchar(64) CHARACTER SET utf8mb4 COLLATE utf8mb4_0900_ai_ci NULL DEFAULT NULL COMMENT '',
  `update_time` datetime NULL DEFAULT NULL COMMENT '',
  `remark` varchar(500) CHARACTER SET utf8mb4 COLLATE utf8mb4_0900_ai_ci NULL DEFAULT NULL COMMENT '',
  PRIMARY KEY (`id`) USING BTREE,
  UNIQUE INDEX `uk_process_variable`(`process_key` ASC, `name` ASC) USING BTREE
) ENGINE = InnoDB AUTO_INCREMENT = 1885676998742499333 CHARACTER SET = utf8mb4 COLLATE = utf8mb4_0900_ai_ci COMMENT = '' ROW_FORMAT = Dynamic;

-- ----------------------------
-- Records of sys_process_variable_config
-- ----------------------------
INSERT INTO `sys_process_variable_config` VALUES (1885676998675390466, 'assetCall', 'assetNumber', '', 'string', 0, NULL, NULL, 0, 0, 0, NULL, '2025-02-01 21:10:05', NULL, NULL, NULL);
INSERT INTO `sys_process_variable_config` VALUES (1885676998675390467, 'assetCall', 'assetName', '', 'string', 0, NULL, NULL, 0, 0, 0, NULL, '2025-02-01 21:10:05', NULL, NULL, NULL);
INSERT INTO `sys_process_variable_config` VALUES (1885676998675390468, 'assetCall', 'assetType', '', 'string', 0, NULL, NULL, 0, 0, 0, NULL, '2025-02-01 21:10:05', NULL, NULL, NULL);
INSERT INTO `sys_process_variable_config` VALUES (1885676998675390469, 'assetCall', 'department', '', 'string', 0, NULL, NULL, 0, 0, 0, NULL, '2025-02-01 21:10:05', NULL, NULL, NULL);
INSERT INTO `sys_process_variable_config` VALUES (1885676998675390470, 'assetCall', 'applicant', '', 'string', 0, NULL, NULL, 0, 0, 0, NULL, '2025-02-01 21:10:05', NULL, NULL, NULL);
INSERT INTO `sys_process_variable_config` VALUES (1885676998675390471, 'assetCall', 'contactInfo', '', 'string', 0, NULL, NULL, 0, 0, 0, NULL, '2025-02-01 21:10:05', NULL, NULL, NULL);
INSERT INTO `sys_process_variable_config` VALUES (1885676998675390472, 'assetCall', 'startTime', '', 'date', 0, NULL, NULL, 0, 0, 0, NULL, '2025-02-01 21:10:05', NULL, NULL, NULL);
INSERT INTO `sys_process_variable_config` VALUES (1885676998675390473, 'assetCall', 'endTime', '', 'date', 0, NULL, NULL, 0, 0, 0, NULL, '2025-02-01 21:10:05', NULL, NULL, NULL);
INSERT INTO `sys_process_variable_config` VALUES (1885676998742499330, 'assetCall', 'num', '', 'string', 0, NULL, NULL, 0, 0, 0, NULL, '2025-02-01 21:10:05', NULL, NULL, NULL);
INSERT INTO `sys_process_variable_config` VALUES (1885676998742499331, 'assetCall', 'purpose', '', 'string', 0, NULL, NULL, 0, 0, 0, NULL, '2025-02-01 21:10:05', NULL, NULL, NULL);
INSERT INTO `sys_process_variable_config` VALUES (1885676998742499332, 'assetCall', 'remark', '', 'string', 0, NULL, NULL, 0, 0, 0, NULL, '2025-02-01 21:10:05', NULL, NULL, NULL);

-- ----------------------------
-- Table structure for sys_role
-- ----------------------------
DROP TABLE IF EXISTS `sys_role`;
CREATE TABLE `sys_role`  (
  `role_id` bigint NOT NULL AUTO_INCREMENT COMMENT 'ID',
  `role_name` varchar(30) CHARACTER SET utf8mb4 COLLATE utf8mb4_0900_ai_ci NOT NULL COMMENT '',
  `role_key` varchar(100) CHARACTER SET utf8mb4 COLLATE utf8mb4_0900_ai_ci NOT NULL COMMENT '',
  `role_sort` int NOT NULL COMMENT '',
  `data_scope` char(1) CHARACTER SET utf8mb4 COLLATE utf8mb4_0900_ai_ci NULL DEFAULT '1' COMMENT '1 2',
  `status` char(1) CHARACTER SET utf8mb4 COLLATE utf8mb4_0900_ai_ci NOT NULL COMMENT '0 1',
  `del_flag` char(1) CHARACTER SET utf8mb4 COLLATE utf8mb4_0900_ai_ci NULL DEFAULT '0' COMMENT '0 1',
  `create_time` datetime NULL DEFAULT NULL COMMENT '',
  `update_time` datetime NULL DEFAULT NULL COMMENT '',
  `remark` varchar(500) CHARACTER SET utf8mb4 COLLATE utf8mb4_0900_ai_ci NULL DEFAULT NULL COMMENT '',
  `create_by` bigint NULL DEFAULT NULL,
  `update_by` bigint NULL DEFAULT NULL,
  PRIMARY KEY (`role_id`) USING BTREE
) ENGINE = InnoDB AUTO_INCREMENT = 102 CHARACTER SET = utf8mb4 COLLATE = utf8mb4_0900_ai_ci COMMENT = '' ROW_FORMAT = Dynamic;

-- ----------------------------
-- Records of sys_role
-- ----------------------------
INSERT INTO `sys_role` VALUES (1, '', 'admin', 1, '1', '0', '0', '2024-12-10 15:38:09', NULL, '', 1, NULL);
INSERT INTO `sys_role` VALUES (2, '', 'manager', 2, '1', '0', '0', '2024-12-10 15:38:09', NULL, '', 1, NULL);
INSERT INTO `sys_role` VALUES (3, '', 'user', 3, '1', '0', '0', '2024-12-10 15:38:09', NULL, '', 1, NULL);
INSERT INTO `sys_role` VALUES (100, '', 'asset_approval', 3, '1', '0', '0', '2025-01-28 21:24:34', NULL, '', 1, NULL);
INSERT INTO `sys_role` VALUES (101, 'testUser', 'test', 3, '1', '0', '0', NULL, NULL, NULL, NULL, NULL);

-- ----------------------------
-- Table structure for sys_role_menu
-- ----------------------------
DROP TABLE IF EXISTS `sys_role_menu`;
CREATE TABLE `sys_role_menu`  (
  `role_id` bigint NOT NULL COMMENT 'ID',
  `menu_id` bigint NOT NULL COMMENT 'ID',
  PRIMARY KEY (`role_id`, `menu_id`) USING BTREE
) ENGINE = InnoDB CHARACTER SET = utf8mb4 COLLATE = utf8mb4_0900_ai_ci COMMENT = '' ROW_FORMAT = Dynamic;

-- ----------------------------
-- Records of sys_role_menu
-- ----------------------------
INSERT INTO `sys_role_menu` VALUES (1, 1);
INSERT INTO `sys_role_menu` VALUES (1, 2);
INSERT INTO `sys_role_menu` VALUES (1, 100);
INSERT INTO `sys_role_menu` VALUES (1, 101);
INSERT INTO `sys_role_menu` VALUES (1, 102);
INSERT INTO `sys_role_menu` VALUES (1, 103);
INSERT INTO `sys_role_menu` VALUES (1, 200);
INSERT INTO `sys_role_menu` VALUES (1, 201);
INSERT INTO `sys_role_menu` VALUES (1, 202);
INSERT INTO `sys_role_menu` VALUES (1, 1001);
INSERT INTO `sys_role_menu` VALUES (1, 1002);
INSERT INTO `sys_role_menu` VALUES (1, 1003);
INSERT INTO `sys_role_menu` VALUES (1, 1004);
INSERT INTO `sys_role_menu` VALUES (1, 1005);
INSERT INTO `sys_role_menu` VALUES (1, 1006);
INSERT INTO `sys_role_menu` VALUES (1, 1007);
INSERT INTO `sys_role_menu` VALUES (1, 1008);
INSERT INTO `sys_role_menu` VALUES (1, 1009);
INSERT INTO `sys_role_menu` VALUES (1, 1010);
INSERT INTO `sys_role_menu` VALUES (1, 1011);
INSERT INTO `sys_role_menu` VALUES (1, 1012);
INSERT INTO `sys_role_menu` VALUES (1, 1013);
INSERT INTO `sys_role_menu` VALUES (1, 1014);
INSERT INTO `sys_role_menu` VALUES (1, 1015);
INSERT INTO `sys_role_menu` VALUES (1, 1016);
INSERT INTO `sys_role_menu` VALUES (1, 1017);
INSERT INTO `sys_role_menu` VALUES (1, 1018);
INSERT INTO `sys_role_menu` VALUES (1, 1019);
INSERT INTO `sys_role_menu` VALUES (1, 1020);
INSERT INTO `sys_role_menu` VALUES (1, 1021);
INSERT INTO `sys_role_menu` VALUES (1, 2001);
INSERT INTO `sys_role_menu` VALUES (1, 2002);
INSERT INTO `sys_role_menu` VALUES (1, 2003);
INSERT INTO `sys_role_menu` VALUES (1, 2004);
INSERT INTO `sys_role_menu` VALUES (1, 2005);
INSERT INTO `sys_role_menu` VALUES (1, 2006);
INSERT INTO `sys_role_menu` VALUES (2, 1002);
INSERT INTO `sys_role_menu` VALUES (2, 10001);
INSERT INTO `sys_role_menu` VALUES (3, 1001);
INSERT INTO `sys_role_menu` VALUES (3, 1002);

-- ----------------------------
-- Table structure for sys_user
-- ----------------------------
DROP TABLE IF EXISTS `sys_user`;
CREATE TABLE `sys_user`  (
  `id` bigint NOT NULL AUTO_INCREMENT COMMENT 'ID',
  `dept_id` bigint NULL DEFAULT NULL COMMENT 'ID',
  `username` varchar(30) CHARACTER SET utf8mb4 COLLATE utf8mb4_0900_ai_ci NOT NULL COMMENT '',
  `nickname` varchar(30) CHARACTER SET utf8mb4 COLLATE utf8mb4_0900_ai_ci NOT NULL COMMENT '',
  `email` varchar(50) CHARACTER SET utf8mb4 COLLATE utf8mb4_0900_ai_ci NULL DEFAULT NULL COMMENT '',
  `mobile` varchar(11) CHARACTER SET utf8mb4 COLLATE utf8mb4_0900_ai_ci NULL DEFAULT NULL COMMENT '',
  `gender` char(1) CHARACTER SET utf8mb4 COLLATE utf8mb4_0900_ai_ci NULL DEFAULT NULL COMMENT '0 1 2',
  `avatar` varchar(100) CHARACTER SET utf8mb4 COLLATE utf8mb4_0900_ai_ci NULL DEFAULT NULL COMMENT '',
  `password` varchar(100) CHARACTER SET utf8mb4 COLLATE utf8mb4_0900_ai_ci NULL DEFAULT NULL COMMENT '',
  `status` char(1) CHARACTER SET utf8mb4 COLLATE utf8mb4_0900_ai_ci NULL DEFAULT '0' COMMENT '0 1',
  `del_flag` char(1) CHARACTER SET utf8mb4 COLLATE utf8mb4_0900_ai_ci NULL DEFAULT '0' COMMENT '0 1',
  `last_login_time` datetime NULL DEFAULT NULL COMMENT '',
  `create_time` datetime NULL DEFAULT NULL COMMENT '',
  `update_time` datetime NULL DEFAULT NULL COMMENT '',
  `remark` varchar(500) CHARACTER SET utf8mb4 COLLATE utf8mb4_0900_ai_ci NULL DEFAULT NULL COMMENT '',
  `create_by` bigint NULL DEFAULT NULL,
  `update_by` bigint NULL DEFAULT NULL,
  PRIMARY KEY (`id`) USING BTREE,
  UNIQUE INDEX `idx_username`(`username` ASC) USING BTREE
) ENGINE = InnoDB AUTO_INCREMENT = 1885643381857243139 CHARACTER SET = utf8mb4 COLLATE = utf8mb4_0900_ai_ci COMMENT = '' ROW_FORMAT = Dynamic;

-- ----------------------------
-- Records of sys_user
-- ----------------------------
INSERT INTO `sys_user` VALUES (1, 100, 'admin', '', 'admin@example.com', '15888888888', '0', '', '$2a$10$7JB720yubVSZvUI0rEqK/.VqGOZTH.ulu33dHOiBE8ByOhJIrdAu2', '0', '0', NULL, '2024-12-10 15:38:09', NULL, '', 1, NULL);
INSERT INTO `sys_user` VALUES (2, 101, 'user1', '', 'user1@example.com', '15666666666', '0', '', '$2a$10$7JB720yubVSZvUI0rEqK/.VqGOZTH.ulu33dHOiBE8ByOhJIrdAu2', '0', '0', NULL, '2024-12-10 15:38:09', NULL, '', 1, NULL);
INSERT INTO `sys_user` VALUES (3, 103, 'test', '', 'test@example.com', '15556555555', '0', '', '$2a$10$7JB720yubVSZvUI0rEqK/.VqGOZTH.ulu33dHOiBE8ByOhJIrdAu2', '0', '0', NULL, '2024-12-10 15:38:09', NULL, '', 1, NULL);

-- ----------------------------
-- Table structure for sys_user_dept
-- ----------------------------
DROP TABLE IF EXISTS `sys_user_dept`;
CREATE TABLE `sys_user_dept`  (
  `user_id` bigint NOT NULL COMMENT 'ID',
  `dept_id` bigint NOT NULL COMMENT 'ID',
  `post_sort` int NOT NULL DEFAULT 0 COMMENT '()',
  PRIMARY KEY (`user_id`, `dept_id`) USING BTREE,
  INDEX `idx_dept_id`(`dept_id` ASC) USING BTREE
) ENGINE = InnoDB CHARACTER SET = utf8mb4 COLLATE = utf8mb4_0900_ai_ci COMMENT = '' ROW_FORMAT = Dynamic;

-- ----------------------------
-- Records of sys_user_dept
-- ----------------------------

-- ----------------------------
-- Table structure for sys_user_role
-- ----------------------------
DROP TABLE IF EXISTS `sys_user_role`;
CREATE TABLE `sys_user_role`  (
  `user_id` bigint NOT NULL COMMENT 'ID',
  `role_id` bigint NOT NULL COMMENT 'ID',
  PRIMARY KEY (`user_id`, `role_id`) USING BTREE
) ENGINE = InnoDB CHARACTER SET = utf8mb4 COLLATE = utf8mb4_0900_ai_ci COMMENT = '' ROW_FORMAT = Dynamic;

-- ----------------------------
-- Records of sys_user_role
-- ----------------------------
INSERT INTO `sys_user_role` VALUES (1, 1);
INSERT INTO `sys_user_role` VALUES (2, 2);
INSERT INTO `sys_user_role` VALUES (2, 100);
INSERT INTO `sys_user_role` VALUES (3, 3);

SET FOREIGN_KEY_CHECKS = 1;
